dir,arm,streams,step_capped,escalations_refused,probes_refused,components_skipped,rule_skipped,calls_unanswered,bill_compute_max
b1-heldout-b5-rho0.7,sel_change_q0.5_privileged,200,0,0,181,0,0,0,29134237
b1-heldout-b5-rho0.7,sel_change_q128_privileged,200,0,0,0,0,0,0,1160765
b1-heldout-b5-rho0.7,sel_change_q16_privileged,200,0,0,0,0,0,0,3433650
b1-heldout-b5-rho0.7,sel_change_q1_privileged,200,0,0,172,0,0,0,23870506
b1-heldout-b5-rho0.7,sel_change_q2_privileged,200,0,0,80,0,0,1,12563314
b1-heldout-b5-rho0.7,sel_change_q32_privileged,200,0,0,0,0,0,0,1521126
b1-heldout-b5-rho0.7,sel_change_q4_privileged,200,0,0,54,0,0,0,7918799
b1-heldout-b5-rho0.7,sel_change_q64_privileged,200,0,0,0,0,0,0,1160765
b1-heldout-b5-rho0.7,sel_change_q8_privileged,200,0,0,4,0,0,0,5965789
b1-heldout-b5-rho0.7,sel_earliest_l0.25_privileged,200,0,0,0,0,0,0,2053889
b1-heldout-b5-rho0.7,sel_earliest_l0.5_privileged,200,0,0,0,0,0,0,2053889
b1-heldout-b5-rho0.7,sel_earliest_l0_privileged,200,0,0,0,0,0,0,2053889
b1-heldout-b5-rho0.7,sel_earliest_l1_privileged,200,0,0,0,0,0,0,2134102
b1-heldout-b5-rho0.7,sel_earliest_l2_privileged,200,0,0,0,0,0,0,2134126
b1-heldout-b5-rho0.7,sel_earliest_l4_privileged,200,0,0,0,0,0,0,2147099
b1-heldout-b5-rho0.7,sel_earliest_l8_privileged,200,0,0,0,0,0,0,2160625
b1-heldout-b5-rho0.7,sel_rung_z2_privileged,200,0,0,0,0,0,0,2249240
b1-heldout-b5-rho0.7,sel_rung_z3_privileged,200,0,0,0,0,0,0,2053889
b1-tune-b5-rho0.7,sel_change_q0.5_privileged,100,0,0,76,0,0,0,25505017
b1-tune-b5-rho0.7,sel_change_q128_privileged,100,0,0,0,0,0,0,1066973
b1-tune-b5-rho0.7,sel_change_q16_privileged,100,0,0,0,0,0,0,3003339
b1-tune-b5-rho0.7,sel_change_q1_privileged,100,0,0,61,0,0,0,21722380
b1-tune-b5-rho0.7,sel_change_q2_privileged,100,0,0,44,0,0,0,12325110
b1-tune-b5-rho0.7,sel_change_q32_privileged,100,0,0,0,0,0,0,1504981
b1-tune-b5-rho0.7,sel_change_q4_privileged,100,0,0,42,0,0,0,8147588
b1-tune-b5-rho0.7,sel_change_q64_privileged,100,0,0,0,0,0,0,1106612
b1-tune-b5-rho0.7,sel_change_q8_privileged,100,0,0,5,0,0,0,5798738
b1-tune-b5-rho0.7,sel_earliest_l0.25_privileged,100,0,0,0,0,0,0,1962080
b1-tune-b5-rho0.7,sel_earliest_l0.5_privileged,100,0,0,0,0,0,0,1962104
b1-tune-b5-rho0.7,sel_earliest_l0_privileged,100,0,0,0,0,0,0,1962080
b1-tune-b5-rho0.7,sel_earliest_l1_privileged,100,0,0,0,0,0,0,1962504
b1-tune-b5-rho0.7,sel_earliest_l2_privileged,100,0,0,0,0,0,0,1962592
b1-tune-b5-rho0.7,sel_earliest_l4_privileged,100,0,0,0,0,0,0,2065183
b1-tune-b5-rho0.7,sel_earliest_l8_privileged,100,0,0,0,0,0,0,2108210
b1-tune-b5-rho0.7,sel_rung_z2_privileged,100,0,0,0,0,0,0,2176147
b1-tune-b5-rho0.7,sel_rung_z3_privileged,100,0,0,0,0,0,0,1962080
xcheck-r10-heldout-b5-rho0.7,never_escalate,200,0,0,0,0,0,0,2053709
xcheck-r10-heldout-b5-rho0.7,notice_rung_privileged,200,0,0,0,0,0,0,2054009
xcheck-r10-heldout-b5-rho0.7,notice_win_w40_n256_privileged,200,0,0,0,0,0,0,2054009
xcheck-r10-heldout-b5-rho0.7,oracle_escalation_privileged,200,0,0,0,0,0,0,2054009
xcheck-r10-heldout-b5-rho0.7,sel_rung_privileged,200,0,0,0,0,0,0,2053889
xcheck-r10-heldout-b5-rho0.7,sel_win_w40_n256_privileged,200,0,0,0,0,0,0,2053889
xcheck-r6-heldout-b5-rho0.7,ablation_hidden_rules,200,0,0,0,0,0,0,2053709
xcheck-r6-heldout-b5-rho0.7,alw_coc_d00250_n064_d16,200,0,0,0,0,0,0,2058999
xcheck-r6-heldout-b5-rho0.7,alw_coc_d00250_n128_d14,200,0,0,0,0,0,1,2057059
xcheck-r6-heldout-b5-rho0.7,alw_coc_d00250_n256_d14,200,0,0,0,0,0,1,2057059
xcheck-r6-heldout-b5-rho0.7,alw_coc_d00500_n256_d18,200,0,1,0,0,0,0,2055569
xcheck-r6-heldout-b5-rho0.7,alw_coc_d01000_n128_d16,200,0,4,0,0,0,0,2058999
xcheck-r6-heldout-b5-rho0.7,alw_coc_d01000_n256_d16,200,0,16,0,0,0,0,2058999
xcheck-r6-heldout-b5-rho0.7,alw_coc_d02000_n128_d16,200,0,32,0,0,0,0,2058939
xcheck-r6-heldout-b5-rho0.7,alw_coc_d02000_n256_d16,200,0,130,0,0,0,0,2058759
xcheck-r6-heldout-b5-rho0.7,alw_coc_d04000_n256_d16,200,0,554,0,0,0,0,2058529
xcheck-r6-heldout-b5-rho0.7,alw_coc_d08000_n256_d14,200,0,809,0,0,0,1,2056409
xcheck-r6-heldout-b5-rho0.7,alw_coc_d16000_n256_d14,200,0,956,0,0,0,0,2056409
xcheck-r6-heldout-b5-rho0.7,alw_nbh_k0_n064_d20,200,0,0,0,0,0,1,2055569
xcheck-r6-heldout-b5-rho0.7,alw_nbh_k1_n128_d18,200,0,10,0,0,0,0,2055569
xcheck-r6-heldout-b5-rho0.7,alw_nbh_k1_n256_d18,200,0,41,0,0,0,0,2055509
xcheck-r6-heldout-b5-rho0.7,alw_nbh_k2_n256_d16,200,0,736,0,0,0,0,2058599
xcheck-r6-heldout-b5-rho0.7,alw_nbh_k3_n128_d14,200,0,172,0,0,0,0,2056579
xcheck-r6-heldout-b5-rho0.7,alw_nbh_k3_n256_d16,200,0,1103,0,0,0,0,2058539
xcheck-r6-heldout-b5-rho0.7,alw_nbh_k4_n256_d16,200,0,1153,0,0,0,0,2058539
xcheck-r6-heldout-b5-rho0.7,alw_rung_d16,200,0,0,0,0,0,0,2058999
xcheck-r6-heldout-b5-rho0.7,alw_win_w05_n008_d08,200,0,0,0,0,0,0,2057239
xcheck-r6-heldout-b5-rho0.7,alw_win_w05_n016_d08,200,0,0,0,0,0,0,2057239
xcheck-r6-heldout-b5-rho0.7,alw_win_w05_n032_d08,200,0,0,0,0,0,0,2057239
xcheck-r6-heldout-b5-rho0.7,alw_win_w05_n064_d12,200,0,0,0,0,0,0,2061881
xcheck-r6-heldout-b5-rho0.7,alw_win_w10_n064_d12,200,0,0,0,0,0,0,2061881
xcheck-r6-heldout-b5-rho0.7,alw_win_w10_n128_d12,200,0,4,0,0,0,0,2061881
xcheck-r6-heldout-b5-rho0.7,alw_win_w20_n128_d16,200,0,147,0,0,0,0,2058579
xcheck-r6-heldout-b5-rho0.7,alw_win_w20_n256_d18,200,0,811,0,0,0,0,2054849
xcheck-r6-heldout-b5-rho0.7,alw_win_w40_n256_d16,200,0,2001,0,0,0,0,2057299
xcheck-r6-heldout-b5-rho0.7,alw_win_w80_n512_d16,200,0,3244,0,0,0,0,2055939
xcheck-r6-heldout-b5-rho0.7,never_escalate,200,0,0,0,0,0,0,2053709
xcheck-r6-heldout-b5-rho0.7,oracle_escalation_privileged,200,0,0,0,0,0,0,2054009
xcheck-r6-heldout-b5-rho0.7,oracle_selection_context_d16_privileged,200,0,0,0,0,0,0,2053889
xcheck-r6-heldout-b5-rho0.7,sel_coc_d00250_n064_privileged,200,0,0,0,0,0,0,2053889
xcheck-r6-heldout-b5-rho0.7,sel_coc_d00250_n128_privileged,200,0,0,0,0,0,0,2053889
xcheck-r6-heldout-b5-rho0.7,sel_coc_d00250_n256_privileged,200,0,0,0,0,0,0,2053889
xcheck-r6-heldout-b5-rho0.7,sel_coc_d00500_n256_privileged,200,0,0,0,0,0,0,2053889
xcheck-r6-heldout-b5-rho0.7,sel_coc_d01000_n128_privileged,200,0,0,0,0,0,0,2053889
xcheck-r6-heldout-b5-rho0.7,sel_coc_d01000_n256_privileged,200,0,0,0,0,0,0,2053889
xcheck-r6-heldout-b5-rho0.7,sel_coc_d02000_n128_privileged,200,0,0,0,0,0,0,2053889
xcheck-r6-heldout-b5-rho0.7,sel_coc_d02000_n256_privileged,200,0,0,0,0,0,0,2053889
xcheck-r6-heldout-b5-rho0.7,sel_coc_d04000_n256_privileged,200,0,0,0,0,0,0,2053889
xcheck-r6-heldout-b5-rho0.7,sel_coc_d08000_n256_privileged,200,0,0,0,0,0,0,2053889
xcheck-r6-heldout-b5-rho0.7,sel_coc_d16000_n256_privileged,200,0,0,0,0,0,0,2053889
xcheck-r6-heldout-b5-rho0.7,sel_nbh_k0_n064_privileged,200,0,0,0,0,0,0,2053889
xcheck-r6-heldout-b5-rho0.7,sel_nbh_k1_n128_privileged,200,0,0,0,0,0,0,2053889
xcheck-r6-heldout-b5-rho0.7,sel_nbh_k1_n256_privileged,200,0,0,0,0,0,0,2053889
xcheck-r6-heldout-b5-rho0.7,sel_nbh_k2_n256_privileged,200,0,0,0,0,0,0,2053889
xcheck-r6-heldout-b5-rho0.7,sel_nbh_k3_n128_privileged,200,0,0,0,0,0,0,2053889
xcheck-r6-heldout-b5-rho0.7,sel_nbh_k3_n256_privileged,200,0,0,0,0,0,0,2053889
xcheck-r6-heldout-b5-rho0.7,sel_nbh_k4_n256_privileged,200,0,0,0,0,0,0,2053889
xcheck-r6-heldout-b5-rho0.7,sel_rung_privileged,200,0,0,0,0,0,0,2053889
xcheck-r6-heldout-b5-rho0.7,sel_win_w05_n008_privileged,200,0,0,0,0,0,0,2053889
xcheck-r6-heldout-b5-rho0.7,sel_win_w05_n016_privileged,200,0,0,0,0,0,0,2053889
xcheck-r6-heldout-b5-rho0.7,sel_win_w05_n032_privileged,200,0,0,0,0,0,0,2053889
xcheck-r6-heldout-b5-rho0.7,sel_win_w05_n064_privileged,200,0,0,0,0,0,0,2053889
xcheck-r6-heldout-b5-rho0.7,sel_win_w10_n064_privileged,200,0,0,0,0,0,0,2053889
xcheck-r6-heldout-b5-rho0.7,sel_win_w10_n128_privileged,200,0,0,0,0,0,0,2053889
xcheck-r6-heldout-b5-rho0.7,sel_win_w20_n128_privileged,200,0,0,0,0,0,0,2053889
xcheck-r6-heldout-b5-rho0.7,sel_win_w20_n256_privileged,200,0,0,0,0,0,0,2053889
xcheck-r6-heldout-b5-rho0.7,sel_win_w40_n256_privileged,200,0,0,0,0,0,0,2053889
xcheck-r6-heldout-b5-rho0.7,sel_win_w80_n512_privileged,200,0,0,0,0,0,0,2053889
xcheck2-r6-heldout-b5-rho0.7,ablation_hidden_rules,200,0,0,0,0,0,0,2053709
xcheck2-r6-heldout-b5-rho0.7,alw_coc_d00250_n064_d16,200,0,0,0,0,0,0,2058999
xcheck2-r6-heldout-b5-rho0.7,alw_coc_d00250_n128_d14,200,0,0,0,0,0,1,2057059
xcheck2-r6-heldout-b5-rho0.7,alw_coc_d00250_n256_d14,200,0,0,0,0,0,1,2057059
xcheck2-r6-heldout-b5-rho0.7,alw_coc_d00500_n256_d18,200,0,1,0,0,0,0,2055569
xcheck2-r6-heldout-b5-rho0.7,alw_coc_d01000_n128_d16,200,0,4,0,0,0,0,2058999
xcheck2-r6-heldout-b5-rho0.7,alw_coc_d01000_n256_d16,200,0,16,0,0,0,0,2058999
xcheck2-r6-heldout-b5-rho0.7,alw_coc_d02000_n128_d16,200,0,32,0,0,0,0,2058939
xcheck2-r6-heldout-b5-rho0.7,alw_coc_d02000_n256_d16,200,0,130,0,0,0,0,2058759
xcheck2-r6-heldout-b5-rho0.7,alw_coc_d04000_n256_d16,200,0,554,0,0,0,0,2058529
xcheck2-r6-heldout-b5-rho0.7,alw_coc_d08000_n256_d14,200,0,809,0,0,0,1,2056409
xcheck2-r6-heldout-b5-rho0.7,alw_coc_d16000_n256_d14,200,0,956,0,0,0,0,2056409
xcheck2-r6-heldout-b5-rho0.7,alw_nbh_k0_n064_d20,200,0,0,0,0,0,1,2055569
xcheck2-r6-heldout-b5-rho0.7,alw_nbh_k1_n128_d18,200,0,10,0,0,0,0,2055569
xcheck2-r6-heldout-b5-rho0.7,alw_nbh_k1_n256_d18,200,0,41,0,0,0,0,2055509
xcheck2-r6-heldout-b5-rho0.7,alw_nbh_k2_n256_d16,200,0,736,0,0,0,0,2058599
xcheck2-r6-heldout-b5-rho0.7,alw_nbh_k3_n128_d14,200,0,172,0,0,0,0,2056579
xcheck2-r6-heldout-b5-rho0.7,alw_nbh_k3_n256_d16,200,0,1103,0,0,0,0,2058539
xcheck2-r6-heldout-b5-rho0.7,alw_nbh_k4_n256_d16,200,0,1153,0,0,0,0,2058539
xcheck2-r6-heldout-b5-rho0.7,alw_rung_d16,200,0,0,0,0,0,0,2058999
xcheck2-r6-heldout-b5-rho0.7,alw_win_w05_n008_d08,200,0,0,0,0,0,0,2057239
xcheck2-r6-heldout-b5-rho0.7,alw_win_w05_n016_d08,200,0,0,0,0,0,0,2057239
xcheck2-r6-heldout-b5-rho0.7,alw_win_w05_n032_d08,200,0,0,0,0,0,0,2057239
xcheck2-r6-heldout-b5-rho0.7,alw_win_w05_n064_d12,200,0,0,0,0,0,0,2061881
xcheck2-r6-heldout-b5-rho0.7,alw_win_w10_n064_d12,200,0,0,0,0,0,0,2061881
xcheck2-r6-heldout-b5-rho0.7,alw_win_w10_n128_d12,200,0,4,0,0,0,0,2061881
xcheck2-r6-heldout-b5-rho0.7,alw_win_w20_n128_d16,200,0,147,0,0,0,0,2058579
xcheck2-r6-heldout-b5-rho0.7,alw_win_w20_n256_d18,200,0,811,0,0,0,0,2054849
xcheck2-r6-heldout-b5-rho0.7,alw_win_w40_n256_d16,200,0,2001,0,0,0,0,2057299
xcheck2-r6-heldout-b5-rho0.7,alw_win_w80_n512_d16,200,0,3244,0,0,0,0,2055939
xcheck2-r6-heldout-b5-rho0.7,never_escalate,200,0,0,0,0,0,0,2053709
xcheck2-r6-heldout-b5-rho0.7,oracle_escalation_privileged,200,0,0,0,0,0,0,2054009
xcheck2-r6-heldout-b5-rho0.7,oracle_selection_context_d16_privileged,200,0,0,0,0,0,0,2053889
xcheck2-r6-heldout-b5-rho0.7,sel_coc_d00250_n064_privileged,200,0,0,0,0,0,0,2053889
xcheck2-r6-heldout-b5-rho0.7,sel_coc_d00250_n128_privileged,200,0,0,0,0,0,0,2053889
xcheck2-r6-heldout-b5-rho0.7,sel_coc_d00250_n256_privileged,200,0,0,0,0,0,0,2053889
xcheck2-r6-heldout-b5-rho0.7,sel_coc_d00500_n256_privileged,200,0,0,0,0,0,0,2053889
xcheck2-r6-heldout-b5-rho0.7,sel_coc_d01000_n128_privileged,200,0,0,0,0,0,0,2053889
xcheck2-r6-heldout-b5-rho0.7,sel_coc_d01000_n256_privileged,200,0,0,0,0,0,0,2053889
xcheck2-r6-heldout-b5-rho0.7,sel_coc_d02000_n128_privileged,200,0,0,0,0,0,0,2053889
xcheck2-r6-heldout-b5-rho0.7,sel_coc_d02000_n256_privileged,200,0,0,0,0,0,0,2053889
xcheck2-r6-heldout-b5-rho0.7,sel_coc_d04000_n256_privileged,200,0,0,0,0,0,0,2053889
xcheck2-r6-heldout-b5-rho0.7,sel_coc_d08000_n256_privileged,200,0,0,0,0,0,0,2053889
xcheck2-r6-heldout-b5-rho0.7,sel_coc_d16000_n256_privileged,200,0,0,0,0,0,0,2053889
xcheck2-r6-heldout-b5-rho0.7,sel_nbh_k0_n064_privileged,200,0,0,0,0,0,0,2053889
xcheck2-r6-heldout-b5-rho0.7,sel_nbh_k1_n128_privileged,200,0,0,0,0,0,0,2053889
xcheck2-r6-heldout-b5-rho0.7,sel_nbh_k1_n256_privileged,200,0,0,0,0,0,0,2053889
xcheck2-r6-heldout-b5-rho0.7,sel_nbh_k2_n256_privileged,200,0,0,0,0,0,0,2053889
xcheck2-r6-heldout-b5-rho0.7,sel_nbh_k3_n128_privileged,200,0,0,0,0,0,0,2053889
xcheck2-r6-heldout-b5-rho0.7,sel_nbh_k3_n256_privileged,200,0,0,0,0,0,0,2053889
xcheck2-r6-heldout-b5-rho0.7,sel_nbh_k4_n256_privileged,200,0,0,0,0,0,0,2053889
xcheck2-r6-heldout-b5-rho0.7,sel_rung_privileged,200,0,0,0,0,0,0,2053889
xcheck2-r6-heldout-b5-rho0.7,sel_win_w05_n008_privileged,200,0,0,0,0,0,0,2053889
xcheck2-r6-heldout-b5-rho0.7,sel_win_w05_n016_privileged,200,0,0,0,0,0,0,2053889
xcheck2-r6-heldout-b5-rho0.7,sel_win_w05_n032_privileged,200,0,0,0,0,0,0,2053889
xcheck2-r6-heldout-b5-rho0.7,sel_win_w05_n064_privileged,200,0,0,0,0,0,0,2053889
xcheck2-r6-heldout-b5-rho0.7,sel_win_w10_n064_privileged,200,0,0,0,0,0,0,2053889
xcheck2-r6-heldout-b5-rho0.7,sel_win_w10_n128_privileged,200,0,0,0,0,0,0,2053889
xcheck2-r6-heldout-b5-rho0.7,sel_win_w20_n128_privileged,200,0,0,0,0,0,0,2053889
xcheck2-r6-heldout-b5-rho0.7,sel_win_w20_n256_privileged,200,0,0,0,0,0,0,2053889
xcheck2-r6-heldout-b5-rho0.7,sel_win_w40_n256_privileged,200,0,0,0,0,0,0,2053889
xcheck2-r6-heldout-b5-rho0.7,sel_win_w80_n512_privileged,200,0,0,0,0,0,0,2053889
