run_id,arm,compute_ns,class,n,success_mean,success_sd,critical_miss_mean,critical_miss_sd,false_alarm_mean,false_alarm_sd,abstained_mean,abstained_sd,undecided_mean,undecided_sd,stop_terminal,stop_final_declaration,stop_budget_exhausted,stop_horizon,stop_step_cap,modelled_cost_ns_mean,modelled_cost_ns_sd,measured_policy_ns_mean,measured_policy_ns_sd,probes_used_mean
b1-c20000000-s1000-1499.heuristic_only,heuristic_only,20000000,Ambiguous,500,1.0,0.0,0.0,0.0,0.0,0.0,0.0,0.0,0.0,0.0,500,0,0,0,0,40736.082,12712.405685,50623.846,18407.412061,1.976
b1-c20000000-s1000-1499.heuristic_only,heuristic_only,20000000,DelayedConfigChange,500,1.0,0.0,0.0,0.0,0.0,0.0,0.0,0.0,0.0,0.0,500,0,0,0,0,2879.982,1365.901883,4314.16,4035.028044,0.0
b1-c20000000-s1000-1499.heuristic_only,heuristic_only,20000000,NoiseFlood,500,1.0,0.0,0.0,0.0,0.0,0.0,0.0,0.0,0.0,0.0,500,0,0,0,0,38515.0,10811.207953,47957.02,17609.956262,0.172
b1-c20000000-s1000-1499.heuristic_only,heuristic_only,20000000,JointlyDecisive,500,0.616,0.486845,0.0,0.0,0.0,0.0,0.0,0.0,0.0,0.0,500,0,0,0,0,94190.652,12401.914247,101230.354,18734.187563,0.198
b1-c20000000-s1000-1499.heuristic_only,heuristic_only,20000000,NoFault,500,1.0,0.0,0.0,0.0,0.0,0.0,0.0,0.0,0.0,0.0,500,0,0,0,0,62689.19,5683.829595,67886.532,14901.969784,0.0
b1-c20000000-s1000-1499.heuristic_only,heuristic_only,20000000,CriticalFault,500,1.0,0.0,0.0,0.0,0.0,0.0,0.0,0.0,0.0,0.0,500,0,0,0,0,38142.484,12776.04704,44833.448,19401.769436,1.132
b1-c20000000-s1000-1499.heuristic_only,heuristic_only,20000000,QuietUrgent,500,1.0,0.0,0.0,0.0,0.0,0.0,0.0,0.0,0.0,0.0,500,0,0,0,0,37840.476,10789.379037,42865.092,14282.174228,0.0
b1-c20000000-s1000-1499.heuristic_only,heuristic_only,20000000,Duplicates,500,1.0,0.0,0.0,0.0,0.0,0.0,0.0,0.0,0.0,0.0,500,0,0,0,0,38494.542,11398.506317,46126.818,16408.078862,0.172
b1-c20000000-s1000-1499.heuristic_only,heuristic_only,20000000,FeedbackBait,500,1.0,0.0,0.0,0.0,0.0,0.0,0.0,0.0,0.0,0.0,500,0,0,0,0,41371.722,12371.888083,49339.758,15728.320149,1.976
b1-c20000000-s1000-1499.heuristic_only,heuristic_only,20000000,StaleMemory,500,1.0,0.0,0.0,0.0,0.0,0.0,0.0,0.0,0.0,0.0,500,0,0,0,0,40736.082,12712.405685,52267.846,20372.200844,1.976
b1-c20000000-s1000-1499.heuristic_only,heuristic_only,20000000,ComponentTimeout,500,0.878,0.327614,0.0,0.0,0.0,0.0,0.122,0.327614,0.0,0.0,500,0,0,0,0,33410.404,12829.227058,37298.954,17622.904235,0.154
b1-c20000000-s1000-1499.all_components,all_components,20000000,Ambiguous,500,1.0,0.0,0.0,0.0,0.0,0.0,0.0,0.0,0.0,0.0,500,0,0,0,0,529790.15,181038.616952,604628.684,209883.521743,1.976
b1-c20000000-s1000-1499.all_components,all_components,20000000,DelayedConfigChange,500,1.0,0.0,0.0,0.0,0.0,0.0,0.0,0.0,0.0,0.0,500,0,0,0,0,55710.968,26824.161546,67048.188,32102.943715,0.0
b1-c20000000-s1000-1499.all_components,all_components,20000000,NoiseFlood,500,1.0,0.0,0.0,0.0,0.0,0.0,0.0,0.0,0.0,0.0,500,0,0,0,0,514692.922,179384.605862,614423.28,241703.381745,0.172
b1-c20000000-s1000-1499.all_components,all_components,20000000,JointlyDecisive,500,0.616,0.486845,0.0,0.0,0.0,0.0,0.0,0.0,0.0,0.0,500,0,0,0,0,713845.138,148841.796112,770926.794,173664.250393,0.198
b1-c20000000-s1000-1499.all_components,all_components,20000000,NoFault,500,1.0,0.0,0.0,0.0,0.0,0.0,0.0,0.0,0.0,0.0,500,0,0,0,0,875301.946,196777.373086,932046.746,237893.722095,0.0
b1-c20000000-s1000-1499.all_components,all_components,20000000,CriticalFault,500,1.0,0.0,0.0,0.0,0.0,0.0,0.0,0.0,0.0,0.0,500,0,0,0,0,520754.952,180486.77157,563173.848,186806.161974,1.132
b1-c20000000-s1000-1499.all_components,all_components,20000000,QuietUrgent,500,1.0,0.0,0.0,0.0,0.0,0.0,0.0,0.0,0.0,0.0,500,0,0,0,0,512556.946,179156.973546,638483.412,1686688.259009,0.0
b1-c20000000-s1000-1499.all_components,all_components,20000000,Duplicates,500,1.0,0.0,0.0,0.0,0.0,0.0,0.0,0.0,0.0,0.0,500,0,0,0,0,515596.41,180090.883415,580240.518,211964.080092,0.172
b1-c20000000-s1000-1499.all_components,all_components,20000000,FeedbackBait,500,1.0,0.0,0.0,0.0,0.0,0.0,0.0,0.0,0.0,0.0,500,0,0,0,0,530496.44,181345.635322,580209.582,191311.657358,1.976
b1-c20000000-s1000-1499.all_components,all_components,20000000,StaleMemory,500,1.0,0.0,0.0,0.0,0.0,0.0,0.0,0.0,0.0,0.0,500,0,0,0,0,529790.15,181038.616952,621363.74,241028.745788,1.976
b1-c20000000-s1000-1499.all_components,all_components,20000000,ComponentTimeout,500,0.998,0.044721,0.0,0.0,0.0,0.0,0.002,0.044721,0.0,0.0,500,0,0,0,0,443283.434,211682.912249,486408.622,227472.450119,0.172
b1-c20000000-s1000-1499.random_p025,random_p025,20000000,Ambiguous,500,0.996,0.063182,0.0,0.0,0.0,0.0,0.0,0.0,0.0,0.0,500,0,0,0,0,179942.956,66919.467176,231685.55,99799.499945,1.948
b1-c20000000-s1000-1499.random_p025,random_p025,20000000,DelayedConfigChange,500,1.0,0.0,0.0,0.0,0.0,0.0,0.0,0.0,0.0,0.0,500,0,0,0,0,22619.272,16677.35347,30607.082,22885.192576,0.0
b1-c20000000-s1000-1499.random_p025,random_p025,20000000,NoiseFlood,500,0.996,0.063182,0.0,0.0,0.0,0.0,0.0,0.0,0.0,0.0,500,0,0,0,0,172153.308,66674.289578,228905.142,93420.619457,0.068
b1-c20000000-s1000-1499.random_p025,random_p025,20000000,JointlyDecisive,500,0.614,0.487318,0.0,0.0,0.0,0.0,0.0,0.0,0.0,0.0,500,0,0,0,0,235663.918,56785.566344,287603.452,72178.646324,0.086
b1-c20000000-s1000-1499.random_p025,random_p025,20000000,NoFault,500,1.0,0.0,0.0,0.0,0.0,0.0,0.0,0.0,0.0,0.0,500,0,0,0,0,279502.24,75862.194707,332307.29,95343.529835,0.0
b1-c20000000-s1000-1499.random_p025,random_p025,20000000,CriticalFault,500,0.996,0.063182,0.004,0.063182,0.0,0.0,0.0,0.0,0.0,0.0,500,0,0,0,0,175612.504,66893.581784,211839.73,74257.569662,1.064
b1-c20000000-s1000-1499.random_p025,random_p025,20000000,QuietUrgent,500,0.996,0.063182,0.004,0.063182,0.0,0.0,0.0,0.0,0.0,0.0,500,0,0,0,0,171445.184,66456.865215,212607.924,97079.773668,0.0
b1-c20000000-s1000-1499.random_p025,random_p025,20000000,Duplicates,500,0.996,0.063182,0.0,0.0,0.0,0.0,0.0,0.0,0.0,0.0,500,0,0,0,0,172872.168,66864.232483,218465.12,83354.536602,0.068
b1-c20000000-s1000-1499.random_p025,random_p025,20000000,FeedbackBait,500,0.996,0.063182,0.0,0.0,0.0,0.0,0.0,0.0,0.0,0.0,500,0,0,0,0,180101.152,67017.767996,218623.042,79010.839613,1.948
b1-c20000000-s1000-1499.random_p025,random_p025,20000000,StaleMemory,500,0.996,0.063182,0.0,0.0,0.0,0.0,0.0,0.0,0.0,0.0,500,0,0,0,0,179942.956,66919.467176,232921.884,95400.385395,1.948
b1-c20000000-s1000-1499.random_p025,random_p025,20000000,ComponentTimeout,500,0.994,0.077304,0.0,0.0,0.0,0.0,0.002,0.044721,0.0,0.0,500,0,0,0,0,149585.882,75024.07296,184355.092,91092.098426,0.066
b1-c20000000-s1000-1499.random_p050,random_p050,20000000,Ambiguous,500,1.0,0.0,0.0,0.0,0.0,0.0,0.0,0.0,0.0,0.0,500,0,0,0,0,293621.48,105333.595976,360842.198,136160.735269,1.976
b1-c20000000-s1000-1499.random_p050,random_p050,20000000,DelayedConfigChange,500,1.0,0.0,0.0,0.0,0.0,0.0,0.0,0.0,0.0,0.0,500,0,0,0,0,33981.184,19997.183369,44221.79,26990.293095,0.0
b1-c20000000-s1000-1499.random_p050,random_p050,20000000,NoiseFlood,500,1.0,0.0,0.0,0.0,0.0,0.0,0.0,0.0,0.0,0.0,500,0,0,0,0,283577.044,104249.075581,362837.73,148295.451578,0.108
b1-c20000000-s1000-1499.random_p050,random_p050,20000000,JointlyDecisive,500,0.616,0.486845,0.0,0.0,0.0,0.0,0.0,0.0,0.0,0.0,500,0,0,0,0,393655.728,88466.81882,464804.83,121081.446773,0.122
b1-c20000000-s1000-1499.random_p050,random_p050,20000000,NoFault,500,1.0,0.0,0.0,0.0,0.0,0.0,0.0,0.0,0.0,0.0,500,0,0,0,0,476837.628,118636.058951,545287.406,145452.762465,0.0
b1-c20000000-s1000-1499.random_p050,random_p050,20000000,CriticalFault,500,1.0,0.0,0.0,0.0,0.0,0.0,0.0,0.0,0.0,0.0,500,0,0,0,0,287755.102,105164.538056,331052.846,115205.155694,1.102
b1-c20000000-s1000-1499.random_p050,random_p050,20000000,QuietUrgent,500,1.0,0.0,0.0,0.0,0.0,0.0,0.0,0.0,0.0,0.0,500,0,0,0,0,282384.8,104074.480961,327561.616,118079.601236,0.0
b1-c20000000-s1000-1499.random_p050,random_p050,20000000,Duplicates,500,1.0,0.0,0.0,0.0,0.0,0.0,0.0,0.0,0.0,0.0,500,0,0,0,0,284410.618,104779.984854,342246.702,129210.526203,0.108
b1-c20000000-s1000-1499.random_p050,random_p050,20000000,FeedbackBait,500,1.0,0.0,0.0,0.0,0.0,0.0,0.0,0.0,0.0,0.0,500,0,0,0,0,293919.322,105569.440386,342237.494,115464.306192,1.976
b1-c20000000-s1000-1499.random_p050,random_p050,20000000,StaleMemory,500,1.0,0.0,0.0,0.0,0.0,0.0,0.0,0.0,0.0,0.0,500,0,0,0,0,293621.48,105333.595976,365646.184,139720.449258,1.976
b1-c20000000-s1000-1499.random_p050,random_p050,20000000,ComponentTimeout,500,0.998,0.044721,0.0,0.0,0.0,0.0,0.002,0.044721,0.0,0.0,500,0,0,0,0,245611.424,119470.268228,286659.966,133053.865055,0.122
b1-c20000000-s1000-1499.fixed_verifier_only,fixed_verifier_only,20000000,Ambiguous,500,1.0,0.0,0.0,0.0,0.0,0.0,0.0,0.0,0.0,0.0,500,0,0,0,0,418694.062,158157.937248,447196.468,186435.435595,1.976
b1-c20000000-s1000-1499.fixed_verifier_only,fixed_verifier_only,20000000,DelayedConfigChange,500,1.0,0.0,0.0,0.0,0.0,0.0,0.0,0.0,0.0,0.0,500,0,0,0,0,43772.238,23048.216975,49667.234,26032.993651,0.0
b1-c20000000-s1000-1499.fixed_verifier_only,fixed_verifier_only,20000000,NoiseFlood,500,1.0,0.0,0.0,0.0,0.0,0.0,0.0,0.0,0.0,0.0,500,0,0,0,0,410104.73,157631.949143,452021.628,190658.298798,0.172
b1-c20000000-s1000-1499.fixed_verifier_only,fixed_verifier_only,20000000,JointlyDecisive,500,0.616,0.486845,0.0,0.0,0.0,0.0,0.0,0.0,0.0,0.0,500,0,0,0,0,506977.854,141834.393339,525498.146,167087.431894,0.198
b1-c20000000-s1000-1499.fixed_verifier_only,fixed_verifier_only,20000000,NoFault,500,1.0,0.0,0.0,0.0,0.0,0.0,0.0,0.0,0.0,0.0,500,0,0,0,0,704558.914,191765.837823,714668.528,204198.010021,0.0
b1-c20000000-s1000-1499.fixed_verifier_only,fixed_verifier_only,20000000,CriticalFault,500,1.0,0.0,0.0,0.0,0.0,0.0,0.0,0.0,0.0,0.0,500,0,0,0,0,414510.318,157892.759425,420184.182,153164.335297,1.132
b1-c20000000-s1000-1499.fixed_verifier_only,fixed_verifier_only,20000000,QuietUrgent,500,1.0,0.0,0.0,0.0,0.0,0.0,0.0,0.0,0.0,0.0,500,0,0,0,0,409099.96,157506.816789,420147.35,179559.774505,0.0
b1-c20000000-s1000-1499.fixed_verifier_only,fixed_verifier_only,20000000,Duplicates,500,1.0,0.0,0.0,0.0,0.0,0.0,0.0,0.0,0.0,0.0,500,0,0,0,0,410473.862,157784.177008,431003.264,168805.705107,0.172
b1-c20000000-s1000-1499.fixed_verifier_only,fixed_verifier_only,20000000,FeedbackBait,500,1.0,0.0,0.0,0.0,0.0,0.0,0.0,0.0,0.0,0.0,500,0,0,0,0,418725.008,158168.663742,423071.826,152376.172359,1.976
b1-c20000000-s1000-1499.fixed_verifier_only,fixed_verifier_only,20000000,StaleMemory,500,1.0,0.0,0.0,0.0,0.0,0.0,0.0,0.0,0.0,0.0,500,0,0,0,0,418694.062,158157.937248,451239.878,177531.510269,1.976
b1-c20000000-s1000-1499.fixed_verifier_only,fixed_verifier_only,20000000,ComponentTimeout,500,0.862,0.345245,0.0,0.0,0.0,0.0,0.138,0.345245,0.0,0.0,500,0,0,0,0,355560.27,199536.973786,370147.676,216037.641306,0.146
b1-c20000000-s1000-1499.fixed_estimator_only,fixed_estimator_only,20000000,Ambiguous,500,1.0,0.0,0.0,0.0,0.0,0.0,0.0,0.0,0.0,0.0,500,0,0,0,0,97883.482,22989.352977,125749.39,37109.585406,1.976
b1-c20000000-s1000-1499.fixed_estimator_only,fixed_estimator_only,20000000,DelayedConfigChange,500,1.0,0.0,0.0,0.0,0.0,0.0,0.0,0.0,0.0,0.0,500,0,0,0,0,11608.646,4022.278338,17071.292,6702.816137,0.0
b1-c20000000-s1000-1499.fixed_estimator_only,fixed_estimator_only,20000000,NoiseFlood,500,1.0,0.0,0.0,0.0,0.0,0.0,0.0,0.0,0.0,0.0,500,0,0,0,0,88303.572,22087.099845,121118.162,50083.714163,0.172
b1-c20000000-s1000-1499.fixed_estimator_only,fixed_estimator_only,20000000,JointlyDecisive,500,0.616,0.486845,0.0,0.0,0.0,0.0,0.0,0.0,0.0,0.0,500,0,0,0,0,192815.41,22409.715943,220849.108,35398.816391,0.198
b1-c20000000-s1000-1499.fixed_estimator_only,fixed_estimator_only,20000000,NoFault,500,1.0,0.0,0.0,0.0,0.0,0.0,0.0,0.0,0.0,0.0,500,0,0,0,0,146066.662,4773.262179,176993.088,38788.881581,0.0
b1-c20000000-s1000-1499.fixed_estimator_only,fixed_estimator_only,20000000,CriticalFault,500,1.0,0.0,0.0,0.0,0.0,0.0,0.0,0.0,0.0,0.0,500,0,0,0,0,93229.106,23093.05209,114440.33,31616.298069,1.132
b1-c20000000-s1000-1499.fixed_estimator_only,fixed_estimator_only,20000000,QuietUrgent,500,1.0,0.0,0.0,0.0,0.0,0.0,0.0,0.0,0.0,0.0,500,0,0,0,0,87306.218,21949.615645,109470.054,34984.732035,0.0
b1-c20000000-s1000-1499.fixed_estimator_only,fixed_estimator_only,20000000,Duplicates,500,1.0,0.0,0.0,0.0,0.0,0.0,0.0,0.0,0.0,0.0,500,0,0,0,0,88637.462,22235.502418,117514.736,99166.803188,0.172
b1-c20000000-s1000-1499.fixed_estimator_only,fixed_estimator_only,20000000,FeedbackBait,500,1.0,0.0,0.0,0.0,0.0,0.0,0.0,0.0,0.0,0.0,500,0,0,0,0,97912.314,22999.101683,121726.654,42349.392658,1.976
b1-c20000000-s1000-1499.fixed_estimator_only,fixed_estimator_only,20000000,StaleMemory,500,1.0,0.0,0.0,0.0,0.0,0.0,0.0,0.0,0.0,0.0,500,0,0,0,0,97883.482,22989.352977,130197.892,52337.290239,1.976
b1-c20000000-s1000-1499.fixed_estimator_only,fixed_estimator_only,20000000,ComponentTimeout,500,0.876,0.329912,0.0,0.0,0.0,0.0,0.124,0.329912,0.0,0.0,500,0,0,0,0,78409.052,30765.540141,96844.338,42956.1231,0.14
b1-c20000000-s1000-1499.fixed_heuristic_every2,fixed_heuristic_every2,20000000,Ambiguous,500,1.0,0.0,0.0,0.0,0.0,0.0,0.0,0.0,0.0,0.0,500,0,0,0,0,28103.922,7736.573758,35583.092,11680.48964,1.976
b1-c20000000-s1000-1499.fixed_heuristic_every2,fixed_heuristic_every2,20000000,DelayedConfigChange,500,1.0,0.0,0.0,0.0,0.0,0.0,0.0,0.0,0.0,0.0,500,0,0,0,0,2647.56,841.196232,3844.868,2090.323305,0.0
b1-c20000000-s1000-1499.fixed_heuristic_every2,fixed_heuristic_every2,20000000,NoiseFlood,500,1.0,0.0,0.0,0.0,0.0,0.0,0.0,0.0,0.0,0.0,500,0,0,0,0,25314.664,6758.826319,32603.2,13092.634838,0.148
b1-c20000000-s1000-1499.fixed_heuristic_every2,fixed_heuristic_every2,20000000,JointlyDecisive,500,0.616,0.486845,0.0,0.0,0.0,0.0,0.0,0.0,0.0,0.0,500,0,0,0,0,67624.408,10112.899342,75505.114,16288.341367,0.158
b1-c20000000-s1000-1499.fixed_heuristic_every2,fixed_heuristic_every2,20000000,NoFault,500,1.0,0.0,0.0,0.0,0.0,0.0,0.0,0.0,0.0,0.0,500,0,0,0,0,40611.124,2891.133868,43736.528,9375.051168,0.0
b1-c20000000-s1000-1499.fixed_heuristic_every2,fixed_heuristic_every2,20000000,CriticalFault,500,1.0,0.0,0.0,0.0,0.0,0.0,0.0,0.0,0.0,0.0,500,0,0,0,0,25987.922,7909.062817,30893.84,11547.667383,1.116
b1-c20000000-s1000-1499.fixed_heuristic_every2,fixed_heuristic_every2,20000000,QuietUrgent,500,1.0,0.0,0.0,0.0,0.0,0.0,0.0,0.0,0.0,0.0,500,0,0,0,0,24861.86,6683.502642,28735.134,9683.265895,0.0
b1-c20000000-s1000-1499.fixed_heuristic_every2,fixed_heuristic_every2,20000000,Duplicates,500,1.0,0.0,0.0,0.0,0.0,0.0,0.0,0.0,0.0,0.0,500,0,0,0,0,25308.69,7038.473866,30441.374,10268.91487,0.148
b1-c20000000-s1000-1499.fixed_heuristic_every2,fixed_heuristic_every2,20000000,FeedbackBait,500,1.0,0.0,0.0,0.0,0.0,0.0,0.0,0.0,0.0,0.0,500,0,0,0,0,28407.734,7609.265555,34464.612,9989.212655,1.976
b1-c20000000-s1000-1499.fixed_heuristic_every2,fixed_heuristic_every2,20000000,StaleMemory,500,1.0,0.0,0.0,0.0,0.0,0.0,0.0,0.0,0.0,0.0,500,0,0,0,0,28103.922,7736.573758,36555.91,12793.793234,1.976
b1-c20000000-s1000-1499.fixed_heuristic_every2,fixed_heuristic_every2,20000000,ComponentTimeout,500,0.878,0.327614,0.0,0.0,0.0,0.0,0.122,0.327614,0.0,0.0,500,0,0,0,0,23058.21,7186.6639,26846.0,18041.231573,0.128
b1-c20000000-s1000-1499.fixed_heuristic_every4,fixed_heuristic_every4,20000000,Ambiguous,500,1.0,0.0,0.0,0.0,0.0,0.0,0.0,0.0,0.0,0.0,500,0,0,0,0,22029.028,5219.332923,27553.736,8603.269877,1.976
b1-c20000000-s1000-1499.fixed_heuristic_every4,fixed_heuristic_every4,20000000,DelayedConfigChange,500,1.0,0.0,0.0,0.0,0.0,0.0,0.0,0.0,0.0,0.0,500,0,0,0,0,2859.828,757.137086,3996.976,2628.873893,0.0
b1-c20000000-s1000-1499.fixed_heuristic_every4,fixed_heuristic_every4,20000000,NoiseFlood,500,1.0,0.0,0.0,0.0,0.0,0.0,0.0,0.0,0.0,0.0,500,0,0,0,0,18851.132,4763.471142,26948.376,70838.062365,0.092
b1-c20000000-s1000-1499.fixed_heuristic_every4,fixed_heuristic_every4,20000000,JointlyDecisive,500,0.616,0.486845,0.0,0.0,0.0,0.0,0.0,0.0,0.0,0.0,500,0,0,0,0,53459.9,9197.822991,57117.102,13248.419179,0.082
b1-c20000000-s1000-1499.fixed_heuristic_every4,fixed_heuristic_every4,20000000,NoFault,500,1.0,0.0,0.0,0.0,0.0,0.0,0.0,0.0,0.0,0.0,500,0,0,0,0,29536.976,1497.310472,30428.538,6413.222357,0.0
b1-c20000000-s1000-1499.fixed_heuristic_every4,fixed_heuristic_every4,20000000,CriticalFault,500,1.0,0.0,0.0,0.0,0.0,0.0,0.0,0.0,0.0,0.0,500,0,0,0,0,20068.258,5525.07995,23249.482,7885.507025,1.078
b1-c20000000-s1000-1499.fixed_heuristic_every4,fixed_heuristic_every4,20000000,QuietUrgent,500,1.0,0.0,0.0,0.0,0.0,0.0,0.0,0.0,0.0,0.0,500,0,0,0,0,18590.18,4655.164871,21011.342,8141.900696,0.0
b1-c20000000-s1000-1499.fixed_heuristic_every4,fixed_heuristic_every4,20000000,Duplicates,500,1.0,0.0,0.0,0.0,0.0,0.0,0.0,0.0,0.0,0.0,500,0,0,0,0,18883.86,4888.773498,22478.612,8129.726888,0.092
b1-c20000000-s1000-1499.fixed_heuristic_every4,fixed_heuristic_every4,20000000,FeedbackBait,500,1.0,0.0,0.0,0.0,0.0,0.0,0.0,0.0,0.0,0.0,500,0,0,0,0,22185.35,5147.631026,26349.32,6833.010931,1.976
b1-c20000000-s1000-1499.fixed_heuristic_every4,fixed_heuristic_every4,20000000,StaleMemory,500,1.0,0.0,0.0,0.0,0.0,0.0,0.0,0.0,0.0,0.0,500,0,0,0,0,22029.028,5219.332923,31008.888,59154.334497,1.976
b1-c20000000-s1000-1499.fixed_heuristic_every4,fixed_heuristic_every4,20000000,ComponentTimeout,500,0.878,0.327614,0.0,0.0,0.0,0.0,0.122,0.327614,0.0,0.0,500,0,0,0,0,17973.902,4675.033958,18883.418,7029.13229,0.066
b1-c20000000-s1000-1499.oracle_evidence_privileged,oracle_evidence_privileged,20000000,Ambiguous,500,1.0,0.0,0.0,0.0,0.0,0.0,0.0,0.0,0.0,0.0,500,0,0,0,0,0.0,0.0,26866.392,30857.39785,1.0
b1-c20000000-s1000-1499.oracle_evidence_privileged,oracle_evidence_privileged,20000000,DelayedConfigChange,500,1.0,0.0,0.0,0.0,0.0,0.0,0.0,0.0,0.0,0.0,500,0,0,0,0,0.0,0.0,23306.814,9540.790569,1.0
b1-c20000000-s1000-1499.oracle_evidence_privileged,oracle_evidence_privileged,20000000,NoiseFlood,500,1.0,0.0,0.0,0.0,0.0,0.0,0.0,0.0,0.0,0.0,500,0,0,0,0,0.0,0.0,43292.544,28777.237891,2.156
b1-c20000000-s1000-1499.oracle_evidence_privileged,oracle_evidence_privileged,20000000,JointlyDecisive,500,1.0,0.0,0.0,0.0,0.0,0.0,0.0,0.0,0.0,0.0,500,0,0,0,0,0.0,0.0,69029.356,25125.419166,4.464
b1-c20000000-s1000-1499.oracle_evidence_privileged,oracle_evidence_privileged,20000000,NoFault,500,1.0,0.0,0.0,0.0,0.0,0.0,0.0,0.0,0.0,0.0,500,0,0,0,0,0.0,0.0,155093.338,100100.324675,8.126
b1-c20000000-s1000-1499.oracle_evidence_privileged,oracle_evidence_privileged,20000000,CriticalFault,500,1.0,0.0,0.0,0.0,0.0,0.0,0.0,0.0,0.0,0.0,500,0,0,0,0,0.0,0.0,32088.504,22153.421201,1.516
b1-c20000000-s1000-1499.oracle_evidence_privileged,oracle_evidence_privileged,20000000,QuietUrgent,500,1.0,0.0,0.0,0.0,0.0,0.0,0.0,0.0,0.0,0.0,500,0,0,0,0,0.0,0.0,41124.424,27822.833934,2.156
b1-c20000000-s1000-1499.oracle_evidence_privileged,oracle_evidence_privileged,20000000,Duplicates,500,1.0,0.0,0.0,0.0,0.0,0.0,0.0,0.0,0.0,0.0,500,0,0,0,0,0.0,0.0,41335.512,26354.881969,2.156
b1-c20000000-s1000-1499.oracle_evidence_privileged,oracle_evidence_privileged,20000000,FeedbackBait,500,1.0,0.0,0.0,0.0,0.0,0.0,0.0,0.0,0.0,0.0,500,0,0,0,0,0.0,0.0,24526.554,10787.695306,1.0
b1-c20000000-s1000-1499.oracle_evidence_privileged,oracle_evidence_privileged,20000000,StaleMemory,500,1.0,0.0,0.0,0.0,0.0,0.0,0.0,0.0,0.0,0.0,500,0,0,0,0,0.0,0.0,25718.866,10708.223905,1.0
b1-c20000000-s1000-1499.oracle_evidence_privileged,oracle_evidence_privileged,20000000,ComponentTimeout,500,1.0,0.0,0.0,0.0,0.0,0.0,0.0,0.0,0.0,0.0,500,0,0,0,0,0.0,0.0,40849.684,26908.316465,2.156
b1-c20000000-s1000-1499.oracle_immediate_privileged,oracle_immediate_privileged,20000000,Ambiguous,500,1.0,0.0,0.0,0.0,0.0,0.0,0.0,0.0,0.0,0.0,500,0,0,0,0,0.0,0.0,388.94,646.441287,0.0
b1-c20000000-s1000-1499.oracle_immediate_privileged,oracle_immediate_privileged,20000000,DelayedConfigChange,500,1.0,0.0,0.0,0.0,0.0,0.0,0.0,0.0,0.0,0.0,500,0,0,0,0,0.0,0.0,250.93,71.396807,0.0
b1-c20000000-s1000-1499.oracle_immediate_privileged,oracle_immediate_privileged,20000000,NoiseFlood,500,1.0,0.0,0.0,0.0,0.0,0.0,0.0,0.0,0.0,0.0,500,0,0,0,0,0.0,0.0,347.072,107.591145,0.0
b1-c20000000-s1000-1499.oracle_immediate_privileged,oracle_immediate_privileged,20000000,JointlyDecisive,500,1.0,0.0,0.0,0.0,0.0,0.0,0.0,0.0,0.0,0.0,500,0,0,0,0,0.0,0.0,374.87,441.963796,0.0
b1-c20000000-s1000-1499.oracle_immediate_privileged,oracle_immediate_privileged,20000000,NoFault,500,1.0,0.0,0.0,0.0,0.0,0.0,0.0,0.0,0.0,0.0,500,0,0,0,0,0.0,0.0,343.892,581.287821,0.0
b1-c20000000-s1000-1499.oracle_immediate_privileged,oracle_immediate_privileged,20000000,CriticalFault,500,1.0,0.0,0.0,0.0,0.0,0.0,0.0,0.0,0.0,0.0,500,0,0,0,0,0.0,0.0,357.418,896.017662,0.0
b1-c20000000-s1000-1499.oracle_immediate_privileged,oracle_immediate_privileged,20000000,QuietUrgent,500,1.0,0.0,0.0,0.0,0.0,0.0,0.0,0.0,0.0,0.0,500,0,0,0,0,0.0,0.0,333.594,90.050627,0.0
b1-c20000000-s1000-1499.oracle_immediate_privileged,oracle_immediate_privileged,20000000,Duplicates,500,1.0,0.0,0.0,0.0,0.0,0.0,0.0,0.0,0.0,0.0,500,0,0,0,0,0.0,0.0,390.376,643.425607,0.0
b1-c20000000-s1000-1499.oracle_immediate_privileged,oracle_immediate_privileged,20000000,FeedbackBait,500,1.0,0.0,0.0,0.0,0.0,0.0,0.0,0.0,0.0,0.0,500,0,0,0,0,0.0,0.0,336.068,307.166988,0.0
b1-c20000000-s1000-1499.oracle_immediate_privileged,oracle_immediate_privileged,20000000,StaleMemory,500,1.0,0.0,0.0,0.0,0.0,0.0,0.0,0.0,0.0,0.0,500,0,0,0,0,0.0,0.0,348.186,102.612954,0.0
b1-c20000000-s1000-1499.oracle_immediate_privileged,oracle_immediate_privileged,20000000,ComponentTimeout,500,1.0,0.0,0.0,0.0,0.0,0.0,0.0,0.0,0.0,0.0,500,0,0,0,0,0.0,0.0,326.676,90.199573,0.0
b1-c250000-s1000-1499.heuristic_only,heuristic_only,250000,Ambiguous,500,1.0,0.0,0.0,0.0,0.0,0.0,0.0,0.0,0.0,0.0,500,0,0,0,0,40736.082,12712.405685,49740.048,18152.65496,1.976
b1-c250000-s1000-1499.heuristic_only,heuristic_only,250000,DelayedConfigChange,500,1.0,0.0,0.0,0.0,0.0,0.0,0.0,0.0,0.0,0.0,500,0,0,0,0,2879.982,1365.901883,4177.9,3652.265937,0.0
b1-c250000-s1000-1499.heuristic_only,heuristic_only,250000,NoiseFlood,500,1.0,0.0,0.0,0.0,0.0,0.0,0.0,0.0,0.0,0.0,500,0,0,0,0,38515.0,10811.207953,46242.642,15613.033137,0.172
b1-c250000-s1000-1499.heuristic_only,heuristic_only,250000,JointlyDecisive,500,0.616,0.486845,0.0,0.0,0.0,0.0,0.0,0.0,0.0,0.0,500,0,0,0,0,94190.652,12401.914247,105886.018,23557.447079,0.198
b1-c250000-s1000-1499.heuristic_only,heuristic_only,250000,NoFault,500,1.0,0.0,0.0,0.0,0.0,0.0,0.0,0.0,0.0,0.0,500,0,0,0,0,62689.19,5683.829595,68628.722,22996.612115,0.0
b1-c250000-s1000-1499.heuristic_only,heuristic_only,250000,CriticalFault,500,1.0,0.0,0.0,0.0,0.0,0.0,0.0,0.0,0.0,0.0,500,0,0,0,0,38142.484,12776.04704,46580.426,26209.917968,1.132
b1-c250000-s1000-1499.heuristic_only,heuristic_only,250000,QuietUrgent,500,1.0,0.0,0.0,0.0,0.0,0.0,0.0,0.0,0.0,0.0,500,0,0,0,0,37840.476,10789.379037,42496.022,13611.330016,0.0
b1-c250000-s1000-1499.heuristic_only,heuristic_only,250000,Duplicates,500,1.0,0.0,0.0,0.0,0.0,0.0,0.0,0.0,0.0,0.0,500,0,0,0,0,38494.542,11398.506317,46731.182,16928.445149,0.172
b1-c250000-s1000-1499.heuristic_only,heuristic_only,250000,FeedbackBait,500,1.0,0.0,0.0,0.0,0.0,0.0,0.0,0.0,0.0,0.0,500,0,0,0,0,41371.722,12371.888083,51786.442,18287.19939,1.976
b1-c250000-s1000-1499.heuristic_only,heuristic_only,250000,StaleMemory,500,1.0,0.0,0.0,0.0,0.0,0.0,0.0,0.0,0.0,0.0,500,0,0,0,0,40736.082,12712.405685,50283.732,21857.803838,1.976
b1-c250000-s1000-1499.heuristic_only,heuristic_only,250000,ComponentTimeout,500,0.878,0.327614,0.0,0.0,0.0,0.0,0.122,0.327614,0.0,0.0,500,0,0,0,0,33410.404,12829.227058,36640.226,16360.846473,0.154
b1-c250000-s1000-1499.all_components,all_components,250000,Ambiguous,500,0.138,0.345245,0.0,0.0,0.0,0.0,0.0,0.0,0.0,0.0,60,440,0,0,0,315743.572,19583.697397,347266.046,49745.868989,0.24
b1-c250000-s1000-1499.all_components,all_components,250000,DelayedConfigChange,500,1.0,0.0,0.0,0.0,0.0,0.0,0.0,0.0,0.0,0.0,500,0,0,0,0,55710.968,26824.161546,64972.744,30062.911559,0.0
b1-c250000-s1000-1499.all_components,all_components,250000,NoiseFlood,500,0.132,0.33883,0.0,0.0,0.0,0.0,0.0,0.0,0.0,0.0,63,437,0,0,0,313937.798,22428.632059,362029.058,68784.258251,0.028
b1-c250000-s1000-1499.all_components,all_components,250000,JointlyDecisive,500,0.07,0.255403,0.0,0.0,0.0,0.0,0.0,0.0,0.0,0.0,0,500,0,0,0,319493.662,8819.754796,361574.63,55065.855008,0.028
b1-c250000-s1000-1499.all_components,all_components,250000,NoFault,500,1.0,0.0,0.0,0.0,0.0,0.0,0.0,0.0,0.0,0.0,0,500,0,0,0,320196.758,8201.069684,353956.076,55285.160564,0.0
b1-c250000-s1000-1499.all_components,all_components,250000,CriticalFault,500,0.136,0.343132,0.864,0.343132,0.0,0.0,0.0,0.0,0.0,0.0,66,434,0,0,0,314387.656,21959.410601,343925.768,42569.160986,0.116
b1-c250000-s1000-1499.all_components,all_components,250000,QuietUrgent,500,0.134,0.340993,0.866,0.340993,0.0,0.0,0.0,0.0,0.0,0.0,67,433,0,0,0,313748.266,22790.532311,346085.868,107466.497532,0.0
b1-c250000-s1000-1499.all_components,all_components,250000,Duplicates,500,0.126,0.332182,0.0,0.0,0.0,0.0,0.0,0.0,0.0,0.0,62,438,0,0,0,313698.676,22566.215846,367247.366,101962.520865,0.024
b1-c250000-s1000-1499.all_components,all_components,250000,FeedbackBait,500,0.138,0.345245,0.0,0.0,0.0,0.0,0.0,0.0,0.0,0.0,60,440,0,0,0,315809.334,19540.342931,350422.454,50529.584401,0.24
b1-c250000-s1000-1499.all_components,all_components,250000,StaleMemory,500,0.138,0.345245,0.0,0.0,0.0,0.0,0.0,0.0,0.0,0.0,60,440,0,0,0,315743.572,19583.697397,347651.27,45250.104629,0.24
b1-c250000-s1000-1499.all_components,all_components,250000,ComponentTimeout,500,0.184,0.387872,0.0,0.0,0.0,0.0,0.002,0.044721,0.0,0.0,92,408,0,0,0,246672.798,82929.079871,264586.896,85463.115103,0.036
b1-c250000-s1000-1499.random_p025,random_p025,250000,Ambiguous,500,0.988,0.108994,0.0,0.0,0.0,0.0,0.0,0.0,0.0,0.0,494,6,0,0,0,179609.418,65878.525314,221867.67,81763.401358,1.936
b1-c250000-s1000-1499.random_p025,random_p025,250000,DelayedConfigChange,500,1.0,0.0,0.0,0.0,0.0,0.0,0.0,0.0,0.0,0.0,500,0,0,0,0,22619.272,16677.35347,30114.454,21944.032532,0.0
b1-c250000-s1000-1499.random_p025,random_p025,250000,NoiseFlood,500,0.988,0.108994,0.0,0.0,0.0,0.0,0.0,0.0,0.0,0.0,496,4,0,0,0,171901.642,65882.261858,219511.45,87341.067963,0.068
b1-c250000-s1000-1499.random_p025,random_p025,250000,JointlyDecisive,500,0.608,0.488686,0.0,0.0,0.0,0.0,0.0,0.0,0.0,0.0,472,28,0,0,0,234362.308,53597.752049,292464.14,74152.516347,0.086
b1-c250000-s1000-1499.random_p025,random_p025,250000,NoFault,500,1.0,0.0,0.0,0.0,0.0,0.0,0.0,0.0,0.0,0.0,413,87,0,0,0,271722.69,62787.123042,327722.598,82502.24409,0.0
b1-c250000-s1000-1499.random_p025,random_p025,250000,CriticalFault,500,0.988,0.108994,0.012,0.108994,0.0,0.0,0.0,0.0,0.0,0.0,495,5,0,0,0,175389.448,66201.288021,214676.38,78380.576536,1.062
b1-c250000-s1000-1499.random_p025,random_p025,250000,QuietUrgent,500,0.988,0.108994,0.012,0.108994,0.0,0.0,0.0,0.0,0.0,0.0,496,4,0,0,0,171221.032,65737.554288,204712.872,75986.545615,0.0
b1-c250000-s1000-1499.random_p025,random_p025,250000,Duplicates,500,0.988,0.108994,0.0,0.0,0.0,0.0,0.0,0.0,0.0,0.0,496,4,0,0,0,172647.156,66154.495622,227197.404,103870.139371,0.068
b1-c250000-s1000-1499.random_p025,random_p025,250000,FeedbackBait,500,0.988,0.108994,0.0,0.0,0.0,0.0,0.0,0.0,0.0,0.0,494,6,0,0,0,179772.022,65993.031463,226084.35,83802.746247,1.936
b1-c250000-s1000-1499.random_p025,random_p025,250000,StaleMemory,500,0.988,0.108994,0.0,0.0,0.0,0.0,0.0,0.0,0.0,0.0,494,6,0,0,0,179609.418,65878.525314,222281.022,91611.412791,1.936
b1-c250000-s1000-1499.random_p025,random_p025,250000,ComponentTimeout,500,0.926,0.262033,0.0,0.0,0.0,0.0,0.002,0.044721,0.0,0.0,466,34,0,0,0,146071.078,70790.101063,175393.336,81219.062145,0.062
b1-c250000-s1000-1499.random_p050,random_p050,250000,Ambiguous,500,0.702,0.457838,0.0,0.0,0.0,0.0,0.0,0.0,0.0,0.0,337,163,0,0,0,266642.894,67262.440556,317051.77,86665.117241,1.364
b1-c250000-s1000-1499.random_p050,random_p050,250000,DelayedConfigChange,500,1.0,0.0,0.0,0.0,0.0,0.0,0.0,0.0,0.0,0.0,500,0,0,0,0,33981.184,19997.183369,42386.586,24024.123708,0.0
b1-c250000-s1000-1499.random_p050,random_p050,250000,NoiseFlood,500,0.696,0.460443,0.0,0.0,0.0,0.0,0.0,0.0,0.0,0.0,348,152,0,0,0,259995.934,69995.281024,318890.6,99784.551855,0.076
b1-c250000-s1000-1499.random_p050,random_p050,250000,JointlyDecisive,500,0.434,0.496121,0.0,0.0,0.0,0.0,0.0,0.0,0.0,0.0,120,380,0,0,0,316850.35,22359.804951,379303.462,68028.258483,0.082
b1-c250000-s1000-1499.random_p050,random_p050,250000,NoFault,500,1.0,0.0,0.0,0.0,0.0,0.0,0.0,0.0,0.0,0.0,49,451,0,0,0,328220.476,14745.531759,387115.198,85439.274287,0.0
b1-c250000-s1000-1499.random_p050,random_p050,250000,CriticalFault,500,0.7,0.458717,0.3,0.458717,0.0,0.0,0.0,0.0,0.0,0.0,342,158,0,0,0,262661.216,69247.750673,307983.436,84918.422112,0.748
b1-c250000-s1000-1499.random_p050,random_p050,250000,QuietUrgent,500,0.698,0.459585,0.302,0.459585,0.0,0.0,0.0,0.0,0.0,0.0,349,151,0,0,0,259133.984,70036.107474,305874.076,136562.420496,0.0
b1-c250000-s1000-1499.random_p050,random_p050,250000,Duplicates,500,0.69,0.462956,0.0,0.0,0.0,0.0,0.0,0.0,0.0,0.0,345,155,0,0,0,260319.15,69833.207247,326909.446,121938.31487,0.076
b1-c250000-s1000-1499.random_p050,random_p050,250000,FeedbackBait,500,0.7,0.458717,0.0,0.0,0.0,0.0,0.0,0.0,0.0,0.0,338,162,0,0,0,266749.754,67309.224134,325862.82,227600.681369,1.36
b1-c250000-s1000-1499.random_p050,random_p050,250000,StaleMemory,500,0.702,0.457838,0.0,0.0,0.0,0.0,0.0,0.0,0.0,0.0,337,163,0,0,0,266642.894,67262.440556,312988.812,75331.811783,1.364
b1-c250000-s1000-1499.random_p050,random_p050,250000,ComponentTimeout,500,0.622,0.485373,0.0,0.0,0.0,0.0,0.002,0.044721,0.0,0.0,312,188,0,0,0,209898.918,87043.406947,240484.998,100933.338552,0.08
b1-c250000-s1000-1499.fixed_verifier_only,fixed_verifier_only,250000,Ambiguous,500,0.472,0.499715,0.0,0.0,0.0,0.0,0.0,0.0,0.0,0.0,225,275,0,0,0,336396.712,64419.005488,350480.894,90574.380545,0.91
b1-c250000-s1000-1499.fixed_verifier_only,fixed_verifier_only,250000,DelayedConfigChange,500,1.0,0.0,0.0,0.0,0.0,0.0,0.0,0.0,0.0,0.0,500,0,0,0,0,43772.238,23048.216975,48071.038,25585.971127,0.0
b1-c250000-s1000-1499.fixed_verifier_only,fixed_verifier_only,250000,NoiseFlood,500,0.468,0.499475,0.0,0.0,0.0,0.0,0.0,0.0,0.0,0.0,234,266,0,0,0,332225.048,67072.430763,357959.258,116133.082664,0.076
b1-c250000-s1000-1499.fixed_verifier_only,fixed_verifier_only,250000,JointlyDecisive,500,0.296,0.456948,0.0,0.0,0.0,0.0,0.0,0.0,0.0,0.0,79,421,0,0,0,364936.994,24882.343729,383135.932,63274.827727,0.084
b1-c250000-s1000-1499.fixed_verifier_only,fixed_verifier_only,250000,NoFault,500,1.0,0.0,0.0,0.0,0.0,0.0,0.0,0.0,0.0,0.0,0,500,0,0,0,380212.432,3805.085427,394686.46,71494.011061,0.0
b1-c250000-s1000-1499.fixed_verifier_only,fixed_verifier_only,250000,CriticalFault,500,0.472,0.499715,0.528,0.499715,0.0,0.0,0.0,0.0,0.0,0.0,229,271,0,0,0,334525.578,66059.249776,339713.36,68104.054003,0.514
b1-c250000-s1000-1499.fixed_verifier_only,fixed_verifier_only,250000,QuietUrgent,500,0.466,0.499342,0.534,0.499342,0.0,0.0,0.0,0.0,0.0,0.0,233,267,0,0,0,331830.476,67430.137157,338946.53,89333.430101,0.0
b1-c250000-s1000-1499.fixed_verifier_only,fixed_verifier_only,250000,Duplicates,500,0.466,0.499342,0.0,0.0,0.0,0.0,0.0,0.0,0.0,0.0,233,267,0,0,0,332056.364,66792.23036,366280.382,164558.250927,0.076
b1-c250000-s1000-1499.fixed_verifier_only,fixed_verifier_only,250000,FeedbackBait,500,0.472,0.499715,0.0,0.0,0.0,0.0,0.0,0.0,0.0,0.0,225,275,0,0,0,336395.686,64405.15884,346681.484,72173.574942,0.912
b1-c250000-s1000-1499.fixed_verifier_only,fixed_verifier_only,250000,StaleMemory,500,0.472,0.499715,0.0,0.0,0.0,0.0,0.0,0.0,0.0,0.0,225,275,0,0,0,336396.712,64419.005488,408966.962,1302289.454811,0.91
b1-c250000-s1000-1499.fixed_verifier_only,fixed_verifier_only,250000,ComponentTimeout,500,0.34,0.474183,0.0,0.0,0.0,0.0,0.138,0.345245,0.0,0.0,239,261,0,0,0,268389.246,127240.389242,269668.83,128456.503491,0.064
b1-c250000-s1000-1499.fixed_estimator_only,fixed_estimator_only,250000,Ambiguous,500,1.0,0.0,0.0,0.0,0.0,0.0,0.0,0.0,0.0,0.0,500,0,0,0,0,97883.482,22989.352977,122842.908,32189.740705,1.976
b1-c250000-s1000-1499.fixed_estimator_only,fixed_estimator_only,250000,DelayedConfigChange,500,1.0,0.0,0.0,0.0,0.0,0.0,0.0,0.0,0.0,0.0,500,0,0,0,0,11608.646,4022.278338,16328.562,6155.712639,0.0
b1-c250000-s1000-1499.fixed_estimator_only,fixed_estimator_only,250000,NoiseFlood,500,1.0,0.0,0.0,0.0,0.0,0.0,0.0,0.0,0.0,0.0,500,0,0,0,0,88303.572,22087.099845,114575.08,36222.828328,0.172
b1-c250000-s1000-1499.fixed_estimator_only,fixed_estimator_only,250000,JointlyDecisive,500,0.616,0.486845,0.0,0.0,0.0,0.0,0.0,0.0,0.0,0.0,500,0,0,0,0,192815.41,22409.715943,227229.832,42903.373365,0.198
b1-c250000-s1000-1499.fixed_estimator_only,fixed_estimator_only,250000,NoFault,500,1.0,0.0,0.0,0.0,0.0,0.0,0.0,0.0,0.0,0.0,500,0,0,0,0,146066.662,4773.262179,177552.392,33945.630945,0.0
b1-c250000-s1000-1499.fixed_estimator_only,fixed_estimator_only,250000,CriticalFault,500,1.0,0.0,0.0,0.0,0.0,0.0,0.0,0.0,0.0,0.0,500,0,0,0,0,93229.106,23093.05209,115316.31,32671.560251,1.132
b1-c250000-s1000-1499.fixed_estimator_only,fixed_estimator_only,250000,QuietUrgent,500,1.0,0.0,0.0,0.0,0.0,0.0,0.0,0.0,0.0,0.0,500,0,0,0,0,87306.218,21949.615645,106831.394,31435.549373,0.0
b1-c250000-s1000-1499.fixed_estimator_only,fixed_estimator_only,250000,Duplicates,500,1.0,0.0,0.0,0.0,0.0,0.0,0.0,0.0,0.0,0.0,500,0,0,0,0,88637.462,22235.502418,116512.648,37195.272526,0.172
b1-c250000-s1000-1499.fixed_estimator_only,fixed_estimator_only,250000,FeedbackBait,500,1.0,0.0,0.0,0.0,0.0,0.0,0.0,0.0,0.0,0.0,500,0,0,0,0,97912.314,22999.101683,124224.67,35441.135806,1.976
b1-c250000-s1000-1499.fixed_estimator_only,fixed_estimator_only,250000,StaleMemory,500,1.0,0.0,0.0,0.0,0.0,0.0,0.0,0.0,0.0,0.0,500,0,0,0,0,97883.482,22989.352977,122057.852,31700.809694,1.976
b1-c250000-s1000-1499.fixed_estimator_only,fixed_estimator_only,250000,ComponentTimeout,500,0.812,0.391103,0.0,0.0,0.0,0.0,0.124,0.329912,0.0,0.0,487,13,0,0,0,76781.046,30421.769367,91905.364,40510.884162,0.132
b1-c250000-s1000-1499.fixed_heuristic_every2,fixed_heuristic_every2,250000,Ambiguous,500,1.0,0.0,0.0,0.0,0.0,0.0,0.0,0.0,0.0,0.0,500,0,0,0,0,28103.922,7736.573758,35557.56,11458.11406,1.976
b1-c250000-s1000-1499.fixed_heuristic_every2,fixed_heuristic_every2,250000,DelayedConfigChange,500,1.0,0.0,0.0,0.0,0.0,0.0,0.0,0.0,0.0,0.0,500,0,0,0,0,2647.56,841.196232,3704.512,1903.854649,0.0
b1-c250000-s1000-1499.fixed_heuristic_every2,fixed_heuristic_every2,250000,NoiseFlood,500,1.0,0.0,0.0,0.0,0.0,0.0,0.0,0.0,0.0,0.0,500,0,0,0,0,25314.664,6758.826319,30941.316,10565.405572,0.148
b1-c250000-s1000-1499.fixed_heuristic_every2,fixed_heuristic_every2,250000,JointlyDecisive,500,0.616,0.486845,0.0,0.0,0.0,0.0,0.0,0.0,0.0,0.0,500,0,0,0,0,67624.408,10112.899342,78194.822,20192.70484,0.158
b1-c250000-s1000-1499.fixed_heuristic_every2,fixed_heuristic_every2,250000,NoFault,500,1.0,0.0,0.0,0.0,0.0,0.0,0.0,0.0,0.0,0.0,500,0,0,0,0,40611.124,2891.133868,45259.668,26772.568297,0.0
b1-c250000-s1000-1499.fixed_heuristic_every2,fixed_heuristic_every2,250000,CriticalFault,500,1.0,0.0,0.0,0.0,0.0,0.0,0.0,0.0,0.0,0.0,500,0,0,0,0,25987.922,7909.062817,31563.476,11325.16597,1.116
b1-c250000-s1000-1499.fixed_heuristic_every2,fixed_heuristic_every2,250000,QuietUrgent,500,1.0,0.0,0.0,0.0,0.0,0.0,0.0,0.0,0.0,0.0,500,0,0,0,0,24861.86,6683.502642,28349.656,9361.960981,0.0
b1-c250000-s1000-1499.fixed_heuristic_every2,fixed_heuristic_every2,250000,Duplicates,500,1.0,0.0,0.0,0.0,0.0,0.0,0.0,0.0,0.0,0.0,500,0,0,0,0,25308.69,7038.473866,31724.048,12160.577057,0.148
b1-c250000-s1000-1499.fixed_heuristic_every2,fixed_heuristic_every2,250000,FeedbackBait,500,1.0,0.0,0.0,0.0,0.0,0.0,0.0,0.0,0.0,0.0,500,0,0,0,0,28407.734,7609.265555,36083.058,11089.652145,1.976
b1-c250000-s1000-1499.fixed_heuristic_every2,fixed_heuristic_every2,250000,StaleMemory,500,1.0,0.0,0.0,0.0,0.0,0.0,0.0,0.0,0.0,0.0,500,0,0,0,0,28103.922,7736.573758,35408.788,11186.592557,1.976
b1-c250000-s1000-1499.fixed_heuristic_every2,fixed_heuristic_every2,250000,ComponentTimeout,500,0.878,0.327614,0.0,0.0,0.0,0.0,0.122,0.327614,0.0,0.0,500,0,0,0,0,23058.21,7186.6639,25426.916,10161.390922,0.128
b1-c250000-s1000-1499.fixed_heuristic_every4,fixed_heuristic_every4,250000,Ambiguous,500,1.0,0.0,0.0,0.0,0.0,0.0,0.0,0.0,0.0,0.0,500,0,0,0,0,22029.028,5219.332923,27078.682,8432.954954,1.976
b1-c250000-s1000-1499.fixed_heuristic_every4,fixed_heuristic_every4,250000,DelayedConfigChange,500,1.0,0.0,0.0,0.0,0.0,0.0,0.0,0.0,0.0,0.0,500,0,0,0,0,2859.828,757.137086,3750.378,1546.183238,0.0
b1-c250000-s1000-1499.fixed_heuristic_every4,fixed_heuristic_every4,250000,NoiseFlood,500,1.0,0.0,0.0,0.0,0.0,0.0,0.0,0.0,0.0,0.0,500,0,0,0,0,18851.132,4763.471142,22568.434,8178.354392,0.092
b1-c250000-s1000-1499.fixed_heuristic_every4,fixed_heuristic_every4,250000,JointlyDecisive,500,0.616,0.486845,0.0,0.0,0.0,0.0,0.0,0.0,0.0,0.0,500,0,0,0,0,53459.9,9197.822991,58333.404,15817.242245,0.082
b1-c250000-s1000-1499.fixed_heuristic_every4,fixed_heuristic_every4,250000,NoFault,500,1.0,0.0,0.0,0.0,0.0,0.0,0.0,0.0,0.0,0.0,500,0,0,0,0,29536.976,1497.310472,31323.066,28662.542119,0.0
b1-c250000-s1000-1499.fixed_heuristic_every4,fixed_heuristic_every4,250000,CriticalFault,500,1.0,0.0,0.0,0.0,0.0,0.0,0.0,0.0,0.0,0.0,500,0,0,0,0,20068.258,5525.07995,24122.666,10658.146428,1.078
b1-c250000-s1000-1499.fixed_heuristic_every4,fixed_heuristic_every4,250000,QuietUrgent,500,1.0,0.0,0.0,0.0,0.0,0.0,0.0,0.0,0.0,0.0,500,0,0,0,0,18590.18,4655.164871,20766.184,7116.40551,0.0
b1-c250000-s1000-1499.fixed_heuristic_every4,fixed_heuristic_every4,250000,Duplicates,500,1.0,0.0,0.0,0.0,0.0,0.0,0.0,0.0,0.0,0.0,500,0,0,0,0,18883.86,4888.773498,24152.06,22274.720796,0.092
b1-c250000-s1000-1499.fixed_heuristic_every4,fixed_heuristic_every4,250000,FeedbackBait,500,1.0,0.0,0.0,0.0,0.0,0.0,0.0,0.0,0.0,0.0,500,0,0,0,0,22185.35,5147.631026,30147.942,38683.861053,1.976
b1-c250000-s1000-1499.fixed_heuristic_every4,fixed_heuristic_every4,250000,StaleMemory,500,1.0,0.0,0.0,0.0,0.0,0.0,0.0,0.0,0.0,0.0,500,0,0,0,0,22029.028,5219.332923,27287.07,8593.495704,1.976
b1-c250000-s1000-1499.fixed_heuristic_every4,fixed_heuristic_every4,250000,ComponentTimeout,500,0.878,0.327614,0.0,0.0,0.0,0.0,0.122,0.327614,0.0,0.0,500,0,0,0,0,17973.902,4675.033958,18877.21,6916.159736,0.066
b1-c250000-s1000-1499.oracle_evidence_privileged,oracle_evidence_privileged,250000,Ambiguous,500,1.0,0.0,0.0,0.0,0.0,0.0,0.0,0.0,0.0,0.0,500,0,0,0,0,0.0,0.0,24686.17,9537.133913,1.0
b1-c250000-s1000-1499.oracle_evidence_privileged,oracle_evidence_privileged,250000,DelayedConfigChange,500,1.0,0.0,0.0,0.0,0.0,0.0,0.0,0.0,0.0,0.0,500,0,0,0,0,0.0,0.0,22717.082,9518.641696,1.0
b1-c250000-s1000-1499.oracle_evidence_privileged,oracle_evidence_privileged,250000,NoiseFlood,500,1.0,0.0,0.0,0.0,0.0,0.0,0.0,0.0,0.0,0.0,500,0,0,0,0,0.0,0.0,42351.51,28455.051208,2.156
b1-c250000-s1000-1499.oracle_evidence_privileged,oracle_evidence_privileged,250000,JointlyDecisive,500,1.0,0.0,0.0,0.0,0.0,0.0,0.0,0.0,0.0,0.0,500,0,0,0,0,0.0,0.0,69872.732,26609.195237,4.464
b1-c250000-s1000-1499.oracle_evidence_privileged,oracle_evidence_privileged,250000,NoFault,500,1.0,0.0,0.0,0.0,0.0,0.0,0.0,0.0,0.0,0.0,500,0,0,0,0,0.0,0.0,163349.592,131471.975231,8.126
b1-c250000-s1000-1499.oracle_evidence_privileged,oracle_evidence_privileged,250000,CriticalFault,500,1.0,0.0,0.0,0.0,0.0,0.0,0.0,0.0,0.0,0.0,500,0,0,0,0,0.0,0.0,32377.844,23509.539424,1.516
b1-c250000-s1000-1499.oracle_evidence_privileged,oracle_evidence_privileged,250000,QuietUrgent,500,1.0,0.0,0.0,0.0,0.0,0.0,0.0,0.0,0.0,0.0,500,0,0,0,0,0.0,0.0,40217.946,27083.029733,2.156
b1-c250000-s1000-1499.oracle_evidence_privileged,oracle_evidence_privileged,250000,Duplicates,500,1.0,0.0,0.0,0.0,0.0,0.0,0.0,0.0,0.0,0.0,500,0,0,0,0,0.0,0.0,42492.86,28397.196404,2.156
b1-c250000-s1000-1499.oracle_evidence_privileged,oracle_evidence_privileged,250000,FeedbackBait,500,1.0,0.0,0.0,0.0,0.0,0.0,0.0,0.0,0.0,0.0,500,0,0,0,0,0.0,0.0,25440.686,14985.653945,1.0
b1-c250000-s1000-1499.oracle_evidence_privileged,oracle_evidence_privileged,250000,StaleMemory,500,1.0,0.0,0.0,0.0,0.0,0.0,0.0,0.0,0.0,0.0,500,0,0,0,0,0.0,0.0,25362.204,14381.729836,1.0
b1-c250000-s1000-1499.oracle_evidence_privileged,oracle_evidence_privileged,250000,ComponentTimeout,500,1.0,0.0,0.0,0.0,0.0,0.0,0.0,0.0,0.0,0.0,500,0,0,0,0,0.0,0.0,39738.906,25858.003372,2.156
b1-c250000-s1000-1499.oracle_immediate_privileged,oracle_immediate_privileged,250000,Ambiguous,500,1.0,0.0,0.0,0.0,0.0,0.0,0.0,0.0,0.0,0.0,500,0,0,0,0,0.0,0.0,340.81,632.961391,0.0
b1-c250000-s1000-1499.oracle_immediate_privileged,oracle_immediate_privileged,250000,DelayedConfigChange,500,1.0,0.0,0.0,0.0,0.0,0.0,0.0,0.0,0.0,0.0,500,0,0,0,0,0.0,0.0,243.184,150.780475,0.0
b1-c250000-s1000-1499.oracle_immediate_privileged,oracle_immediate_privileged,250000,NoiseFlood,500,1.0,0.0,0.0,0.0,0.0,0.0,0.0,0.0,0.0,0.0,500,0,0,0,0,0.0,0.0,310.748,89.313954,0.0
b1-c250000-s1000-1499.oracle_immediate_privileged,oracle_immediate_privileged,250000,JointlyDecisive,500,1.0,0.0,0.0,0.0,0.0,0.0,0.0,0.0,0.0,0.0,500,0,0,0,0,0.0,0.0,373.66,610.220526,0.0
b1-c250000-s1000-1499.oracle_immediate_privileged,oracle_immediate_privileged,250000,NoFault,500,1.0,0.0,0.0,0.0,0.0,0.0,0.0,0.0,0.0,0.0,500,0,0,0,0,0.0,0.0,329.118,164.500934,0.0
b1-c250000-s1000-1499.oracle_immediate_privileged,oracle_immediate_privileged,250000,CriticalFault,500,1.0,0.0,0.0,0.0,0.0,0.0,0.0,0.0,0.0,0.0,500,0,0,0,0,0.0,0.0,312.668,81.488616,0.0
b1-c250000-s1000-1499.oracle_immediate_privileged,oracle_immediate_privileged,250000,QuietUrgent,500,1.0,0.0,0.0,0.0,0.0,0.0,0.0,0.0,0.0,0.0,500,0,0,0,0,0.0,0.0,296.258,79.352714,0.0
b1-c250000-s1000-1499.oracle_immediate_privileged,oracle_immediate_privileged,250000,Duplicates,500,1.0,0.0,0.0,0.0,0.0,0.0,0.0,0.0,0.0,0.0,500,0,0,0,0,0.0,0.0,370.224,859.642806,0.0
b1-c250000-s1000-1499.oracle_immediate_privileged,oracle_immediate_privileged,250000,FeedbackBait,500,1.0,0.0,0.0,0.0,0.0,0.0,0.0,0.0,0.0,0.0,500,0,0,0,0,0.0,0.0,319.822,88.266734,0.0
b1-c250000-s1000-1499.oracle_immediate_privileged,oracle_immediate_privileged,250000,StaleMemory,500,1.0,0.0,0.0,0.0,0.0,0.0,0.0,0.0,0.0,0.0,500,0,0,0,0,0.0,0.0,322.894,173.321977,0.0
b1-c250000-s1000-1499.oracle_immediate_privileged,oracle_immediate_privileged,250000,ComponentTimeout,500,1.0,0.0,0.0,0.0,0.0,0.0,0.0,0.0,0.0,0.0,500,0,0,0,0,0.0,0.0,299.38,244.237195,0.0
b1-c100000-s1000-1499.heuristic_only,heuristic_only,100000,Ambiguous,500,1.0,0.0,0.0,0.0,0.0,0.0,0.0,0.0,0.0,0.0,500,0,0,0,0,40736.082,12712.405685,52199.85,21247.398291,1.976
b1-c100000-s1000-1499.heuristic_only,heuristic_only,100000,DelayedConfigChange,500,1.0,0.0,0.0,0.0,0.0,0.0,0.0,0.0,0.0,0.0,500,0,0,0,0,2879.982,1365.901883,4096.046,2575.763248,0.0
b1-c100000-s1000-1499.heuristic_only,heuristic_only,100000,NoiseFlood,500,1.0,0.0,0.0,0.0,0.0,0.0,0.0,0.0,0.0,0.0,500,0,0,0,0,38515.0,10811.207953,45895.826,15549.420415,0.172
b1-c100000-s1000-1499.heuristic_only,heuristic_only,100000,JointlyDecisive,500,0.616,0.486845,0.0,0.0,0.0,0.0,0.0,0.0,0.0,0.0,462,38,0,0,0,93996.584,12092.38236,104867.012,35487.238837,0.198
b1-c100000-s1000-1499.heuristic_only,heuristic_only,100000,NoFault,500,1.0,0.0,0.0,0.0,0.0,0.0,0.0,0.0,0.0,0.0,500,0,0,0,0,62689.19,5683.829595,70074.586,26523.423246,0.0
b1-c100000-s1000-1499.heuristic_only,heuristic_only,100000,CriticalFault,500,1.0,0.0,0.0,0.0,0.0,0.0,0.0,0.0,0.0,0.0,500,0,0,0,0,38142.484,12776.04704,46478.454,19012.549961,1.132
b1-c100000-s1000-1499.heuristic_only,heuristic_only,100000,QuietUrgent,500,1.0,0.0,0.0,0.0,0.0,0.0,0.0,0.0,0.0,0.0,500,0,0,0,0,37840.476,10789.379037,43847.766,14846.31305,0.0
b1-c100000-s1000-1499.heuristic_only,heuristic_only,100000,Duplicates,500,1.0,0.0,0.0,0.0,0.0,0.0,0.0,0.0,0.0,0.0,500,0,0,0,0,38494.542,11398.506317,51008.54,95479.045136,0.172
b1-c100000-s1000-1499.heuristic_only,heuristic_only,100000,FeedbackBait,500,1.0,0.0,0.0,0.0,0.0,0.0,0.0,0.0,0.0,0.0,500,0,0,0,0,41371.722,12371.888083,52689.958,23147.145838,1.976
b1-c100000-s1000-1499.heuristic_only,heuristic_only,100000,StaleMemory,500,1.0,0.0,0.0,0.0,0.0,0.0,0.0,0.0,0.0,0.0,500,0,0,0,0,40736.082,12712.405685,50565.78,17987.991251,1.976
b1-c100000-s1000-1499.heuristic_only,heuristic_only,100000,ComponentTimeout,500,0.814,0.389496,0.0,0.0,0.0,0.0,0.122,0.327614,0.0,0.0,477,23,0,0,0,32875.536,12560.087047,36274.792,18856.167618,0.152
b1-c100000-s1000-1499.all_components,all_components,100000,Ambiguous,500,0.0,0.0,0.0,0.0,0.0,0.0,0.0,0.0,0.0,0.0,0,500,0,0,0,130396.31,4791.737227,153653.074,75347.967703,0.0
b1-c100000-s1000-1499.all_components,all_components,100000,DelayedConfigChange,500,1.0,0.0,0.0,0.0,0.0,0.0,0.0,0.0,0.0,0.0,500,0,0,0,0,55710.968,26824.161546,65630.68,29946.715489,0.0
b1-c100000-s1000-1499.all_components,all_components,100000,NoiseFlood,500,0.0,0.0,0.0,0.0,0.0,0.0,0.0,0.0,0.0,0.0,0,500,0,0,0,130599.24,4765.358995,151277.778,32582.434024,0.0
b1-c100000-s1000-1499.all_components,all_components,100000,JointlyDecisive,500,0.0,0.0,0.0,0.0,0.0,0.0,0.0,0.0,0.0,0.0,0,500,0,0,0,130591.694,4892.143286,153634.656,35253.371184,0.0
b1-c100000-s1000-1499.all_components,all_components,100000,NoFault,500,1.0,0.0,0.0,0.0,0.0,0.0,0.0,0.0,0.0,0.0,0,500,0,0,0,130606.198,4847.246955,152751.72,42134.124683,0.0
b1-c100000-s1000-1499.all_components,all_components,100000,CriticalFault,500,0.0,0.0,1.0,0.0,0.0,0.0,0.0,0.0,0.0,0.0,0,500,0,0,0,130559.302,4854.573253,149997.902,46014.518485,0.0
b1-c100000-s1000-1499.all_components,all_components,100000,QuietUrgent,500,0.0,0.0,1.0,0.0,0.0,0.0,0.0,0.0,0.0,0.0,0,500,0,0,0,130616.194,4780.742815,150379.63,28753.08047,0.0
b1-c100000-s1000-1499.all_components,all_components,100000,Duplicates,500,0.0,0.0,0.0,0.0,0.0,0.0,0.0,0.0,0.0,0.0,0,500,0,0,0,130505.412,4673.712065,150685.72,24445.806062,0.0
b1-c100000-s1000-1499.all_components,all_components,100000,FeedbackBait,500,0.0,0.0,0.0,0.0,0.0,0.0,0.0,0.0,0.0,0.0,0,500,0,0,0,130560.872,4722.365957,148719.938,33326.734882,0.0
b1-c100000-s1000-1499.all_components,all_components,100000,StaleMemory,500,0.0,0.0,0.0,0.0,0.0,0.0,0.0,0.0,0.0,0.0,0,500,0,0,0,130396.31,4791.737227,149160.124,28583.212045,0.0
b1-c100000-s1000-1499.all_components,all_components,100000,ComponentTimeout,500,0.0,0.0,0.0,0.0,0.0,0.0,0.002,0.044721,0.0,0.0,0,500,0,0,0,103522.62,32028.537367,115538.26,36145.679046,0.0
b1-c100000-s1000-1499.random_p025,random_p025,100000,Ambiguous,500,0.35,0.477447,0.0,0.0,0.0,0.0,0.0,0.0,0.0,0.0,150,350,0,0,0,132441.106,19517.110808,170121.348,62966.603562,0.642
b1-c100000-s1000-1499.random_p025,random_p025,100000,DelayedConfigChange,500,1.0,0.0,0.0,0.0,0.0,0.0,0.0,0.0,0.0,0.0,500,0,0,0,0,22619.272,16677.35347,29497.964,21250.49695,0.0
b1-c100000-s1000-1499.random_p025,random_p025,100000,NoiseFlood,500,0.352,0.478072,0.0,0.0,0.0,0.0,0.0,0.0,0.0,0.0,176,324,0,0,0,129890.522,21952.861934,166347.464,119736.213018,0.016
b1-c100000-s1000-1499.random_p025,random_p025,100000,JointlyDecisive,500,0.226,0.418658,0.0,0.0,0.0,0.0,0.0,0.0,0.0,0.0,1,499,0,0,0,139688.804,6700.025076,177734.084,69885.39318,0.018
b1-c100000-s1000-1499.random_p025,random_p025,100000,NoFault,500,1.0,0.0,0.0,0.0,0.0,0.0,0.0,0.0,0.0,0.0,2,498,0,0,0,141900.64,5703.514151,181313.85,46724.887371,0.0
b1-c100000-s1000-1499.random_p025,random_p025,100000,CriticalFault,500,0.36,0.480481,0.64,0.480481,0.0,0.0,0.0,0.0,0.0,0.0,169,331,0,0,0,131040.728,21211.172647,167489.704,74716.747243,0.316
b1-c100000-s1000-1499.random_p025,random_p025,100000,QuietUrgent,500,0.358,0.479892,0.642,0.479892,0.0,0.0,0.0,0.0,0.0,0.0,179,321,0,0,0,129768.014,22129.054082,162577.466,40605.075153,0.0
b1-c100000-s1000-1499.random_p025,random_p025,100000,Duplicates,500,0.346,0.47617,0.0,0.0,0.0,0.0,0.0,0.0,0.0,0.0,173,327,0,0,0,129998.602,21814.381963,165543.526,39341.035968,0.014
b1-c100000-s1000-1499.random_p025,random_p025,100000,FeedbackBait,500,0.352,0.478072,0.0,0.0,0.0,0.0,0.0,0.0,0.0,0.0,148,352,0,0,0,132490.308,19592.245975,164562.994,36748.036836,0.646
b1-c100000-s1000-1499.random_p025,random_p025,100000,StaleMemory,500,0.35,0.477447,0.0,0.0,0.0,0.0,0.0,0.0,0.0,0.0,150,350,0,0,0,132441.106,19517.110808,164754.558,34836.973878,0.642
b1-c100000-s1000-1499.random_p025,random_p025,100000,ComponentTimeout,500,0.364,0.48163,0.0,0.0,0.0,0.0,0.002,0.044721,0.0,0.0,183,317,0,0,0,105451.5,37228.125832,128288.62,53634.723576,0.026
b1-c100000-s1000-1499.random_p050,random_p050,100000,Ambiguous,500,0.036,0.186477,0.0,0.0,0.0,0.0,0.0,0.0,0.0,0.0,13,487,0,0,0,134762.338,6241.180702,161815.01,32893.619557,0.062
b1-c100000-s1000-1499.random_p050,random_p050,100000,DelayedConfigChange,500,1.0,0.0,0.0,0.0,0.0,0.0,0.0,0.0,0.0,0.0,500,0,0,0,0,33981.184,19997.183369,42453.69,24041.8878,0.0
b1-c100000-s1000-1499.random_p050,random_p050,100000,NoiseFlood,500,0.034,0.181411,0.0,0.0,0.0,0.0,0.0,0.0,0.0,0.0,17,483,0,0,0,134572.46,6902.51422,160165.034,26806.076634,0.002
b1-c100000-s1000-1499.random_p050,random_p050,100000,JointlyDecisive,500,0.022,0.14683,0.0,0.0,0.0,0.0,0.0,0.0,0.0,0.0,0,500,0,0,0,134841.25,5964.465412,162560.234,27943.849937,0.002
b1-c100000-s1000-1499.random_p050,random_p050,100000,NoFault,500,1.0,0.0,0.0,0.0,0.0,0.0,0.0,0.0,0.0,0.0,0,500,0,0,0,134876.074,5806.939082,168522.936,76951.698204,0.0
b1-c100000-s1000-1499.random_p050,random_p050,100000,CriticalFault,500,0.042,0.20079,0.958,0.20079,0.0,0.0,0.0,0.0,0.0,0.0,17,483,0,0,0,134616.564,6422.950415,163158.028,44901.867012,0.04
b1-c100000-s1000-1499.random_p050,random_p050,100000,QuietUrgent,500,0.036,0.186477,0.964,0.186477,0.0,0.0,0.0,0.0,0.0,0.0,18,482,0,0,0,134430.244,6891.036965,164070.058,42101.907138,0.0
b1-c100000-s1000-1499.random_p050,random_p050,100000,Duplicates,500,0.032,0.176176,0.0,0.0,0.0,0.0,0.0,0.0,0.0,0.0,15,485,0,0,0,134366.45,6756.403558,161921.062,27635.833572,0.004
b1-c100000-s1000-1499.random_p050,random_p050,100000,FeedbackBait,500,0.038,0.191388,0.0,0.0,0.0,0.0,0.0,0.0,0.0,0.0,13,487,0,0,0,134707.142,6152.036906,160637.462,33907.788738,0.06
b1-c100000-s1000-1499.random_p050,random_p050,100000,StaleMemory,500,0.036,0.186477,0.0,0.0,0.0,0.0,0.0,0.0,0.0,0.0,13,487,0,0,0,134762.338,6241.180702,159120.762,28525.836717,0.062
b1-c100000-s1000-1499.random_p050,random_p050,100000,ComponentTimeout,500,0.078,0.26844,0.0,0.0,0.0,0.0,0.002,0.044721,0.0,0.0,37,463,0,0,0,107810.67,32605.052146,126140.152,39338.059513,0.016
b1-c100000-s1000-1499.fixed_verifier_only,fixed_verifier_only,100000,Ambiguous,500,0.004,0.063182,0.0,0.0,0.0,0.0,0.0,0.0,0.0,0.0,1,499,0,0,0,155303.962,4112.250261,170601.562,100241.249784,0.008
b1-c100000-s1000-1499.fixed_verifier_only,fixed_verifier_only,100000,DelayedConfigChange,500,1.0,0.0,0.0,0.0,0.0,0.0,0.0,0.0,0.0,0.0,500,0,0,0,0,43772.238,23048.216975,47420.164,24194.624149,0.0
b1-c100000-s1000-1499.fixed_verifier_only,fixed_verifier_only,100000,NoiseFlood,500,0.004,0.063182,0.0,0.0,0.0,0.0,0.0,0.0,0.0,0.0,2,498,0,0,0,154956.372,4046.197491,164567.314,24153.687625,0.0
b1-c100000-s1000-1499.fixed_verifier_only,fixed_verifier_only,100000,JointlyDecisive,500,0.004,0.063182,0.0,0.0,0.0,0.0,0.0,0.0,0.0,0.0,0,500,0,0,0,155243.418,4087.190038,165519.158,29068.138175,0.0
b1-c100000-s1000-1499.fixed_verifier_only,fixed_verifier_only,100000,NoFault,500,1.0,0.0,0.0,0.0,0.0,0.0,0.0,0.0,0.0,0.0,0,500,0,0,0,155253.994,4073.494336,166354.184,29517.029856,0.0
b1-c100000-s1000-1499.fixed_verifier_only,fixed_verifier_only,100000,CriticalFault,500,0.004,0.063182,0.996,0.063182,0.0,0.0,0.0,0.0,0.0,0.0,1,499,0,0,0,155230.976,4081.396947,166258.458,37600.649998,0.008
b1-c100000-s1000-1499.fixed_verifier_only,fixed_verifier_only,100000,QuietUrgent,500,0.004,0.063182,0.996,0.063182,0.0,0.0,0.0,0.0,0.0,0.0,2,498,0,0,0,155028.454,4087.352862,167061.698,40468.50188,0.0
b1-c100000-s1000-1499.fixed_verifier_only,fixed_verifier_only,100000,Duplicates,500,0.004,0.063182,0.0,0.0,0.0,0.0,0.0,0.0,0.0,0.0,2,498,0,0,0,154935.394,4059.081564,168050.814,26902.467045,0.0
b1-c100000-s1000-1499.fixed_verifier_only,fixed_verifier_only,100000,FeedbackBait,500,0.004,0.063182,0.0,0.0,0.0,0.0,0.0,0.0,0.0,0.0,1,499,0,0,0,155300.052,4115.695244,165301.152,28721.958406,0.008
b1-c100000-s1000-1499.fixed_verifier_only,fixed_verifier_only,100000,StaleMemory,500,0.004,0.063182,0.0,0.0,0.0,0.0,0.0,0.0,0.0,0.0,1,499,0,0,0,155303.962,4112.250261,165827.804,30695.026854,0.008
b1-c100000-s1000-1499.fixed_verifier_only,fixed_verifier_only,100000,ComponentTimeout,500,0.004,0.063182,0.0,0.0,0.0,0.0,0.138,0.345245,0.0,0.0,59,441,0,0,0,125639.15,51109.341979,129050.166,58057.36191,0.0
b1-c100000-s1000-1499.fixed_estimator_only,fixed_estimator_only,100000,Ambiguous,500,0.644,0.479295,0.0,0.0,0.0,0.0,0.0,0.0,0.0,0.0,286,214,0,0,0,87241.098,12488.46001,114239.482,44868.619538,1.202
b1-c100000-s1000-1499.fixed_estimator_only,fixed_estimator_only,100000,DelayedConfigChange,500,1.0,0.0,0.0,0.0,0.0,0.0,0.0,0.0,0.0,0.0,500,0,0,0,0,11608.646,4022.278338,16484.596,6675.853997,0.0
b1-c100000-s1000-1499.fixed_estimator_only,fixed_estimator_only,100000,NoiseFlood,500,0.64,0.480481,0.0,0.0,0.0,0.0,0.0,0.0,0.0,0.0,318,182,0,0,0,81729.906,14930.693415,103654.14,26052.024853,0.108
b1-c100000-s1000-1499.fixed_estimator_only,fixed_estimator_only,100000,JointlyDecisive,500,0.39,0.488238,0.0,0.0,0.0,0.0,0.0,0.0,0.0,0.0,0,500,0,0,0,103604.824,9742.421113,128768.35,30395.976896,0.112
b1-c100000-s1000-1499.fixed_estimator_only,fixed_estimator_only,100000,NoFault,500,1.0,0.0,0.0,0.0,0.0,0.0,0.0,0.0,0.0,0.0,0,500,0,0,0,97265.97,6605.508964,121106.06,25644.265247,0.0
b1-c100000-s1000-1499.fixed_estimator_only,fixed_estimator_only,100000,CriticalFault,500,0.642,0.479892,0.358,0.479892,0.0,0.0,0.0,0.0,0.0,0.0,297,203,0,0,0,84673.978,14257.342158,106036.484,25720.880068,0.704
b1-c100000-s1000-1499.fixed_estimator_only,fixed_estimator_only,100000,QuietUrgent,500,0.65,0.477447,0.35,0.477447,0.0,0.0,0.0,0.0,0.0,0.0,325,175,0,0,0,81164.686,15205.606128,102975.184,29688.805777,0.0
b1-c100000-s1000-1499.fixed_estimator_only,fixed_estimator_only,100000,Duplicates,500,0.638,0.48106,0.0,0.0,0.0,0.0,0.0,0.0,0.0,0.0,318,182,0,0,0,81865.756,14888.410893,105543.966,26696.357079,0.106
b1-c100000-s1000-1499.fixed_estimator_only,fixed_estimator_only,100000,FeedbackBait,500,0.644,0.479295,0.0,0.0,0.0,0.0,0.0,0.0,0.0,0.0,287,213,0,0,0,87260.976,12491.047755,111231.546,31386.821683,1.204
b1-c100000-s1000-1499.fixed_estimator_only,fixed_estimator_only,100000,StaleMemory,500,0.644,0.479295,0.0,0.0,0.0,0.0,0.0,0.0,0.0,0.0,286,214,0,0,0,87241.098,12488.46001,109805.836,22860.847954,1.202
b1-c100000-s1000-1499.fixed_estimator_only,fixed_estimator_only,100000,ComponentTimeout,500,0.502,0.500497,0.0,0.0,0.0,0.0,0.124,0.329912,0.0,0.0,324,176,0,0,0,68631.666,27073.366367,82040.584,36005.505307,0.078
b1-c100000-s1000-1499.fixed_heuristic_every2,fixed_heuristic_every2,100000,Ambiguous,500,1.0,0.0,0.0,0.0,0.0,0.0,0.0,0.0,0.0,0.0,500,0,0,0,0,28103.922,7736.573758,36717.714,13416.878778,1.976
b1-c100000-s1000-1499.fixed_heuristic_every2,fixed_heuristic_every2,100000,DelayedConfigChange,500,1.0,0.0,0.0,0.0,0.0,0.0,0.0,0.0,0.0,0.0,500,0,0,0,0,2647.56,841.196232,3808.01,2533.268133,0.0
b1-c100000-s1000-1499.fixed_heuristic_every2,fixed_heuristic_every2,100000,NoiseFlood,500,1.0,0.0,0.0,0.0,0.0,0.0,0.0,0.0,0.0,0.0,500,0,0,0,0,25314.664,6758.826319,30351.18,10170.48725,0.148
b1-c100000-s1000-1499.fixed_heuristic_every2,fixed_heuristic_every2,100000,JointlyDecisive,500,0.616,0.486845,0.0,0.0,0.0,0.0,0.0,0.0,0.0,0.0,500,0,0,0,0,67624.408,10112.899342,77060.218,17419.921813,0.158
b1-c100000-s1000-1499.fixed_heuristic_every2,fixed_heuristic_every2,100000,NoFault,500,1.0,0.0,0.0,0.0,0.0,0.0,0.0,0.0,0.0,0.0,500,0,0,0,0,40611.124,2891.133868,46675.92,20809.560324,0.0
b1-c100000-s1000-1499.fixed_heuristic_every2,fixed_heuristic_every2,100000,CriticalFault,500,1.0,0.0,0.0,0.0,0.0,0.0,0.0,0.0,0.0,0.0,500,0,0,0,0,25987.922,7909.062817,32431.492,13142.449113,1.116
b1-c100000-s1000-1499.fixed_heuristic_every2,fixed_heuristic_every2,100000,QuietUrgent,500,1.0,0.0,0.0,0.0,0.0,0.0,0.0,0.0,0.0,0.0,500,0,0,0,0,24861.86,6683.502642,29448.938,10895.524833,0.0
b1-c100000-s1000-1499.fixed_heuristic_every2,fixed_heuristic_every2,100000,Duplicates,500,1.0,0.0,0.0,0.0,0.0,0.0,0.0,0.0,0.0,0.0,500,0,0,0,0,25308.69,7038.473866,31432.1,11414.489551,0.148
b1-c100000-s1000-1499.fixed_heuristic_every2,fixed_heuristic_every2,100000,FeedbackBait,500,1.0,0.0,0.0,0.0,0.0,0.0,0.0,0.0,0.0,0.0,500,0,0,0,0,28407.734,7609.265555,36583.058,12395.647545,1.976
b1-c100000-s1000-1499.fixed_heuristic_every2,fixed_heuristic_every2,100000,StaleMemory,500,1.0,0.0,0.0,0.0,0.0,0.0,0.0,0.0,0.0,0.0,500,0,0,0,0,28103.922,7736.573758,36677.268,13048.869972,1.976
b1-c100000-s1000-1499.fixed_heuristic_every2,fixed_heuristic_every2,100000,ComponentTimeout,500,0.868,0.33883,0.0,0.0,0.0,0.0,0.122,0.327614,0.0,0.0,498,2,0,0,0,23068.51,7199.644306,25609.73,10935.260932,0.124
b1-c100000-s1000-1499.fixed_heuristic_every4,fixed_heuristic_every4,100000,Ambiguous,500,1.0,0.0,0.0,0.0,0.0,0.0,0.0,0.0,0.0,0.0,500,0,0,0,0,22029.028,5219.332923,28645.566,10075.011197,1.976
b1-c100000-s1000-1499.fixed_heuristic_every4,fixed_heuristic_every4,100000,DelayedConfigChange,500,1.0,0.0,0.0,0.0,0.0,0.0,0.0,0.0,0.0,0.0,500,0,0,0,0,2859.828,757.137086,3820.77,1810.439241,0.0
b1-c100000-s1000-1499.fixed_heuristic_every4,fixed_heuristic_every4,100000,NoiseFlood,500,1.0,0.0,0.0,0.0,0.0,0.0,0.0,0.0,0.0,0.0,500,0,0,0,0,18851.132,4763.471142,22644.736,9697.028417,0.092
b1-c100000-s1000-1499.fixed_heuristic_every4,fixed_heuristic_every4,100000,JointlyDecisive,500,0.616,0.486845,0.0,0.0,0.0,0.0,0.0,0.0,0.0,0.0,500,0,0,0,0,53459.9,9197.822991,61097.406,37776.553349,0.082
b1-c100000-s1000-1499.fixed_heuristic_every4,fixed_heuristic_every4,100000,NoFault,500,1.0,0.0,0.0,0.0,0.0,0.0,0.0,0.0,0.0,0.0,500,0,0,0,0,29536.976,1497.310472,31510.34,7545.186152,0.0
b1-c100000-s1000-1499.fixed_heuristic_every4,fixed_heuristic_every4,100000,CriticalFault,500,1.0,0.0,0.0,0.0,0.0,0.0,0.0,0.0,0.0,0.0,500,0,0,0,0,20068.258,5525.07995,24273.34,8741.719614,1.078
b1-c100000-s1000-1499.fixed_heuristic_every4,fixed_heuristic_every4,100000,QuietUrgent,500,1.0,0.0,0.0,0.0,0.0,0.0,0.0,0.0,0.0,0.0,500,0,0,0,0,18590.18,4655.164871,21301.712,7573.161717,0.0
b1-c100000-s1000-1499.fixed_heuristic_every4,fixed_heuristic_every4,100000,Duplicates,500,1.0,0.0,0.0,0.0,0.0,0.0,0.0,0.0,0.0,0.0,500,0,0,0,0,18883.86,4888.773498,22475.868,6957.340551,0.092
b1-c100000-s1000-1499.fixed_heuristic_every4,fixed_heuristic_every4,100000,FeedbackBait,500,1.0,0.0,0.0,0.0,0.0,0.0,0.0,0.0,0.0,0.0,500,0,0,0,0,22185.35,5147.631026,28585.038,9362.59915,1.976
b1-c100000-s1000-1499.fixed_heuristic_every4,fixed_heuristic_every4,100000,StaleMemory,500,1.0,0.0,0.0,0.0,0.0,0.0,0.0,0.0,0.0,0.0,500,0,0,0,0,22029.028,5219.332923,27724.014,8630.94155,1.976
b1-c100000-s1000-1499.fixed_heuristic_every4,fixed_heuristic_every4,100000,ComponentTimeout,500,0.878,0.327614,0.0,0.0,0.0,0.0,0.122,0.327614,0.0,0.0,500,0,0,0,0,17973.902,4675.033958,19028.712,7219.789619,0.066
b1-c100000-s1000-1499.oracle_evidence_privileged,oracle_evidence_privileged,100000,Ambiguous,500,1.0,0.0,0.0,0.0,0.0,0.0,0.0,0.0,0.0,0.0,500,0,0,0,0,0.0,0.0,25115.348,10534.492256,1.0
b1-c100000-s1000-1499.oracle_evidence_privileged,oracle_evidence_privileged,100000,DelayedConfigChange,500,1.0,0.0,0.0,0.0,0.0,0.0,0.0,0.0,0.0,0.0,500,0,0,0,0,0.0,0.0,22724.418,9079.788178,1.0
b1-c100000-s1000-1499.oracle_evidence_privileged,oracle_evidence_privileged,100000,NoiseFlood,500,1.0,0.0,0.0,0.0,0.0,0.0,0.0,0.0,0.0,0.0,500,0,0,0,0,0.0,0.0,40663.826,26728.871834,2.156
b1-c100000-s1000-1499.oracle_evidence_privileged,oracle_evidence_privileged,100000,JointlyDecisive,500,1.0,0.0,0.0,0.0,0.0,0.0,0.0,0.0,0.0,0.0,500,0,0,0,0,0.0,0.0,71250.89,39491.189403,4.464
b1-c100000-s1000-1499.oracle_evidence_privileged,oracle_evidence_privileged,100000,NoFault,500,1.0,0.0,0.0,0.0,0.0,0.0,0.0,0.0,0.0,0.0,500,0,0,0,0,0.0,0.0,163223.714,122692.471182,8.126
b1-c100000-s1000-1499.oracle_evidence_privileged,oracle_evidence_privileged,100000,CriticalFault,500,1.0,0.0,0.0,0.0,0.0,0.0,0.0,0.0,0.0,0.0,500,0,0,0,0,0.0,0.0,32607.982,22354.482664,1.516
b1-c100000-s1000-1499.oracle_evidence_privileged,oracle_evidence_privileged,100000,QuietUrgent,500,1.0,0.0,0.0,0.0,0.0,0.0,0.0,0.0,0.0,0.0,500,0,0,0,0,0.0,0.0,42138.738,29969.907373,2.156
b1-c100000-s1000-1499.oracle_evidence_privileged,oracle_evidence_privileged,100000,Duplicates,500,1.0,0.0,0.0,0.0,0.0,0.0,0.0,0.0,0.0,0.0,500,0,0,0,0,0.0,0.0,42255.404,30165.42232,2.156
b1-c100000-s1000-1499.oracle_evidence_privileged,oracle_evidence_privileged,100000,FeedbackBait,500,1.0,0.0,0.0,0.0,0.0,0.0,0.0,0.0,0.0,0.0,500,0,0,0,0,0.0,0.0,25457.06,16610.677027,1.0
b1-c100000-s1000-1499.oracle_evidence_privileged,oracle_evidence_privileged,100000,StaleMemory,500,1.0,0.0,0.0,0.0,0.0,0.0,0.0,0.0,0.0,0.0,500,0,0,0,0,0.0,0.0,25205.17,10847.885386,1.0
b1-c100000-s1000-1499.oracle_evidence_privileged,oracle_evidence_privileged,100000,ComponentTimeout,500,1.0,0.0,0.0,0.0,0.0,0.0,0.0,0.0,0.0,0.0,500,0,0,0,0,0.0,0.0,39903.204,26540.592103,2.156
b1-c100000-s1000-1499.oracle_immediate_privileged,oracle_immediate_privileged,100000,Ambiguous,500,1.0,0.0,0.0,0.0,0.0,0.0,0.0,0.0,0.0,0.0,500,0,0,0,0,0.0,0.0,318.232,95.434573,0.0
b1-c100000-s1000-1499.oracle_immediate_privileged,oracle_immediate_privileged,100000,DelayedConfigChange,500,1.0,0.0,0.0,0.0,0.0,0.0,0.0,0.0,0.0,0.0,500,0,0,0,0,0.0,0.0,247.35,62.11028,0.0
b1-c100000-s1000-1499.oracle_immediate_privileged,oracle_immediate_privileged,100000,NoiseFlood,500,1.0,0.0,0.0,0.0,0.0,0.0,0.0,0.0,0.0,0.0,500,0,0,0,0,0.0,0.0,304.492,83.104432,0.0
b1-c100000-s1000-1499.oracle_immediate_privileged,oracle_immediate_privileged,100000,JointlyDecisive,500,1.0,0.0,0.0,0.0,0.0,0.0,0.0,0.0,0.0,0.0,500,0,0,0,0,0.0,0.0,361.732,615.634355,0.0
b1-c100000-s1000-1499.oracle_immediate_privileged,oracle_immediate_privileged,100000,NoFault,500,1.0,0.0,0.0,0.0,0.0,0.0,0.0,0.0,0.0,0.0,500,0,0,0,0,0.0,0.0,312.456,97.873523,0.0
b1-c100000-s1000-1499.oracle_immediate_privileged,oracle_immediate_privileged,100000,CriticalFault,500,1.0,0.0,0.0,0.0,0.0,0.0,0.0,0.0,0.0,0.0,500,0,0,0,0,0.0,0.0,311.246,95.23605,0.0
b1-c100000-s1000-1499.oracle_immediate_privileged,oracle_immediate_privileged,100000,QuietUrgent,500,1.0,0.0,0.0,0.0,0.0,0.0,0.0,0.0,0.0,0.0,500,0,0,0,0,0.0,0.0,311.0,94.533513,0.0
b1-c100000-s1000-1499.oracle_immediate_privileged,oracle_immediate_privileged,100000,Duplicates,500,1.0,0.0,0.0,0.0,0.0,0.0,0.0,0.0,0.0,0.0,500,0,0,0,0,0.0,0.0,393.804,1138.381274,0.0
b1-c100000-s1000-1499.oracle_immediate_privileged,oracle_immediate_privileged,100000,FeedbackBait,500,1.0,0.0,0.0,0.0,0.0,0.0,0.0,0.0,0.0,0.0,500,0,0,0,0,0.0,0.0,341.382,392.984332,0.0
b1-c100000-s1000-1499.oracle_immediate_privileged,oracle_immediate_privileged,100000,StaleMemory,500,1.0,0.0,0.0,0.0,0.0,0.0,0.0,0.0,0.0,0.0,500,0,0,0,0,0.0,0.0,313.318,93.518342,0.0
b1-c100000-s1000-1499.oracle_immediate_privileged,oracle_immediate_privileged,100000,ComponentTimeout,500,1.0,0.0,0.0,0.0,0.0,0.0,0.0,0.0,0.0,0.0,500,0,0,0,0,0.0,0.0,284.84,75.202561,0.0
b1-c60000-s1000-1499.heuristic_only,heuristic_only,60000,Ambiguous,500,1.0,0.0,0.0,0.0,0.0,0.0,0.0,0.0,0.0,0.0,493,7,0,0,0,40720.226,12681.333807,48711.432,15738.426945,1.976
b1-c60000-s1000-1499.heuristic_only,heuristic_only,60000,DelayedConfigChange,500,1.0,0.0,0.0,0.0,0.0,0.0,0.0,0.0,0.0,0.0,500,0,0,0,0,2879.982,1365.901883,4013.64,2181.3076,0.0
b1-c60000-s1000-1499.heuristic_only,heuristic_only,60000,NoiseFlood,500,1.0,0.0,0.0,0.0,0.0,0.0,0.0,0.0,0.0,0.0,500,0,0,0,0,38515.0,10811.207953,45095.854,15244.922167,0.172
b1-c60000-s1000-1499.heuristic_only,heuristic_only,60000,JointlyDecisive,500,0.616,0.486845,0.0,0.0,0.0,0.0,0.0,0.0,0.0,0.0,3,497,0,0,0,65722.712,1089.093878,76960.248,28520.506426,0.198
b1-c60000-s1000-1499.heuristic_only,heuristic_only,60000,NoFault,500,1.0,0.0,0.0,0.0,0.0,0.0,0.0,0.0,0.0,0.0,287,213,0,0,0,61011.258,4464.581436,65932.318,13180.839428,0.0
b1-c60000-s1000-1499.heuristic_only,heuristic_only,60000,CriticalFault,500,1.0,0.0,0.0,0.0,0.0,0.0,0.0,0.0,0.0,0.0,498,2,0,0,0,38137.856,12766.435783,44672.376,16179.770329,1.132
b1-c60000-s1000-1499.heuristic_only,heuristic_only,60000,QuietUrgent,500,1.0,0.0,0.0,0.0,0.0,0.0,0.0,0.0,0.0,0.0,500,0,0,0,0,37840.476,10789.379037,41288.334,12522.194243,0.0
b1-c60000-s1000-1499.heuristic_only,heuristic_only,60000,Duplicates,500,1.0,0.0,0.0,0.0,0.0,0.0,0.0,0.0,0.0,0.0,500,0,0,0,0,38494.542,11398.506317,44899.016,16236.479019,0.172
b1-c60000-s1000-1499.heuristic_only,heuristic_only,60000,FeedbackBait,500,1.0,0.0,0.0,0.0,0.0,0.0,0.0,0.0,0.0,0.0,493,7,0,0,0,41357.274,12343.208825,50364.642,16252.80372,1.976
b1-c60000-s1000-1499.heuristic_only,heuristic_only,60000,StaleMemory,500,1.0,0.0,0.0,0.0,0.0,0.0,0.0,0.0,0.0,0.0,493,7,0,0,0,40720.226,12681.333807,49913.744,17338.729765,1.976
b1-c60000-s1000-1499.heuristic_only,heuristic_only,60000,ComponentTimeout,500,0.766,0.423796,0.0,0.0,0.0,0.0,0.124,0.329912,0.0,0.0,448,52,0,0,0,31908.414,12839.070902,34669.308,16984.017868,0.136
b1-c60000-s1000-1499.all_components,all_components,60000,Ambiguous,500,0.0,0.0,0.0,0.0,0.0,0.0,0.0,0.0,0.0,0.0,0,500,0,0,0,80510.976,3886.560243,90070.414,12343.568111,0.0
b1-c60000-s1000-1499.all_components,all_components,60000,DelayedConfigChange,500,0.786,0.410538,0.0,0.0,0.0,0.0,0.0,0.0,0.0,0.0,393,107,0,0,0,52864.108,22230.995074,61291.15,23989.483765,0.0
b1-c60000-s1000-1499.all_components,all_components,60000,NoiseFlood,500,0.0,0.0,0.0,0.0,0.0,0.0,0.0,0.0,0.0,0.0,0,500,0,0,0,80769.264,4212.398724,93071.81,15769.73698,0.0
b1-c60000-s1000-1499.all_components,all_components,60000,JointlyDecisive,500,0.0,0.0,0.0,0.0,0.0,0.0,0.0,0.0,0.0,0.0,0,500,0,0,0,80562.41,3790.124626,99672.776,78611.985146,0.0
b1-c60000-s1000-1499.all_components,all_components,60000,NoFault,500,1.0,0.0,0.0,0.0,0.0,0.0,0.0,0.0,0.0,0.0,0,500,0,0,0,80574.036,3701.071421,99976.654,70068.156564,0.0
b1-c60000-s1000-1499.all_components,all_components,60000,CriticalFault,500,0.0,0.0,1.0,0.0,0.0,0.0,0.0,0.0,0.0,0.0,0,500,0,0,0,80594.598,3875.965973,90496.542,11816.432728,0.0
b1-c60000-s1000-1499.all_components,all_components,60000,QuietUrgent,500,0.0,0.0,1.0,0.0,0.0,0.0,0.0,0.0,0.0,0.0,0,500,0,0,0,80723.076,4217.332798,90689.728,10173.040445,0.0
b1-c60000-s1000-1499.all_components,all_components,60000,Duplicates,500,0.0,0.0,0.0,0.0,0.0,0.0,0.0,0.0,0.0,0.0,0,500,0,0,0,80797.068,4335.42675,93284.562,14703.910116,0.0
b1-c60000-s1000-1499.all_components,all_components,60000,FeedbackBait,500,0.0,0.0,0.0,0.0,0.0,0.0,0.0,0.0,0.0,0.0,0,500,0,0,0,80620.456,3793.797272,92859.956,17269.321014,0.0
b1-c60000-s1000-1499.all_components,all_components,60000,StaleMemory,500,0.0,0.0,0.0,0.0,0.0,0.0,0.0,0.0,0.0,0.0,0,500,0,0,0,80510.976,3886.560243,93508.452,19840.970675,0.0
b1-c60000-s1000-1499.all_components,all_components,60000,ComponentTimeout,500,0.0,0.0,0.0,0.0,0.0,0.0,0.002,0.044721,0.0,0.0,0,500,0,0,0,63571.348,20016.936408,72483.74,21966.677978,0.0
b1-c60000-s1000-1499.random_p025,random_p025,60000,Ambiguous,500,0.05,0.218163,0.0,0.0,0.0,0.0,0.0,0.0,0.0,0.0,15,485,0,0,0,86172.136,6200.417455,105416.486,35001.108531,0.088
b1-c60000-s1000-1499.random_p025,random_p025,60000,DelayedConfigChange,500,1.0,0.0,0.0,0.0,0.0,0.0,0.0,0.0,0.0,0.0,500,0,0,0,0,22619.272,16677.35347,29501.856,20594.561868,0.0
b1-c60000-s1000-1499.random_p025,random_p025,60000,NoiseFlood,500,0.052,0.222249,0.0,0.0,0.0,0.0,0.0,0.0,0.0,0.0,26,474,0,0,0,85673.386,6943.722024,106987.83,39454.665604,0.0
b1-c60000-s1000-1499.random_p025,random_p025,60000,JointlyDecisive,500,0.032,0.176176,0.0,0.0,0.0,0.0,0.0,0.0,0.0,0.0,0,500,0,0,0,86481.772,4862.344791,109647.67,26694.050014,0.002
b1-c60000-s1000-1499.random_p025,random_p025,60000,NoFault,500,1.0,0.0,0.0,0.0,0.0,0.0,0.0,0.0,0.0,0.0,0,500,0,0,0,86560.038,4763.702228,111118.678,23383.641411,0.0
b1-c60000-s1000-1499.random_p025,random_p025,60000,CriticalFault,500,0.054,0.226244,0.946,0.226244,0.0,0.0,0.0,0.0,0.0,0.0,23,477,0,0,0,85953.938,6557.76945,104340.602,20372.95993,0.046
b1-c60000-s1000-1499.random_p025,random_p025,60000,QuietUrgent,500,0.05,0.218163,0.95,0.218163,0.0,0.0,0.0,0.0,0.0,0.0,25,475,0,0,0,85789.558,6896.242088,105101.258,36558.363796,0.0
b1-c60000-s1000-1499.random_p025,random_p025,60000,Duplicates,500,0.05,0.218163,0.0,0.0,0.0,0.0,0.0,0.0,0.0,0.0,25,475,0,0,0,85689.412,6846.10259,106030.21,17878.939683,0.0
b1-c60000-s1000-1499.random_p025,random_p025,60000,FeedbackBait,500,0.054,0.226244,0.0,0.0,0.0,0.0,0.0,0.0,0.0,0.0,15,485,0,0,0,86171.978,6186.903215,106642.342,22137.539576,0.092
b1-c60000-s1000-1499.random_p025,random_p025,60000,StaleMemory,500,0.05,0.218163,0.0,0.0,0.0,0.0,0.0,0.0,0.0,0.0,15,485,0,0,0,86172.136,6200.417455,106209.326,20079.584638,0.088
b1-c60000-s1000-1499.random_p025,random_p025,60000,ComponentTimeout,500,0.112,0.315682,0.0,0.0,0.0,0.0,0.002,0.044721,0.0,0.0,57,443,0,0,0,69789.742,20878.028932,87232.372,41958.805489,0.006
b1-c60000-s1000-1499.random_p050,random_p050,60000,Ambiguous,500,0.0,0.0,0.0,0.0,0.0,0.0,0.0,0.0,0.0,0.0,0,500,0,0,0,82655.558,4764.529167,96247.17,11799.343036,0.0
b1-c60000-s1000-1499.random_p050,random_p050,60000,DelayedConfigChange,500,0.986,0.117608,0.0,0.0,0.0,0.0,0.0,0.0,0.0,0.0,493,7,0,0,0,33913.784,19796.895811,41989.182,22852.311331,0.0
b1-c60000-s1000-1499.random_p050,random_p050,60000,NoiseFlood,500,0.0,0.0,0.0,0.0,0.0,0.0,0.0,0.0,0.0,0.0,0,500,0,0,0,82546.852,4718.90673,99608.85,19330.821973,0.0
b1-c60000-s1000-1499.random_p050,random_p050,60000,JointlyDecisive,500,0.0,0.0,0.0,0.0,0.0,0.0,0.0,0.0,0.0,0.0,0,500,0,0,0,82604.888,4785.761582,102224.64,22531.833994,0.0
b1-c60000-s1000-1499.random_p050,random_p050,60000,NoFault,500,1.0,0.0,0.0,0.0,0.0,0.0,0.0,0.0,0.0,0.0,0,500,0,0,0,82599.5,4763.792463,101317.26,17204.939984,0.0
b1-c60000-s1000-1499.random_p050,random_p050,60000,CriticalFault,500,0.0,0.0,1.0,0.0,0.0,0.0,0.0,0.0,0.0,0.0,0,500,0,0,0,82661.99,4798.138017,97431.898,14342.709917,0.0
b1-c60000-s1000-1499.random_p050,random_p050,60000,QuietUrgent,500,0.0,0.0,1.0,0.0,0.0,0.0,0.0,0.0,0.0,0.0,0,500,0,0,0,82725.748,4709.800016,97924.728,36203.99891,0.0
b1-c60000-s1000-1499.random_p050,random_p050,60000,Duplicates,500,0.0,0.0,0.0,0.0,0.0,0.0,0.0,0.0,0.0,0.0,0,500,0,0,0,82589.732,4766.974258,99250.088,14458.426925,0.0
b1-c60000-s1000-1499.random_p050,random_p050,60000,FeedbackBait,500,0.0,0.0,0.0,0.0,0.0,0.0,0.0,0.0,0.0,0.0,0,500,0,0,0,82790.314,4848.844773,98616.614,20249.150897,0.0
b1-c60000-s1000-1499.random_p050,random_p050,60000,StaleMemory,500,0.0,0.0,0.0,0.0,0.0,0.0,0.0,0.0,0.0,0.0,0,500,0,0,0,82655.558,4764.529167,99314.49,24257.909711,0.0
b1-c60000-s1000-1499.random_p050,random_p050,60000,ComponentTimeout,500,0.006,0.077304,0.0,0.0,0.0,0.0,0.002,0.044721,0.0,0.0,3,497,0,0,0,66959.082,19699.251317,80821.552,34459.743294,0.0
b1-c60000-s1000-1499.fixed_verifier_only,fixed_verifier_only,60000,Ambiguous,500,0.0,0.0,0.0,0.0,0.0,0.0,0.0,0.0,0.0,0.0,0,500,0,0,0,94462.05,2767.445686,99686.408,11901.530891,0.0
b1-c60000-s1000-1499.fixed_verifier_only,fixed_verifier_only,60000,DelayedConfigChange,500,0.966,0.181411,0.0,0.0,0.0,0.0,0.0,0.0,0.0,0.0,483,17,0,0,0,43763.068,23022.933579,49140.736,37909.972069,0.0
b1-c60000-s1000-1499.fixed_verifier_only,fixed_verifier_only,60000,NoiseFlood,500,0.0,0.0,0.0,0.0,0.0,0.0,0.0,0.0,0.0,0.0,0,500,0,0,0,94357.522,2834.273508,103166.496,38046.182992,0.0
b1-c60000-s1000-1499.fixed_verifier_only,fixed_verifier_only,60000,JointlyDecisive,500,0.0,0.0,0.0,0.0,0.0,0.0,0.0,0.0,0.0,0.0,0,500,0,0,0,94445.794,2779.699659,104830.352,40189.794426,0.0
b1-c60000-s1000-1499.fixed_verifier_only,fixed_verifier_only,60000,NoFault,500,1.0,0.0,0.0,0.0,0.0,0.0,0.0,0.0,0.0,0.0,0,500,0,0,0,94443.752,2777.101473,104235.712,19801.789075,0.0
b1-c60000-s1000-1499.fixed_verifier_only,fixed_verifier_only,60000,CriticalFault,500,0.0,0.0,1.0,0.0,0.0,0.0,0.0,0.0,0.0,0.0,0,500,0,0,0,94447.526,2776.260632,100222.978,13985.468684,0.0
b1-c60000-s1000-1499.fixed_verifier_only,fixed_verifier_only,60000,QuietUrgent,500,0.0,0.0,1.0,0.0,0.0,0.0,0.0,0.0,0.0,0.0,0,500,0,0,0,94374.566,2824.798312,99482.772,20859.700168,0.0
b1-c60000-s1000-1499.fixed_verifier_only,fixed_verifier_only,60000,Duplicates,500,0.0,0.0,0.0,0.0,0.0,0.0,0.0,0.0,0.0,0.0,0,500,0,0,0,94381.262,2822.708929,101503.58,15574.709203,0.0
b1-c60000-s1000-1499.fixed_verifier_only,fixed_verifier_only,60000,FeedbackBait,500,0.0,0.0,0.0,0.0,0.0,0.0,0.0,0.0,0.0,0.0,0,500,0,0,0,94441.128,2777.687304,101712.042,18975.151062,0.0
b1-c60000-s1000-1499.fixed_verifier_only,fixed_verifier_only,60000,StaleMemory,500,0.0,0.0,0.0,0.0,0.0,0.0,0.0,0.0,0.0,0.0,0,500,0,0,0,94462.05,2767.445686,107328.55,106429.509338,0.0
b1-c60000-s1000-1499.fixed_verifier_only,fixed_verifier_only,60000,ComponentTimeout,500,0.0,0.0,0.0,0.0,0.0,0.0,0.138,0.345245,0.0,0.0,13,487,0,0,0,77412.69,29553.542198,81251.096,33888.247682,0.0
b1-c60000-s1000-1499.fixed_estimator_only,fixed_estimator_only,60000,Ambiguous,500,0.114,0.31813,0.0,0.0,0.0,0.0,0.0,0.0,0.0,0.0,30,470,0,0,0,58618.546,3734.304643,70778.82,8649.178111,0.176
b1-c60000-s1000-1499.fixed_estimator_only,fixed_estimator_only,60000,DelayedConfigChange,500,1.0,0.0,0.0,0.0,0.0,0.0,0.0,0.0,0.0,0.0,500,0,0,0,0,11608.646,4022.278338,16020.194,5619.139417,0.0
b1-c60000-s1000-1499.fixed_estimator_only,fixed_estimator_only,60000,NoiseFlood,500,0.11,0.313203,0.0,0.0,0.0,0.0,0.0,0.0,0.0,0.0,51,449,0,0,0,58116.938,3526.919638,71392.03,9767.357427,0.03
b1-c60000-s1000-1499.fixed_estimator_only,fixed_estimator_only,60000,JointlyDecisive,500,0.058,0.233978,0.0,0.0,0.0,0.0,0.0,0.0,0.0,0.0,0,500,0,0,0,58886.844,4076.839163,74129.776,15554.399297,0.028
b1-c60000-s1000-1499.fixed_estimator_only,fixed_estimator_only,60000,NoFault,500,1.0,0.0,0.0,0.0,0.0,0.0,0.0,0.0,0.0,0.0,0,500,0,0,0,58664.834,3730.653874,73929.682,15372.724658,0.0
b1-c60000-s1000-1499.fixed_estimator_only,fixed_estimator_only,60000,CriticalFault,500,0.112,0.315682,0.888,0.315682,0.0,0.0,0.0,0.0,0.0,0.0,45,455,0,0,0,58359.64,3638.345511,71033.416,9914.099474,0.096
b1-c60000-s1000-1499.fixed_estimator_only,fixed_estimator_only,60000,QuietUrgent,500,0.118,0.322931,0.882,0.322931,0.0,0.0,0.0,0.0,0.0,0.0,59,441,0,0,0,58025.474,3508.990546,70582.922,23614.159547,0.0
b1-c60000-s1000-1499.fixed_estimator_only,fixed_estimator_only,60000,Duplicates,500,0.108,0.310691,0.0,0.0,0.0,0.0,0.0,0.0,0.0,0.0,50,450,0,0,0,58034.018,3631.694967,73703.562,35172.820163,0.03
b1-c60000-s1000-1499.fixed_estimator_only,fixed_estimator_only,60000,FeedbackBait,500,0.114,0.31813,0.0,0.0,0.0,0.0,0.0,0.0,0.0,0.0,30,470,0,0,0,58646.688,3730.063518,73041.79,16949.12003,0.176
b1-c60000-s1000-1499.fixed_estimator_only,fixed_estimator_only,60000,StaleMemory,500,0.114,0.31813,0.0,0.0,0.0,0.0,0.0,0.0,0.0,0.0,30,470,0,0,0,58618.546,3734.304643,72809.826,11956.847217,0.176
b1-c60000-s1000-1499.fixed_estimator_only,fixed_estimator_only,60000,ComponentTimeout,500,0.084,0.277666,0.0,0.0,0.0,0.0,0.124,0.329912,0.0,0.0,70,430,0,0,0,49502.416,16431.995246,66725.588,120540.242681,0.028
b1-c60000-s1000-1499.fixed_heuristic_every2,fixed_heuristic_every2,60000,Ambiguous,500,1.0,0.0,0.0,0.0,0.0,0.0,0.0,0.0,0.0,0.0,500,0,0,0,0,28103.922,7736.573758,35005.926,11240.526118,1.976
b1-c60000-s1000-1499.fixed_heuristic_every2,fixed_heuristic_every2,60000,DelayedConfigChange,500,1.0,0.0,0.0,0.0,0.0,0.0,0.0,0.0,0.0,0.0,500,0,0,0,0,2647.56,841.196232,3663.086,1619.256882,0.0
b1-c60000-s1000-1499.fixed_heuristic_every2,fixed_heuristic_every2,60000,NoiseFlood,500,1.0,0.0,0.0,0.0,0.0,0.0,0.0,0.0,0.0,0.0,500,0,0,0,0,25314.664,6758.826319,29791.578,10006.248174,0.148
b1-c60000-s1000-1499.fixed_heuristic_every2,fixed_heuristic_every2,60000,JointlyDecisive,500,0.616,0.486845,0.0,0.0,0.0,0.0,0.0,0.0,0.0,0.0,322,178,0,0,0,65448.83,7635.618049,75858.622,18083.931402,0.158
b1-c60000-s1000-1499.fixed_heuristic_every2,fixed_heuristic_every2,60000,NoFault,500,1.0,0.0,0.0,0.0,0.0,0.0,0.0,0.0,0.0,0.0,500,0,0,0,0,40611.124,2891.133868,44202.386,9846.242717,0.0
b1-c60000-s1000-1499.fixed_heuristic_every2,fixed_heuristic_every2,60000,CriticalFault,500,1.0,0.0,0.0,0.0,0.0,0.0,0.0,0.0,0.0,0.0,500,0,0,0,0,25987.922,7909.062817,31369.756,11252.940419,1.116
b1-c60000-s1000-1499.fixed_heuristic_every2,fixed_heuristic_every2,60000,QuietUrgent,500,1.0,0.0,0.0,0.0,0.0,0.0,0.0,0.0,0.0,0.0,500,0,0,0,0,24861.86,6683.502642,27722.88,8777.538362,0.0
b1-c60000-s1000-1499.fixed_heuristic_every2,fixed_heuristic_every2,60000,Duplicates,500,1.0,0.0,0.0,0.0,0.0,0.0,0.0,0.0,0.0,0.0,500,0,0,0,0,25308.69,7038.473866,30263.654,12258.710639,0.148
b1-c60000-s1000-1499.fixed_heuristic_every2,fixed_heuristic_every2,60000,FeedbackBait,500,1.0,0.0,0.0,0.0,0.0,0.0,0.0,0.0,0.0,0.0,500,0,0,0,0,28407.734,7609.265555,37580.278,47121.172898,1.976
b1-c60000-s1000-1499.fixed_heuristic_every2,fixed_heuristic_every2,60000,StaleMemory,500,1.0,0.0,0.0,0.0,0.0,0.0,0.0,0.0,0.0,0.0,500,0,0,0,0,28103.922,7736.573758,35589.808,13901.269863,1.976
b1-c60000-s1000-1499.fixed_heuristic_every2,fixed_heuristic_every2,60000,ComponentTimeout,500,0.83,0.376009,0.0,0.0,0.0,0.0,0.122,0.327614,0.0,0.0,483,17,0,0,0,22883.862,7082.419128,25088.86,10069.495966,0.124
b1-c60000-s1000-1499.fixed_heuristic_every4,fixed_heuristic_every4,60000,Ambiguous,500,1.0,0.0,0.0,0.0,0.0,0.0,0.0,0.0,0.0,0.0,500,0,0,0,0,22029.028,5219.332923,27328.358,8498.193804,1.976
b1-c60000-s1000-1499.fixed_heuristic_every4,fixed_heuristic_every4,60000,DelayedConfigChange,500,1.0,0.0,0.0,0.0,0.0,0.0,0.0,0.0,0.0,0.0,500,0,0,0,0,2859.828,757.137086,3822.994,2343.09697,0.0
b1-c60000-s1000-1499.fixed_heuristic_every4,fixed_heuristic_every4,60000,NoiseFlood,500,1.0,0.0,0.0,0.0,0.0,0.0,0.0,0.0,0.0,0.0,500,0,0,0,0,18851.132,4763.471142,21640.69,7033.271838,0.092
b1-c60000-s1000-1499.fixed_heuristic_every4,fixed_heuristic_every4,60000,JointlyDecisive,500,0.616,0.486845,0.0,0.0,0.0,0.0,0.0,0.0,0.0,0.0,500,0,0,0,0,53459.9,9197.822991,60750.906,26513.993411,0.082
b1-c60000-s1000-1499.fixed_heuristic_every4,fixed_heuristic_every4,60000,NoFault,500,1.0,0.0,0.0,0.0,0.0,0.0,0.0,0.0,0.0,0.0,500,0,0,0,0,29536.976,1497.310472,30820.622,7137.241339,0.0
b1-c60000-s1000-1499.fixed_heuristic_every4,fixed_heuristic_every4,60000,CriticalFault,500,1.0,0.0,0.0,0.0,0.0,0.0,0.0,0.0,0.0,0.0,500,0,0,0,0,20068.258,5525.07995,23715.486,9221.824807,1.078
b1-c60000-s1000-1499.fixed_heuristic_every4,fixed_heuristic_every4,60000,QuietUrgent,500,1.0,0.0,0.0,0.0,0.0,0.0,0.0,0.0,0.0,0.0,500,0,0,0,0,18590.18,4655.164871,20199.952,6520.070641,0.0
b1-c60000-s1000-1499.fixed_heuristic_every4,fixed_heuristic_every4,60000,Duplicates,500,1.0,0.0,0.0,0.0,0.0,0.0,0.0,0.0,0.0,0.0,500,0,0,0,0,18883.86,4888.773498,22125.146,7975.200433,0.092
b1-c60000-s1000-1499.fixed_heuristic_every4,fixed_heuristic_every4,60000,FeedbackBait,500,1.0,0.0,0.0,0.0,0.0,0.0,0.0,0.0,0.0,0.0,500,0,0,0,0,22185.35,5147.631026,27659.83,8580.109002,1.976
b1-c60000-s1000-1499.fixed_heuristic_every4,fixed_heuristic_every4,60000,StaleMemory,500,1.0,0.0,0.0,0.0,0.0,0.0,0.0,0.0,0.0,0.0,500,0,0,0,0,22029.028,5219.332923,27070.024,8355.599312,1.976
b1-c60000-s1000-1499.fixed_heuristic_every4,fixed_heuristic_every4,60000,ComponentTimeout,500,0.878,0.327614,0.0,0.0,0.0,0.0,0.122,0.327614,0.0,0.0,500,0,0,0,0,17973.902,4675.033958,19239.158,7858.23494,0.066
b1-c60000-s1000-1499.oracle_evidence_privileged,oracle_evidence_privileged,60000,Ambiguous,500,1.0,0.0,0.0,0.0,0.0,0.0,0.0,0.0,0.0,0.0,500,0,0,0,0,0.0,0.0,23571.92,9570.968348,1.0
b1-c60000-s1000-1499.oracle_evidence_privileged,oracle_evidence_privileged,60000,DelayedConfigChange,500,1.0,0.0,0.0,0.0,0.0,0.0,0.0,0.0,0.0,0.0,500,0,0,0,0,0.0,0.0,22496.746,8953.964426,1.0
b1-c60000-s1000-1499.oracle_evidence_privileged,oracle_evidence_privileged,60000,NoiseFlood,500,1.0,0.0,0.0,0.0,0.0,0.0,0.0,0.0,0.0,0.0,500,0,0,0,0,0.0,0.0,40476.014,26900.756364,2.156
b1-c60000-s1000-1499.oracle_evidence_privileged,oracle_evidence_privileged,60000,JointlyDecisive,500,1.0,0.0,0.0,0.0,0.0,0.0,0.0,0.0,0.0,0.0,500,0,0,0,0,0.0,0.0,69096.272,26767.491146,4.464
b1-c60000-s1000-1499.oracle_evidence_privileged,oracle_evidence_privileged,60000,NoFault,500,1.0,0.0,0.0,0.0,0.0,0.0,0.0,0.0,0.0,0.0,500,0,0,0,0,0.0,0.0,158127.27,101582.475094,8.126
b1-c60000-s1000-1499.oracle_evidence_privileged,oracle_evidence_privileged,60000,CriticalFault,500,1.0,0.0,0.0,0.0,0.0,0.0,0.0,0.0,0.0,0.0,500,0,0,0,0,0.0,0.0,31341.414,22264.698045,1.516
b1-c60000-s1000-1499.oracle_evidence_privileged,oracle_evidence_privileged,60000,QuietUrgent,500,1.0,0.0,0.0,0.0,0.0,0.0,0.0,0.0,0.0,0.0,500,0,0,0,0,0.0,0.0,39873.696,27787.819742,2.156
b1-c60000-s1000-1499.oracle_evidence_privileged,oracle_evidence_privileged,60000,Duplicates,500,1.0,0.0,0.0,0.0,0.0,0.0,0.0,0.0,0.0,0.0,500,0,0,0,0,0.0,0.0,40539.902,27089.759308,2.156
b1-c60000-s1000-1499.oracle_evidence_privileged,oracle_evidence_privileged,60000,FeedbackBait,500,1.0,0.0,0.0,0.0,0.0,0.0,0.0,0.0,0.0,0.0,500,0,0,0,0,0.0,0.0,23930.82,9573.277453,1.0
b1-c60000-s1000-1499.oracle_evidence_privileged,oracle_evidence_privileged,60000,StaleMemory,500,1.0,0.0,0.0,0.0,0.0,0.0,0.0,0.0,0.0,0.0,500,0,0,0,0,0.0,0.0,23882.274,9611.686516,1.0
b1-c60000-s1000-1499.oracle_evidence_privileged,oracle_evidence_privileged,60000,ComponentTimeout,500,1.0,0.0,0.0,0.0,0.0,0.0,0.0,0.0,0.0,0.0,500,0,0,0,0,0.0,0.0,40078.714,27293.32022,2.156
b1-c60000-s1000-1499.oracle_immediate_privileged,oracle_immediate_privileged,60000,Ambiguous,500,1.0,0.0,0.0,0.0,0.0,0.0,0.0,0.0,0.0,0.0,500,0,0,0,0,0.0,0.0,279.746,64.824764,0.0
b1-c60000-s1000-1499.oracle_immediate_privileged,oracle_immediate_privileged,60000,DelayedConfigChange,500,1.0,0.0,0.0,0.0,0.0,0.0,0.0,0.0,0.0,0.0,500,0,0,0,0,0.0,0.0,235.138,51.604816,0.0
b1-c60000-s1000-1499.oracle_immediate_privileged,oracle_immediate_privileged,60000,NoiseFlood,500,1.0,0.0,0.0,0.0,0.0,0.0,0.0,0.0,0.0,0.0,500,0,0,0,0,0.0,0.0,283.896,67.943932,0.0
b1-c60000-s1000-1499.oracle_immediate_privileged,oracle_immediate_privileged,60000,JointlyDecisive,500,1.0,0.0,0.0,0.0,0.0,0.0,0.0,0.0,0.0,0.0,500,0,0,0,0,0.0,0.0,301.574,79.728903,0.0
b1-c60000-s1000-1499.oracle_immediate_privileged,oracle_immediate_privileged,60000,NoFault,500,1.0,0.0,0.0,0.0,0.0,0.0,0.0,0.0,0.0,0.0,500,0,0,0,0,0.0,0.0,300.392,288.769614,0.0
b1-c60000-s1000-1499.oracle_immediate_privileged,oracle_immediate_privileged,60000,CriticalFault,500,1.0,0.0,0.0,0.0,0.0,0.0,0.0,0.0,0.0,0.0,500,0,0,0,0,0.0,0.0,275.788,65.601999,0.0
b1-c60000-s1000-1499.oracle_immediate_privileged,oracle_immediate_privileged,60000,QuietUrgent,500,1.0,0.0,0.0,0.0,0.0,0.0,0.0,0.0,0.0,0.0,500,0,0,0,0,0.0,0.0,337.986,1555.616631,0.0
b1-c60000-s1000-1499.oracle_immediate_privileged,oracle_immediate_privileged,60000,Duplicates,500,1.0,0.0,0.0,0.0,0.0,0.0,0.0,0.0,0.0,0.0,500,0,0,0,0,0.0,0.0,293.136,73.956884,0.0
b1-c60000-s1000-1499.oracle_immediate_privileged,oracle_immediate_privileged,60000,FeedbackBait,500,1.0,0.0,0.0,0.0,0.0,0.0,0.0,0.0,0.0,0.0,500,0,0,0,0,0.0,0.0,284.766,206.270508,0.0
b1-c60000-s1000-1499.oracle_immediate_privileged,oracle_immediate_privileged,60000,StaleMemory,500,1.0,0.0,0.0,0.0,0.0,0.0,0.0,0.0,0.0,0.0,500,0,0,0,0,0.0,0.0,286.916,76.936984,0.0
b1-c60000-s1000-1499.oracle_immediate_privileged,oracle_immediate_privileged,60000,ComponentTimeout,500,1.0,0.0,0.0,0.0,0.0,0.0,0.0,0.0,0.0,0.0,500,0,0,0,0,0.0,0.0,267.786,65.223004,0.0
