new,old,measure,difference,lower,higher
sel_reanchor_site_g20_b2_privileged,sel_rung_z3_privileged,hard_noticed_share,0.040322580645161366,0.017341040462427793,0.06366047745358094
sel_reanchor_site_g20_b2_privileged,sel_rung_z3_privileged,hard_anchor_correct_share,0.048387096774193616,0.02933985330073352,0.06887755102040816
sel_reanchor_site_g20_b2_privileged,sel_rung_z3_privileged,hard_site_correct_share,0.040322580645161366,0.017341040462427793,0.06366047745358094
sel_reanchor_site_g20_b2_privileged,sel_rung_z3_privileged,hard_anchor_site_correct_share,0.05107526881720437,0.030726256983240274,0.072972972972973
sel_reanchor_site_g20_b2_privileged,sel_rung_z3_privileged,leak_noticed_share,0.0,-0.0579710144927536,0.058394160583941646
sel_reanchor_site_g20_b2_privileged,sel_rung_z3_privileged,notices_on_background_per_stream,-1.7000000000000002,-1.8949999999999996,-1.5100000000000002
sel_reanchor_site_g20_b2_privileged,sel_rung_z3_privileged,notice_precision,0.061645471068354385,0.05492873509444396,0.06853084313173818
sel_reanchor_site_g20_b2_privileged,sel_rung_z3_privileged,strict_precision,0.060841332636299095,0.05403964390071103,0.06788261108063631
sel_reanchor_site_g20_b2_privileged,sel_rung_z3_privileged,quality,0.026881720430107503,0.012690355329949332,0.04249291784702547
