noticer,kind,p_isolation,p_gap_ms,p_burst,hard_noticed_share,hard_anchor_correct_share,hard_site_correct_share,hard_anchor_site_correct_share,leak_noticed_share,leak_anchor_correct_share,leak_site_correct_share,leak_anchor_site_correct_share,plain_noticed_share,notices_on_background_per_stream,notices_on_plain_per_stream,notices_on_hard_per_stream,notices_on_decoy_per_stream,notices_per_stream,notices_per_incident,notice_precision,precision_plain,precision_hard,precision_decoy,strict_precision,site_correct_notice_share,quality,leak_quality,cost_s_per_stream,substrate_s_per_stream,calls_per_stream,p_z
reanchor_site_g50_b2,reanchor,site,50.0,2.0,0.9447236180904522,0.9296482412060302,0.9396984924623115,0.9246231155778895,0.4090909090909091,0.0,0.4090909090909091,0.0,0.9009478672985782,2.35,20.5,2.37,2.07,27.29,0.9436246689368142,0.9138878710150238,0.7511909124221327,0.08684499816782704,0.07585196042506413,0.8098204470502015,0.8523268596555514,0.5226130653266332,0.11363636363636363,0.67493933188,0.00033933188,2.09,
reanchor_site_g50_b3,reanchor,site,50.0,3.0,0.9346733668341709,0.9195979899497487,0.9296482412060302,0.914572864321608,0.4318181818181818,0.0,0.4318181818181818,0.0,0.8943127962085308,2.55,20.27,2.34,2.07,27.23,0.9337873628452517,0.9063532868160118,0.744399559309585,0.08593463092177746,0.07601909658464928,0.8013220712449505,0.8494307748806463,0.5125628140703518,0.11363636363636363,0.67263818505,0.00033818505000000003,2.08,
reanchor_site_g100_b2,reanchor,site,100.0,2.0,0.9346733668341709,0.9195979899497487,0.9296482412060302,0.914572864321608,0.38636363636363635,0.0,0.38636363636363635,0.0,0.8981042654028436,2.52,20.38,2.33,2.07,27.3,0.9375709421112373,0.9076923076923077,0.7465201465201465,0.08534798534798535,0.07582417582417582,0.8054945054945055,0.8487179487179487,0.5175879396984925,0.11363636363636363,0.6660896581000001,0.0003396581,2.06,
reanchor_site_g100_b3,reanchor,site,100.0,3.0,0.9246231155778895,0.9095477386934674,0.9195979899497487,0.9045226130653267,0.4318181818181818,0.0,0.4318181818181818,0.0,0.8914691943127963,2.7,20.16,2.31,2.07,27.24,0.9284903518728718,0.9008810572687225,0.7400881057268722,0.08480176211453745,0.07599118942731277,0.7973568281938326,0.8461820851688693,0.507537688442211,0.11363636363636363,0.6660885351100001,0.00033853511,2.06,
reanchor_site_g150_b2,reanchor,site,150.0,2.0,0.9296482412060302,0.914572864321608,0.9246231155778895,0.9095477386934674,0.4090909090909091,0.0,0.4090909090909091,0.0,0.8933649289099526,2.62,20.28,2.33,2.06,27.29,0.9334090049186531,0.9039941370465372,0.7431293514107732,0.08537925980212532,0.0754855258336387,0.8006595822645658,0.8449981678270428,0.5125628140703518,0.11363636363636363,0.66628981334,0.00033981334000000006,2.06,
reanchor_site_g150_b3,reanchor,site,150.0,3.0,0.9246231155778895,0.9095477386934674,0.9195979899497487,0.9045226130653267,0.4318181818181818,0.0,0.4318181818181818,0.0,0.8881516587677725,2.79,20.08,2.31,2.06,27.24,0.9250851305334846,0.8975770925110133,0.737151248164464,0.08480176211453745,0.07562408223201175,0.7940528634361234,0.843245227606461,0.507537688442211,0.11363636363636363,0.6660885212500001,0.00033852125,2.06,
reanchor_site_g200_b2,reanchor,site,200.0,2.0,0.9195979899497487,0.9045226130653267,0.914572864321608,0.8994974874371859,0.4318181818181818,0.0,0.4318181818181818,0.0,0.8890995260663507,2.78,20.15,2.3,2.04,27.27,0.9265985622398789,0.8980564723138981,0.7389072240557389,0.08434176751008435,0.0748074807480748,0.7961129446277961,0.8415841584158416,0.507537688442211,0.11363636363636363,0.66468851738,0.00033851738000000004,2.05,
reanchor_site_g200_b3,reanchor,site,200.0,3.0,0.914572864321608,0.8994974874371859,0.9095477386934674,0.8944723618090452,0.4318181818181818,0.0,0.4318181818181818,0.0,0.8838862559241706,2.93,19.98,2.27,2.04,27.22,0.9190314037079077,0.8923585598824394,0.7340191036002939,0.08339456282145481,0.07494489346069066,0.7905951506245408,0.8394562821454813,0.5025125628140703,0.11363636363636363,0.66083794717,0.00033794717,2.04,
reanchor_site_g300_b2,reanchor,site,300.0,2.0,0.8944723618090452,0.8793969849246231,0.8894472361809045,0.8743718592964824,0.4318181818181818,0.0,0.4318181818181818,0.0,0.8805687203791469,3.09,19.91,2.24,2.01,27.25,0.9141127506621264,0.8866055045871559,0.7306422018348624,0.08220183486238532,0.07376146788990826,0.7849541284403669,0.8315596330275229,0.49246231155778897,0.11363636363636363,0.6506374172000001,0.0003374172,2.0,
reanchor_site_g300_b3,reanchor,site,300.0,3.0,0.8944723618090452,0.8793969849246231,0.8894472361809045,0.8743718592964824,0.4318181818181818,0.0,0.4318181818181818,0.0,0.8767772511848341,3.2,19.77,2.23,2.0,27.2,0.9080590238365494,0.8823529411764706,0.7268382352941176,0.08198529411764706,0.07352941176470588,0.7816176470588235,0.8301470588235295,0.49246231155778897,0.11363636363636363,0.6503875865000001,0.0003375865,2.0,
reanchor_site_g400_b2,reanchor,site,400.0,2.0,0.8894472361809045,0.8743718592964824,0.8844221105527639,0.8693467336683417,0.4318181818181818,0.0,0.4318181818181818,0.0,0.8734597156398104,3.35,19.7,2.22,1.95,27.22,0.903140370790768,0.8769287288758266,0.7237325495958854,0.08155767817781043,0.07163850110213078,0.7762674504041146,0.8240264511388685,0.48743718592964824,0.11363636363636363,0.64798629772,0.00033629772,1.99,
reanchor_site_g400_b3,reanchor,site,400.0,3.0,0.8894472361809045,0.8743718592964824,0.8844221105527639,0.8693467336683417,0.4318181818181818,0.0,0.4318181818181818,0.0,0.8691943127962085,3.43,19.58,2.21,1.95,27.17,0.8982217177449867,0.8737578211262422,0.7206477732793523,0.08133971291866028,0.07177033492822966,0.7743835112256164,0.8218623481781376,0.48743718592964824,0.11363636363636363,0.6479867890700001,0.00033678907000000004,1.99,
reanchor_any_g50_b2,reanchor,any,50.0,2.0,0.9447236180904522,0.9296482412060302,0.9396984924623115,0.9246231155778895,0.4090909090909091,0.0,0.4090909090909091,0.0,0.8976303317535546,2.49,20.39,2.36,2.06,27.3,0.9387060158910329,0.9087912087912088,0.7468864468864469,0.08644688644688645,0.07545787545787545,0.8054945054945055,0.847985347985348,0.5226130653266332,0.11363636363636363,0.67494029931,0.00034029931,2.09,
reanchor_any_g50_b3,reanchor,any,50.0,3.0,0.9346733668341709,0.9195979899497487,0.9296482412060302,0.914572864321608,0.4318181818181818,0.0,0.4318181818181818,0.0,0.8914691943127963,2.66,20.18,2.33,2.06,27.23,0.9296254256526674,0.9023136246786633,0.7410943811972089,0.08556738890929122,0.07565185457216306,0.797282409107602,0.8457583547557841,0.5125628140703518,0.11363636363636363,0.6726386979500001,0.00033869795000000005,2.08,
reanchor_any_g100_b2,reanchor,any,100.0,2.0,0.9346733668341709,0.9195979899497487,0.9296482412060302,0.914572864321608,0.38636363636363635,0.0,0.38636363636363635,0.0,0.8928909952606635,2.68,20.24,2.32,2.06,27.3,0.9315172152856602,0.9018315018315018,0.7413919413919414,0.08498168498168499,0.07545787545787545,0.7985347985347986,0.8432234432234432,0.5175879396984925,0.11363636363636363,0.66609157477,0.00034157477000000005,2.06,
reanchor_any_g100_b3,reanchor,any,100.0,3.0,0.9246231155778895,0.9095477386934674,0.9195979899497487,0.9045226130653267,0.4318181818181818,0.0,0.4318181818181818,0.0,0.8867298578199052,2.86,20.04,2.3,2.06,27.26,0.9231933409004919,0.8950843727072634,0.7351430667644901,0.08437270726338958,0.07556859867938372,0.7905355832721936,0.8404255319148937,0.507537688442211,0.11363636363636363,0.66608927202,0.00033927202000000003,2.06,
reanchor_any_g150_b2,reanchor,any,150.0,2.0,0.9296482412060302,0.9095477386934674,0.9246231155778895,0.9045226130653267,0.4090909090909091,0.0,0.4090909090909091,0.0,0.8872037914691943,2.86,20.1,2.32,2.05,27.33,0.9258418463866818,0.8953530918404683,0.7354555433589463,0.08488840102451518,0.07500914745700696,0.7899743871203805,0.8364434687156971,0.5125628140703518,0.11363636363636363,0.66674391728,0.00034391728,2.06,
reanchor_any_g150_b3,reanchor,any,150.0,3.0,0.9246231155778895,0.9045226130653267,0.9195979899497487,0.8994974874371859,0.4318181818181818,0.0,0.4318181818181818,0.0,0.8819905213270142,3.02,19.91,2.3,2.05,27.28,0.917896329928112,0.8892961876832844,0.7298387096774194,0.08431085043988269,0.07514662756598241,0.7844574780058651,0.8346774193548387,0.507537688442211,0.11363636363636363,0.66654095949,0.00034095949,2.06,
reanchor_any_g200_b2,reanchor,any,200.0,2.0,0.914572864321608,0.8944723618090452,0.9095477386934674,0.8894472361809045,0.4318181818181818,0.0,0.4318181818181818,0.0,0.8815165876777251,3.12,19.92,2.28,2.03,27.35,0.9167612561483163,0.8859232175502743,0.7283363802559415,0.08336380255941499,0.07422303473491773,0.7813528336380255,0.8296160877513711,0.5025125628140703,0.11363636363636363,0.66179345165,0.00034345165000000005,2.04,
reanchor_any_g200_b3,reanchor,any,200.0,3.0,0.9095477386934674,0.8894472361809045,0.9045226130653267,0.8844221105527639,0.4318181818181818,0.0,0.4318181818181818,0.0,0.8772511848341232,3.25,19.77,2.25,2.03,27.3,0.9099508134695422,0.8809523809523809,0.7241758241758242,0.08241758241758242,0.07435897435897436,0.7769230769230769,0.8278388278388278,0.49748743718592964,0.11363636363636363,0.65794119977,0.00034119977000000005,2.03,
reanchor_any_g300_b2,reanchor,any,300.0,2.0,0.8894472361809045,0.8592964824120602,0.8844221105527639,0.8542713567839196,0.4318181818181818,0.0,0.4318181818181818,0.0,0.8710900473933649,3.57,19.63,2.2,1.99,27.39,0.9012485811577753,0.8696604600219058,0.7166849215041986,0.08032128514056225,0.07265425337714494,0.7641474990872581,0.8156261409273458,0.48743718592964824,0.11363636363636363,0.64774409191,0.00034409191,1.99,
reanchor_any_g300_b3,reanchor,any,300.0,3.0,0.8894472361809045,0.8592964824120602,0.8844221105527639,0.8542713567839196,0.4318181818181818,0.0,0.4318181818181818,0.0,0.8691943127962085,3.66,19.54,2.19,1.98,27.37,0.8970866439651911,0.866276945560833,0.7139203507489953,0.08001461454146876,0.07234198027036902,0.7617829740591889,0.81439532334673,0.48743718592964824,0.11363636363636363,0.64749289131,0.00034289131,1.99,
reanchor_any_g400_b2,reanchor,any,400.0,2.0,0.8844221105527639,0.8542713567839196,0.8793969849246231,0.8492462311557789,0.4090909090909091,0.0,0.4090909090909091,0.0,0.8597156398104265,3.99,19.31,2.17,1.92,27.39,0.8853575482406356,0.8543263964950711,0.7050018254837532,0.07922599488864548,0.0700985761226725,0.7499087258123402,0.8028477546549836,0.4824120603015075,0.11363636363636363,0.64159333324,0.00034333324,1.97,
reanchor_any_g400_b3,reanchor,any,400.0,3.0,0.8844221105527639,0.8542713567839196,0.8793969849246231,0.8492462311557789,0.4090909090909091,0.0,0.4090909090909091,0.0,0.8597156398104265,3.99,19.31,2.17,1.92,27.39,0.8853575482406356,0.8543263964950711,0.7050018254837532,0.07922599488864548,0.0700985761226725,0.7499087258123402,0.8028477546549836,0.4824120603015075,0.11363636363636363,0.64159333324,0.00034333324,1.97,
rung_z3,rung,,,,0.8844221105527639,0.8542713567839196,0.8793969849246231,0.8492462311557789,0.4090909090909091,0.0,0.4090909090909091,0.0,0.8597156398104265,3.99,19.31,2.17,1.92,27.39,0.8853575482406356,0.8543263964950711,0.7050018254837532,0.07922599488864548,0.0700985761226725,0.7499087258123402,0.8028477546549836,0.4824120603015075,0.11363636363636363,0.64159333324,0.00034333324,1.97,
rung_z2,rung,,,,0.9095477386934674,0.8844221105527639,0.8944723618090452,0.8693467336683417,0.4318181818181818,0.0,0.4318181818181818,0.0,0.8947867298578199,8.92,21.15,2.41,2.32,34.8,0.9791903140370791,0.7436781609195402,0.6077586206896551,0.0692528735632184,0.06666666666666667,0.6132183908045977,0.6637931034482759,0.5376884422110553,0.18181818181818182,0.62857288464,0.00047288464000000007,2.04,2.0
