config,table_row,hard_anchor_correct_share,leak_noticed_share,leak_anchor_correct_share,notices_on_background_per_stream,notices_per_incident,notice_precision,strict_precision,quality,cost_s_per_stream
ramp_g1600_s10_d0_n5_r15_over_r3,False,0.8897849462365591,0.9712230215827338,0.8561151079136691,3.585,0.9507148231753196,0.8757581008490729,0.7584474094610986,0.489247311827957,0.8177251827350001
ramp_g1600_s10_d2_n5_r15_over_r3,False,0.8897849462365591,0.9856115107913668,0.9712230215827338,3.575,0.9512791572610986,0.8761261261261262,0.7631670131670132,0.489247311827957,0.78521090105
ramp_g1600_s10_d4_n3_r15_over_r3,False,0.8870967741935484,0.9856115107913668,0.9784172661870504,3.74,1.1348758465011286,0.8896917858722903,0.6478395516885415,0.4946236559139785,0.844645326805
ramp_g1600_s10_d4_n4_r15_over_r3,False,0.8870967741935484,0.9856115107913668,0.9784172661870504,3.645,1.0287810383747178,0.8823814133591481,0.7102291061632785,0.4919354838709677,0.8023987091100001
ramp_g1600_s10_d4_n5_r10_over_r3,False,0.8897849462365591,0.9856115107913668,0.9712230215827338,3.605,0.985515425131678,0.8790268456375839,0.7401006711409396,0.489247311827957,0.79302405292
ramp_g1600_s10_d4_n5_r20_over_r3,False,0.8897849462365591,0.9856115107913668,0.9712230215827338,3.565,0.9366064710308504,0.8747364722417428,0.7726633872101195,0.489247311827957,0.7855915992000001
ramp_g1600_s10_d4_n6_r15_over_r3,False,0.8897849462365591,0.9856115107913668,0.9712230215827338,3.565,0.9315274642588413,0.8741394527802295,0.7772285966460724,0.4865591397849462,0.782038378475
ramp_g1600_s14_d4_n5_r15_over_r3,False,0.8897849462365591,0.9856115107913668,0.9496402877697842,3.62,1.0554928517682467,0.8857142857142857,0.6947119179163378,0.4865591397849462,0.83239722343
ramp_g2000_s10_d4_n5_r15_over_r3,False,0.8897849462365591,0.9640287769784172,0.9496402877697842,3.605,0.9794958615500376,0.8783738191632928,0.7427462887989204,0.4919354838709677,0.786443896765
ramp_g3000_s10_d4_n5_r15_over_r3,False,0.8870967741935484,0.9496402877697842,0.9424460431654677,3.835,1.2069224981188864,0.8932201030210218,0.6186830015313936,0.5026881720430108,0.8841225798500001
ramp_g3000_s14_d4_n3_r10_over_r3,False,0.8494623655913979,0.9496402877697842,0.9496402877697842,7.255,3.920805116629044,0.9349152238270386,0.2098322418587961,0.4650537634408602,1.49720892429
ramp_g3000_s20_d6_n2_r5_over_r3,False,0.8064516129032258,0.9424460431654677,0.9424460431654677,47.49,8.679646350639578,0.8292924028109779,0.0878340732220205,0.2741935483870967,1.029199829015
ramp_over_r3,True,0.8897849462365591,0.9856115107913668,0.9712230215827338,3.58,0.9582392776523702,0.8767641996557659,0.7581755593803786,0.489247311827957,0.7855943054
ramp_over_re2,True,0.9516129032258064,0.9856115107913668,0.9712230215827338,6.37,1.111361926260346,0.8226120857699805,0.6849067112225007,0.553763440860215,0.7914634899
ramp_split_over_r3,True,0.8951612903225806,0.9856115107913668,0.9712230215827338,3.5,0.9620015048908954,0.8796009631922944,0.7633298933608531,0.4919354838709677,0.7869681926100001
ramp_split_over_re2,True,0.9731182795698924,0.9856115107913668,0.9712230215827338,6.24,1.1186982693754703,0.826546212647672,0.6929812369701182,0.5618279569892473,0.7947844322450001
ramp_split_over_re3,True,0.9543010752688172,0.9856115107913668,0.9712230215827338,1.73,1.0291572610985704,0.9405191679559912,0.8258552518480317,0.5241935483870968,0.815620500935
reanchor,True,0.9516129032258064,0.460431654676259,0.0,6.82,1.0410082768999247,0.8022615250797333,0.6717889243258915,0.5510752688172043,0.67031101156
reanchor_z3,True,0.9381720430107529,0.460431654676259,0.0,2.295,0.949398043641836,0.9166363966581912,0.8089357065019979,0.5161290322580645,0.68339586872
rung_z2,True,0.913978494623656,0.460431654676259,0.0,9.03,0.9676448457486831,0.7401438848920864,0.6125179856115108,0.5268817204301075,0.64618595825
rung_z3,True,0.8897849462365591,0.460431654676259,0.0,3.995,0.8861926260346125,0.8549909255898367,0.7480943738656988,0.489247311827957,0.6644913291200001
split_g1000_b3_over_re2,False,0.9731182795698924,0.460431654676259,0.0,6.705,1.0489089541008276,0.8061298250686714,0.6796298973543443,0.5591397849462365,0.67193237101
split_g2000_b3_over_re2,False,0.9731182795698924,0.460431654676259,0.0,6.705,1.0485327313769752,0.8060737527114967,0.679826464208243,0.5591397849462365,0.67193226513
split_g3000_b2_over_re2,False,0.978494623655914,0.4532374100719424,0.0,6.65,1.0522949586155004,0.8079145002888504,0.6824090121317158,0.5591397849462365,0.6753569128400001
split_g3000_b4_over_re2,False,0.9623655913978496,0.460431654676259,0.0,6.74,1.045522949586155,0.804807413843035,0.6772371850564727,0.5591397849462365,0.6722839499750001
split_g5000_b3_over_re2,False,0.9731182795698924,0.460431654676259,0.0,6.695,1.0483446200150488,0.8062789351851852,0.6801215277777778,0.5591397849462365,0.6736320005950001
split_g8000_b3_over_re2,False,0.9704301075268816,0.460431654676259,0.0,6.685,1.0481565086531226,0.806484295845998,0.6799826313504125,0.5591397849462365,0.674381965675
split_over_r3,True,0.8951612903225806,0.460431654676259,0.0,3.91,0.8903310759969902,0.8582048957388939,0.7535811423390752,0.4919354838709677,0.66586526139
split_over_re2,True,0.9731182795698924,0.460431654676259,0.0,6.695,1.0485327313769752,0.8063069579053956,0.680167799797483,0.5591397849462365,0.6736319496200001
