noticer,config,arm,hard_noticed_share,hard_noticed_share_lo,hard_noticed_share_hi,hard_anchor_correct_share,hard_anchor_correct_share_lo,hard_anchor_correct_share_hi,hard_site_correct_share,hard_site_correct_share_lo,hard_site_correct_share_hi,hard_anchor_site_correct_share,hard_anchor_site_correct_share_lo,hard_anchor_site_correct_share_hi,leak_noticed_share,leak_noticed_share_lo,leak_noticed_share_hi,leak_anchor_correct_share,leak_anchor_correct_share_lo,leak_anchor_correct_share_hi,leak_site_correct_share,leak_site_correct_share_lo,leak_site_correct_share_hi,leak_anchor_site_correct_share,leak_anchor_site_correct_share_lo,leak_anchor_site_correct_share_hi,plain_noticed_share,plain_noticed_share_lo,plain_noticed_share_hi,notices_on_background_per_stream,notices_on_background_per_stream_lo,notices_on_background_per_stream_hi,notices_on_plain_per_stream,notices_on_plain_per_stream_lo,notices_on_plain_per_stream_hi,notices_on_hard_per_stream,notices_on_hard_per_stream_lo,notices_on_hard_per_stream_hi,notices_on_decoy_per_stream,notices_on_decoy_per_stream_lo,notices_on_decoy_per_stream_hi,notices_per_stream,notices_per_stream_lo,notices_per_stream_hi,notices_per_incident,notices_per_incident_lo,notices_per_incident_hi,notice_precision,notice_precision_lo,notice_precision_hi,precision_plain,precision_plain_lo,precision_plain_hi,precision_hard,precision_hard_lo,precision_hard_hi,precision_decoy,precision_decoy_lo,precision_decoy_hi,strict_precision,strict_precision_lo,strict_precision_hi,site_correct_notice_share,site_correct_notice_share_lo,site_correct_notice_share_hi,quality,quality_lo,quality_hi,leak_quality,leak_quality_lo,leak_quality_hi,cost_s_per_stream,cost_s_per_stream_lo,cost_s_per_stream_hi,substrate_s_per_stream,substrate_s_per_stream_lo,substrate_s_per_stream_hi,calls_per_stream,calls_per_stream_lo,calls_per_stream_hi,table_row
ramp_g1600_s10_d0_n5_r15_over_r3,ramp_g1600_s10_d0_n5_r15_over_r3,sel_ramp_g1600_s10_d0_n5_r15_over_r3_privileged,0.9220430107526881,0.8992042440318302,0.943342776203966,0.8897849462365591,0.8629032258064516,0.9157608695652174,0.9220430107526881,0.8992042440318302,0.943342776203966,0.8870967741935484,0.8590785907859079,0.9138381201044387,0.9712230215827338,0.9457364341085271,0.9925925925925926,0.8561151079136691,0.8064516129032258,0.9019607843137255,0.9712230215827338,0.9457364341085271,0.9925925925925926,0.8561151079136691,0.8064516129032258,0.9019607843137255,0.8642120075046904,0.8537097526831544,0.8743718592964824,3.585,3.365,3.81,19.895,19.34,20.445,2.84,2.605,3.08,2.535,2.31,2.775,28.855,28.245,29.48,0.9507148231753197,0.9381169324221716,0.9632436528988253,0.8757581008490729,0.8681842244573849,0.8830378866875217,0.6894818922197193,0.6779013203613621,0.7008928571428571,0.09842315023392827,0.09033613445378151,0.10650988411724609,0.0878530583954254,0.08029197080291971,0.09582267689684569,0.7584474094610986,0.7481585408628552,0.7686528044731784,0.8331311731069139,0.8244940683879972,0.8416228144627398,0.489247311827957,0.4469914040114613,0.5320855614973262,0.7841726618705036,0.7266187050359713,0.8385093167701864,0.8177251827350001,0.747526684535,0.889882186895,0.000400182735,0.00038819455,0.00041267290500000007,2.61,2.39,2.835,False
ramp_g1600_s10_d2_n5_r15_over_r3,ramp_g1600_s10_d2_n5_r15_over_r3,sel_ramp_g1600_s10_d2_n5_r15_over_r3_privileged,0.9247311827956989,0.9020172910662824,0.9459459459459459,0.8897849462365591,0.8629032258064516,0.9157608695652174,0.9247311827956989,0.9020172910662824,0.9459459459459459,0.8870967741935484,0.8590785907859079,0.9138381201044387,0.9856115107913669,0.9666666666666667,1.0,0.9712230215827338,0.9454545454545454,0.9927007299270073,0.9856115107913669,0.9666666666666667,1.0,0.9712230215827338,0.9454545454545454,0.9927007299270073,0.8653846153846154,0.8551401869158879,0.8753265257658513,3.575,3.35,3.805,20.145,19.585,20.695,2.67,2.46,2.885,2.47,2.25,2.705,28.86,28.255,29.48,0.9512791572610986,0.9391239792130661,0.9634033067062976,0.8761261261261262,0.8685813751087903,0.8834782608695653,0.6980249480249481,0.6867386007657501,0.7091767881241565,0.09251559251559252,0.0853448275862069,0.09972008397480756,0.08558558558558559,0.07808340727595386,0.09336988178859003,0.7631670131670132,0.7529391121249343,0.7734347976478727,0.8333333333333334,0.8246461857093546,0.8419292378102446,0.489247311827957,0.4469914040114613,0.5320855614973262,0.8201438848920863,0.7697841726618705,0.8692307692307693,0.78521090105,0.7210286154450001,0.8507354989750001,0.00041090105,0.000398449305,0.00042381671000000007,2.5,2.3,2.705,False
ramp_g1600_s10_d4_n3_r15_over_r3,ramp_g1600_s10_d4_n3_r15_over_r3,sel_ramp_g1600_s10_d4_n3_r15_over_r3_privileged,0.9435483870967742,0.9224137931034483,0.9626436781609196,0.8870967741935484,0.859375,0.9141414141414141,0.9435483870967742,0.9224137931034483,0.9626436781609196,0.8844086021505376,0.8556701030927835,0.9120603015075377,0.9856115107913669,0.9666666666666667,1.0,0.9784172661870504,0.9555555555555556,0.9941520467836257,0.9856115107913669,0.9666666666666667,1.0,0.9784172661870504,0.9555555555555556,0.9941520467836257,0.8900093808630394,0.8807569539443685,0.8988603988603988,3.74,3.5,3.985,24.425,23.73,25.12,3.095,2.835,3.36,2.645,2.405,2.895,33.905,33.135,34.695,1.1348758465011286,1.1190160832544938,1.1506493506493507,0.8896917858722903,0.8830108827085853,0.8962264150943396,0.7203952219436661,0.7093631869729573,0.7313476850486582,0.0912844713169149,0.08385228095582911,0.09888641425389755,0.07801209261170919,0.07104716701275586,0.0853394839267695,0.6478395516885415,0.6377986965966691,0.6580849141824752,0.8520867128742073,0.8443528199087027,0.8597735849056604,0.4946236559139785,0.4519774011299435,0.5376344086021505,0.8129496402877698,0.7615384615384615,0.863013698630137,0.844645326805,0.774448492465,0.91638045699,0.0006203268050000001,0.000599892755,0.0006409500150000001,2.735,2.51,2.965,False
ramp_g1600_s10_d4_n4_r15_over_r3,ramp_g1600_s10_d4_n4_r15_over_r3,sel_ramp_g1600_s10_d4_n4_r15_over_r3_privileged,0.9327956989247311,0.9105263157894737,0.9530026109660574,0.8870967741935484,0.859375,0.9141414141414141,0.9327956989247311,0.9105263157894737,0.9530026109660574,0.8844086021505376,0.8556701030927835,0.9120603015075377,0.9856115107913669,0.9666666666666667,1.0,0.9784172661870504,0.9555555555555556,0.9941520467836257,0.9856115107913669,0.9666666666666667,1.0,0.9784172661870504,0.9555555555555556,0.9941520467836257,0.8773452157598499,0.8677764565992866,0.8865762394761459,3.645,3.415,3.88,21.985,21.355,22.6,2.805,2.575,3.035,2.555,2.33,2.795,30.99,30.315,31.68,1.0287810383747178,1.0152218303322815,1.0422345939719715,0.8823814133591481,0.8752430330524952,0.8893776474421635,0.7094223943207486,0.6982068523855267,0.7203852327447833,0.09051306873184899,0.08331992922631494,0.0977886977886978,0.0824459503065505,0.07521286660359508,0.0899951353980866,0.7102291061632785,0.6999186330349878,0.7206328911618987,0.8422071636011617,0.8339914445541297,0.8503781650772773,0.49193548387096775,0.4482758620689655,0.5364583333333334,0.8129496402877698,0.7615384615384615,0.863013698630137,0.8023987091100001,0.7362295148550001,0.870776047355,0.0004987091100000001,0.00048284194500000004,0.0005148088900000001,2.57,2.36,2.785,False
ramp_g1600_s10_d4_n5_r10_over_r3,ramp_g1600_s10_d4_n5_r10_over_r3,sel_ramp_g1600_s10_d4_n5_r10_over_r3_privileged,0.9301075268817204,0.9080118694362018,0.9508599508599509,0.8897849462365591,0.8629032258064516,0.9157608695652174,0.9301075268817204,0.9080118694362018,0.9508599508599509,0.8870967741935484,0.8590785907859079,0.9138381201044387,0.9856115107913669,0.9666666666666667,1.0,0.9712230215827338,0.9454545454545454,0.9927007299270073,0.9856115107913669,0.9666666666666667,1.0,0.9712230215827338,0.9454545454545454,0.9927007299270073,0.8700750469043153,0.8599531615925059,0.8798422639758756,3.605,3.38,3.835,20.94,20.34,21.53,2.73,2.51,2.955,2.525,2.3,2.765,29.8,29.155,30.455,0.985515425131678,0.9726775956284153,0.998142299832807,0.8790268456375839,0.8717211034015908,0.8861029170763685,0.7026845637583893,0.6910288065843622,0.7139467886798848,0.09161073825503356,0.08430873621713317,0.09894978667541844,0.08473154362416108,0.07723440134907252,0.09261116683383484,0.7401006711409396,0.7298387096774194,0.7503744383424863,0.8370805369127516,0.8287136929460581,0.8454082470839493,0.489247311827957,0.4469914040114613,0.5320855614973262,0.8201438848920863,0.7687074829931972,0.8723404255319149,0.79302405292,0.7265126847550001,0.861174246935,0.00044905292000000003,0.000435340345,0.000463114845,2.54,2.33,2.75,False
ramp_g1600_s10_d4_n5_r20_over_r3,ramp_g1600_s10_d4_n5_r20_over_r3,sel_ramp_g1600_s10_d4_n5_r20_over_r3_privileged,0.9193548387096774,0.8963414634146342,0.9411764705882353,0.8897849462365591,0.8629032258064516,0.9157608695652174,0.9193548387096774,0.8963414634146342,0.9411764705882353,0.8870967741935484,0.8590785907859079,0.9138381201044387,0.9856115107913669,0.9666666666666667,1.0,0.9712230215827338,0.9454545454545454,0.9927007299270073,0.9856115107913669,0.9666666666666667,1.0,0.9712230215827338,0.9454545454545454,0.9927007299270073,0.8628048780487805,0.852077952571026,0.8731707317073171,3.565,3.34,3.795,19.835,19.28,20.385,2.63,2.42,2.845,2.43,2.215,2.66,28.46,27.855,29.08,0.9366064710308503,0.9243050338091661,0.9487776484284052,0.8747364722417428,0.8670222222222222,0.8821572404132376,0.6969430780042164,0.6854351687388988,0.7083043780403058,0.09241040056219255,0.08520179372197309,0.09973753280839895,0.08538299367533381,0.0779840848806366,0.09313725490196079,0.7726633872101195,0.7621726138161364,0.783117790982174,0.83134223471539,0.8225778396242824,0.8400774102744546,0.489247311827957,0.4478021978021978,0.5318066157760815,0.8057553956834532,0.7482014388489209,0.8627450980392157,0.7855915992000001,0.721258858265,0.85164796063,0.00039159920000000003,0.00037953276,0.00040369011,2.48,2.28,2.685,False
ramp_g1600_s10_d4_n6_r15_over_r3,ramp_g1600_s10_d4_n6_r15_over_r3,sel_ramp_g1600_s10_d4_n6_r15_over_r3_privileged,0.9166666666666666,0.8929577464788733,0.9392405063291139,0.8897849462365591,0.8629032258064516,0.9157608695652174,0.9166666666666666,0.8929577464788733,0.9392405063291139,0.8870967741935484,0.8590785907859079,0.9138381201044387,0.9856115107913669,0.9666666666666667,1.0,0.9712230215827338,0.9454545454545454,0.9927007299270073,0.9856115107913669,0.9666666666666667,1.0,0.9712230215827338,0.9454545454545454,0.9927007299270073,0.8623358348968105,0.8514828544949027,0.872802734375,3.565,3.34,3.795,19.68,19.13,20.225,2.635,2.43,2.85,2.445,2.23,2.67,28.325,27.73,28.935,0.9315274642588413,0.919080545692394,0.9437111801242236,0.8741394527802295,0.8664081776524498,0.8815694744420446,0.6947925860547219,0.6833189282627485,0.7060697221730667,0.09302736098852604,0.0857447186224037,0.10033327486405894,0.08631950573698147,0.07890039271688683,0.0941218256082401,0.7772285966460724,0.7666608966591657,0.7878022374594009,0.8303618711385702,0.8216045038705138,0.8390641616448068,0.48655913978494625,0.4444444444444444,0.5289256198347108,0.8273381294964028,0.7702702702702703,0.8803418803418803,0.782038378475,0.7178274921950001,0.8476774412050001,0.000388378475,0.00037656387,0.000400597105,2.48,2.285,2.68,False
ramp_g1600_s14_d4_n5_r15_over_r3,ramp_g1600_s14_d4_n5_r15_over_r3,sel_ramp_g1600_s14_d4_n5_r15_over_r3_privileged,0.9408602150537635,0.9203539823008849,0.9601063829787234,0.8897849462365591,0.8626373626373627,0.9153846153846154,0.9381720430107527,0.917312661498708,0.9577039274924471,0.8844086021505376,0.8559782608695652,0.9111111111111111,0.9856115107913669,0.9666666666666667,1.0,0.9496402877697842,0.9166666666666666,0.9781021897810219,0.9856115107913669,0.9666666666666667,1.0,0.9496402877697842,0.9166666666666666,0.9781021897810219,0.8815666041275797,0.8722595078299776,0.8906066994612322,3.62,3.39,3.855,22.515,21.875,23.155,2.95,2.71,3.195,2.59,2.355,2.84,31.675,30.96,32.415,1.0554928517682467,1.041994750656168,1.069346542198514,0.8857142857142857,0.8786046511627907,0.892542101042502,0.7108129439621153,0.6993579454253611,0.721931908155186,0.0931333859510655,0.08571428571428572,0.10053831538948702,0.08176795580110498,0.07445775331822596,0.08945027009850652,0.6947119179163378,0.6845228799000469,0.7050147492625368,0.8459352801894239,0.8379228953579858,0.8539502675480013,0.48655913978494625,0.44385026737967914,0.5297450424929179,0.8201438848920863,0.7692307692307693,0.8688524590163934,0.83239722343,0.7622645425700001,0.9038527915100001,0.0005222234300000001,0.000505492185,0.0005393393100000001,2.675,2.455,2.9,False
ramp_g2000_s10_d4_n5_r15_over_r3,ramp_g2000_s10_d4_n5_r15_over_r3,sel_ramp_g2000_s10_d4_n5_r15_over_r3_privileged,0.9274193548387096,0.9051724137931034,0.9482758620689655,0.8897849462365591,0.8629032258064516,0.9157608695652174,0.9274193548387096,0.9051724137931034,0.9482758620689655,0.8870967741935484,0.8590785907859079,0.9138381201044387,0.9640287769784173,0.9363636363636364,0.9866666666666667,0.9496402877697842,0.9172932330827067,0.9779411764705882,0.9640287769784173,0.9363636363636364,0.9866666666666667,0.9496402877697842,0.9172932330827067,0.9779411764705882,0.8700750469043153,0.8601564351742119,0.8796074676878889,3.605,3.38,3.835,20.86,20.275,21.435,2.7,2.485,2.92,2.475,2.255,2.705,29.64,29.005,30.28,0.9794958615500376,0.9667279411764705,0.9921486020681731,0.8783738191632928,0.8710274087775349,0.8854526606772632,0.703778677462888,0.6924886573685095,0.7148893020111543,0.09109311740890688,0.08398211031969521,0.09831649831649832,0.08350202429149797,0.07615838247683235,0.09115508202266193,0.7427462887989204,0.7325041459369818,0.7531009051290647,0.8363697705802969,0.8278201865988125,0.8447194439735548,0.49193548387096775,0.44886363636363635,0.5353846153846153,0.7985611510791367,0.7480916030534351,0.8478260869565217,0.786443896765,0.72200363743,0.8523592494450001,0.000443896765,0.00043015561,0.00045782225500000005,2.505,2.305,2.705,False
ramp_g3000_s10_d4_n5_r15_over_r3,ramp_g3000_s10_d4_n5_r15_over_r3,sel_ramp_g3000_s10_d4_n5_r15_over_r3_privileged,0.9408602150537635,0.921832884097035,0.958904109589041,0.8870967741935484,0.859375,0.9141414141414141,0.9408602150537635,0.921832884097035,0.958904109589041,0.8844086021505376,0.8556701030927835,0.9120603015075377,0.9496402877697842,0.9126984126984127,0.9802631578947368,0.9424460431654677,0.9032258064516129,0.976,0.9496402877697842,0.9126984126984127,0.9802631578947368,0.9424460431654677,0.9032258064516129,0.976,0.8972795497185742,0.8883837235735395,0.9057542031730997,3.835,3.6,4.075,26.22,25.47,26.97,3.255,2.98,3.54,2.605,2.38,2.84,35.915,35.095,36.755,1.2069224981188864,1.1908761213972132,1.2227150019282684,0.8932201030210218,0.8870095660612782,0.8993115318416524,0.7300570792148128,0.7196515281348186,0.7401702472638833,0.09063065571488237,0.08326229042341575,0.09823045840880591,0.07253236809132674,0.06622054928202983,0.07918680693773102,0.6186830015313936,0.6091467576791809,0.6283858485351023,0.8566058749825978,0.8489731888191672,0.8640858999717435,0.5026881720430108,0.46055979643765904,0.5459459459459459,0.7841726618705036,0.7301587301587301,0.8363636363636363,0.8841225798500001,0.80990402456,0.9614344625750001,0.00069757985,0.000675385275,0.00072013597,2.825,2.595,3.065,False
ramp_g3000_s14_d4_n3_r10_over_r3,ramp_g3000_s14_d4_n3_r10_over_r3,sel_ramp_g3000_s14_d4_n3_r10_over_r3_privileged,0.9973118279569892,0.9919137466307277,1.0,0.8494623655913979,0.8196286472148541,0.8779840848806366,0.9973118279569892,0.9919137466307277,1.0,0.8387096774193549,0.8077922077922078,0.8684863523573201,0.9496402877697842,0.9126984126984127,0.9802631578947368,0.9496402877697842,0.9126984126984127,0.9802631578947368,0.9496402877697842,0.9126984126984127,0.9802631578947368,0.9496402877697842,0.9126984126984127,0.9802631578947368,0.9974202626641651,0.9961343319642426,0.9985941893158388,7.255,6.915,7.61,88.995,86.48,91.52,10.025,9.09,10.97,5.195,4.715,5.705,111.47,108.695,114.195,3.9208051166290443,3.878132118451025,3.962708719851577,0.9349152238270386,0.932077450937541,0.937629562866156,0.7983762447295236,0.7889661852765059,0.8075434371236883,0.08993451152776531,0.08194140795802361,0.0979809185711116,0.04660446756974971,0.04216434665469241,0.05130572408335531,0.2098322418587961,0.2054764512595838,0.21424622189458165,0.9183636852964924,0.9152202633137443,0.9215089747490113,0.4650537634408602,0.4218289085545723,0.5091863517060368,0.7841726618705036,0.7313432835820896,0.8356164383561644,1.49720892429,1.367234950565,1.6287361183250002,0.0036839242900000005,0.003588646655,0.0037777596750000002,5.22,4.765,5.685,False
ramp_g3000_s20_d6_n2_r5_over_r3,ramp_g3000_s20_d6_n2_r5_over_r3,sel_ramp_g3000_s20_d6_n2_r5_over_r3_privileged,1.0,1.0,1.0,0.8064516129032258,0.7711442786069652,0.841025641025641,1.0,1.0,1.0,0.7849462365591398,0.7486486486486487,0.8206521739130435,0.9424460431654677,0.9044585987261147,0.9758064516129032,0.9424460431654677,0.9044585987261147,0.9758064516129032,0.9424460431654677,0.9044585987261147,0.9758064516129032,0.9424460431654677,0.9044585987261147,0.9758064516129032,1.0,1.0,1.0,47.49,46.41,48.6,199.605,193.905,205.375,21.725,19.715,23.79,9.375,8.51,10.285,278.195,272.02,284.39,8.679646350639578,8.597038191738115,8.759602773093498,0.8292924028109779,0.8248880334604138,0.8336301784632921,0.7175003145275796,0.7088124693443785,0.7259627329192546,0.0780927047574543,0.07115941523324378,0.08515142816133199,0.03369938352594403,0.03046732894920946,0.03711004611628538,0.08783407322202053,0.0859881951827547,0.08969285506825443,0.815884541418789,0.811455036389321,0.820256826990052,0.27419354838709675,0.23743016759776536,0.3125,0.8561151079136691,0.8059701492537313,0.9044117647058824,1.029199829015,0.93975339781,1.1212438900750001,0.009024829015000001,0.008826993705000001,0.009224063525000001,3.79,3.46,4.13,False
"RampNoticer (gap 1.6 s, step <= 10, drop <= 4, >= 5 readings, rise >= 15) over rung z = 3",ramp_over_r3,sel_ramp_over_r3_privileged,0.9247311827956989,0.9020172910662824,0.9459459459459459,0.8897849462365591,0.8629032258064516,0.9157608695652174,0.9247311827956989,0.9020172910662824,0.9459459459459459,0.8870967741935484,0.8590785907859079,0.9138381201044387,0.9856115107913669,0.9666666666666667,1.0,0.9712230215827338,0.9454545454545454,0.9927007299270073,0.9856115107913669,0.9666666666666667,1.0,0.9712230215827338,0.9454545454545454,0.9927007299270073,0.8667917448405253,0.8565350980855589,0.8767695521002553,3.58,3.355,3.81,20.325,19.765,20.885,2.67,2.46,2.885,2.475,2.255,2.71,29.05,28.435,29.68,0.9582392776523702,0.945856959941467,0.9705938514416651,0.8767641996557659,0.8692536269882888,0.8840604603229131,0.6996557659208261,0.6882584173645531,0.7107697678477919,0.0919104991394148,0.0847927865441304,0.09910854745673833,0.08519793459552495,0.07778738115816768,0.09298008774890314,0.7581755593803786,0.7479646630867833,0.7683722527472527,0.8339070567986231,0.8252794496990542,0.842470506592644,0.489247311827957,0.4469914040114613,0.5320855614973262,0.8201438848920863,0.7697841726618705,0.8692307692307693,0.7855943054,0.721062117465,0.851683120145,0.00041930540000000005,0.000406581105,0.00043236390000000004,2.5,2.3,2.7,True
"RampNoticer (gap 1.6 s, step <= 10, drop <= 4, >= 5 readings, rise >= 15) over re-anchor (z = 2)",ramp_over_re2,sel_ramp_over_re2_privileged,0.9811827956989247,0.9691516709511568,0.9918478260869565,0.9516129032258065,0.9316239316239316,0.970074812967581,0.9758064516129032,0.9627659574468085,0.9880597014925373,0.946236559139785,0.9257142857142857,0.9656160458452722,0.9856115107913669,0.9666666666666667,1.0,0.9712230215827338,0.9454545454545454,0.9927007299270073,0.9856115107913669,0.9666666666666667,1.0,0.9712230215827338,0.9454545454545454,0.9927007299270073,0.949812382739212,0.9439229843561974,0.9553990610328639,6.37,6.02,6.73,23.445,22.78,24.115,3.13,2.88,3.385,2.965,2.7,3.245,35.91,35.25,36.6,1.111361926260346,1.0993427230046948,1.1233815689261233,0.8226120857699805,0.8127506568939289,0.8321629213483146,0.6528822055137845,0.6398780656782597,0.6654715940430226,0.08716235032024505,0.08029993183367416,0.09405599227692732,0.08256752993595098,0.07538247566063978,0.09003350083752094,0.6849067112225007,0.6740261566586978,0.6955917118620498,0.7433862433862434,0.7318941504178273,0.754858411993337,0.553763440860215,0.5092838196286472,0.6,0.8201438848920863,0.7697841726618705,0.8692307692307693,0.7914634899,0.7283859566700001,0.855862081545,0.0005384899,0.00052282551,0.0005544620350000001,2.63,2.425,2.84,True
"RampNoticer (gap 1.6 s, step <= 10, drop <= 4, >= 5 readings, rise >= 15) + SplitNoticer (gap 8 s, burst >= 4) over rung z = 3",ramp_split_over_r3,sel_ramp_split_over_r3_privileged,0.9274193548387096,0.904891304347826,0.9482288828337875,0.8951612903225806,0.8691099476439791,0.9201773835920177,0.9274193548387096,0.904891304347826,0.9482288828337875,0.8924731182795699,0.8650793650793651,0.9183098591549296,0.9856115107913669,0.9666666666666667,1.0,0.9712230215827338,0.9454545454545454,0.9927007299270073,0.9856115107913669,0.9666666666666667,1.0,0.9712230215827338,0.9454545454545454,0.9927007299270073,0.8703095684803002,0.8600755073147711,0.8800759914509617,3.5,3.275,3.73,20.4,19.84,20.96,2.675,2.465,2.89,2.495,2.275,2.73,29.07,28.455,29.695,0.9620015048908954,0.949517446176689,0.9742723004694835,0.8796009631922944,0.8720248361503967,0.8868984896382157,0.7017543859649122,0.6904138292299633,0.7127955493741307,0.09201926384588924,0.08486199211383508,0.09922613929492691,0.08582731338149295,0.07831628374979037,0.0937231298366294,0.7633298933608531,0.7531766753698869,0.7734470158343484,0.8367733058135535,0.8282653766413269,0.8453749785481379,0.49193548387096775,0.44938271604938274,0.535,0.8201438848920863,0.7697841726618705,0.8692307692307693,0.7869681926100001,0.7223440973,0.8531702844700001,0.00041819261,0.0004055981,0.00043105784000000005,2.505,2.305,2.71,True
"RampNoticer (gap 1.6 s, step <= 10, drop <= 4, >= 5 readings, rise >= 15) + SplitNoticer (gap 3 s, burst >= 3) over re-anchor (z = 2)",ramp_split_over_re2,sel_ramp_split_over_re2_privileged,0.9865591397849462,0.9762532981530343,0.9949109414758269,0.9731182795698925,0.9593301435406698,0.9860724233983287,0.9811827956989247,0.969309462915601,0.991869918699187,0.967741935483871,0.953125,0.9817708333333334,0.9856115107913669,0.9666666666666667,1.0,0.9712230215827338,0.9454545454545454,0.9927007299270073,0.9856115107913669,0.9666666666666667,1.0,0.9712230215827338,0.9454545454545454,0.9927007299270073,0.9559099437148217,0.9504514934012502,0.9612109744560076,6.24,5.885,6.605,23.595,22.92,24.26,3.145,2.895,3.395,2.995,2.73,3.275,35.975,35.315,36.66,1.1186982693754703,1.1069017254313578,1.1303370786516853,0.826546212647672,0.8164926081649261,0.8361690450054885,0.6558721334259903,0.6425876764007266,0.6687826209620539,0.08742182070882558,0.08059904697072838,0.09428369795342273,0.08325225851285616,0.07606548123059555,0.09066778429728975,0.6929812369701182,0.6817685589519651,0.703956343792633,0.746907574704656,0.7351165980795611,0.7586944127708096,0.5618279569892473,0.5172413793103449,0.6077348066298343,0.8201438848920863,0.7697841726618705,0.8692307692307693,0.7947844322450001,0.73114171379,0.859086341035,0.000534432245,0.0005191326450000001,0.00055018739,2.645,2.44,2.855,True
"RampNoticer (gap 1.6 s, step <= 10, drop <= 4, >= 5 readings, rise >= 15) + SplitNoticer (gap 3 s, burst >= 3) over re-anchor at z = 3",ramp_split_over_re3,sel_ramp_split_over_re3_privileged,0.9704301075268817,0.9539295392953929,0.9847715736040609,0.9543010752688172,0.9342465753424658,0.9727520435967303,0.9704301075268817,0.9539295392953929,0.9847715736040609,0.9543010752688172,0.9342465753424658,0.9727520435967303,0.9856115107913669,0.9666666666666667,1.0,0.9712230215827338,0.9454545454545454,0.9927007299270073,0.9856115107913669,0.9666666666666667,1.0,0.9712230215827338,0.9454545454545454,0.9927007299270073,0.925187617260788,0.9165302782324058,0.933364507832593,1.73,1.57,1.895,21.94,21.36,22.515,2.78,2.565,2.995,2.635,2.405,2.88,29.085,28.47,29.715,1.0291572610985704,1.0180146368924752,1.0399922345175694,0.9405191679559911,0.9351475525711257,0.9457831325301205,0.7543407254598591,0.7431712764129874,0.765266856282416,0.09558191507649992,0.08834849545136458,0.1029641185647426,0.09059652741963212,0.08275493860117458,0.09873949579831932,0.8258552518480317,0.8171328671328671,0.8347975882859604,0.8904933814681107,0.8828537374425336,0.8981034482758621,0.5241935483870968,0.48148148148148145,0.5672043010752689,0.8201438848920863,0.7697841726618705,0.8692307692307693,0.815620500935,0.7493611807000001,0.8821324290750001,0.00042050093500000003,0.000407772765,0.000433669895,2.59,2.385,2.795,True
"ReanchorNoticer (B2's row, z = 2)",reanchor,sel_reanchor_privileged,0.978494623655914,0.9657142857142857,0.9896103896103896,0.9516129032258065,0.9316239316239316,0.970074812967581,0.967741935483871,0.9527777777777777,0.9816272965879265,0.946236559139785,0.9257142857142857,0.9656160458452722,0.460431654676259,0.3902439024390244,0.5328467153284672,0.0,0.0,0.0,0.460431654676259,0.3902439024390244,0.5328467153284672,0.0,0.0,0.0,0.9472326454033771,0.9409550693954364,0.9532710280373832,6.82,6.47,7.185,22.56,21.915,23.215,2.715,2.48,2.955,2.395,2.15,2.65,34.49,33.86,35.15,1.0410082768999247,1.0286799620132954,1.053173241852487,0.8022615250797333,0.7919953257376571,0.812224591329069,0.6541026384459263,0.6406995230524642,0.6669632265717675,0.07871846912148449,0.07191237930537542,0.0855465884079237,0.06944041751232241,0.062426900584795324,0.07665146388112402,0.6717889243258915,0.6602592107179263,0.683221672006991,0.7175993041461293,0.705890866985092,0.7293222286042504,0.5510752688172043,0.5068493150684932,0.596816976127321,0.22302158273381295,0.16279069767441862,0.2857142857142857,0.67031101156,0.613694172535,0.7297250403750001,0.00046101156000000003,0.00044725236,0.00047490949,2.235,2.05,2.43,True
ReanchorNoticer at z = 3,reanchor_z3,sel_reanchor_z3_privileged,0.956989247311828,0.9385964912280702,0.9738717339667459,0.9381720430107527,0.914572864321608,0.9602272727272727,0.956989247311828,0.9385964912280702,0.9738717339667459,0.9381720430107527,0.914572864321608,0.9602272727272727,0.460431654676259,0.38926174496644295,0.5298507462686567,0.0,0.0,0.0,0.460431654676259,0.38926174496644295,0.5298507462686567,0.0,0.0,0.0,0.9143996247654784,0.9047837033646143,0.9234858992140546,2.295,2.12,2.475,20.895,20.33,21.455,2.345,2.145,2.55,1.995,1.79,2.21,27.53,26.95,28.12,0.949398043641836,0.9374649990666418,0.9608027006751688,0.9166363966581911,0.9104394585573892,0.9226738934056007,0.7589901925172539,0.7478070175438597,0.7698894042097753,0.08517980385034508,0.07780772686433064,0.09263959390862944,0.07246640029059208,0.06511881008525304,0.08022455632017385,0.8089357065019979,0.7986186841148674,0.8190636075359075,0.8614239011986924,0.8527372262773723,0.8700142450142451,0.5161290322580645,0.4743276283618582,0.5575916230366492,0.17985611510791366,0.12686567164179105,0.23684210526315788,0.68339586872,0.62370930743,0.74479706639,0.00034586872,0.00033539478000000006,0.000356559355,2.165,1.98,2.355,True
"RungNoticer, z = 2",rung_z2,sel_rung_z2_privileged,0.946236559139785,0.9273743016759777,0.9640883977900553,0.9139784946236559,0.8899755501222494,0.9371428571428572,0.9274193548387096,0.9051490514905149,0.9485714285714286,0.8951612903225806,0.8677685950413223,0.9209183673469388,0.460431654676259,0.3870967741935484,0.5362318840579711,0.0,0.0,0.0,0.460431654676259,0.3870967741935484,0.5362318840579711,0.0,0.0,0.0,0.8874296435272045,0.878667329686723,0.8959056210964608,9.03,8.63,9.445,20.885,20.28,21.49,2.565,2.335,2.8,2.27,2.035,2.51,34.75,34.095,35.425,0.9676448457486833,0.9550128534704371,0.9803067600833175,0.7401438848920864,0.7291095396161063,0.7507542019824738,0.6010071942446044,0.5880986937590711,0.6135811293781273,0.07381294964028777,0.06719310839913854,0.08051209103840683,0.06532374100719425,0.05874803935548267,0.07207596029348295,0.6125179856115108,0.6004246284501061,0.6243294185877918,0.6650359712230216,0.6531472597761303,0.6770489450265538,0.5268817204301075,0.481994459833795,0.5722070844686649,0.2158273381294964,0.15028901734104047,0.2867132867132867,0.64618595825,0.5886096079400001,0.70608948499,0.00046095825,0.0004465144600000001,0.00047552921500000004,2.16,1.97,2.355,True
"RungNoticer, z = 3 (default)",rung_z3,sel_rung_z3_privileged,0.9166666666666666,0.8929577464788733,0.9392405063291139,0.8897849462365591,0.8629032258064516,0.9157608695652174,0.9166666666666666,0.8929577464788733,0.9392405063291139,0.8870967741935484,0.8590785907859079,0.9138381201044387,0.460431654676259,0.3835616438356164,0.5357142857142857,0.0,0.0,0.0,0.460431654676259,0.3835616438356164,0.5357142857142857,0.0,0.0,0.0,0.8602251407129456,0.8493282149712092,0.8706792361614697,3.995,3.76,4.24,19.42,18.875,19.97,2.255,2.055,2.46,1.88,1.685,2.085,27.55,26.97,28.14,0.8861926260346125,0.8734439834024896,0.8986121819583655,0.8549909255898367,0.846772751653853,0.8629616220130341,0.7049001814882032,0.6932549163756663,0.7162089391491653,0.08185117967332123,0.07451482973269864,0.08921658986175116,0.06823956442831217,0.06120295462539571,0.07568169170840289,0.7480943738656988,0.7370165745856354,0.7588860388420667,0.8081669691470055,0.7988252569750367,0.8171735241502683,0.489247311827957,0.4478021978021978,0.5318066157760815,0.18705035971223022,0.12686567164179105,0.2534246575342466,0.6644913291200001,0.603965199785,0.7276124645200001,0.00034132912000000003,0.00033106658000000005,0.000351679185,2.1,1.915,2.29,True
split_g1000_b3_over_re2,split_g1000_b3_over_re2,sel_split_g1000_b3_over_re2_privileged,0.9838709677419355,0.9727047146401985,0.9943181818181818,0.9731182795698925,0.9593301435406698,0.9860724233983287,0.9731182795698925,0.9594594594594594,0.9860335195530726,0.967741935483871,0.953125,0.9817708333333334,0.460431654676259,0.3902439024390244,0.5328467153284672,0.0,0.0,0.0,0.460431654676259,0.3902439024390244,0.5328467153284672,0.0,0.0,0.0,0.9533302063789869,0.947539461467038,0.9590009425070688,6.705,6.345,7.075,22.73,22.075,23.385,2.725,2.49,2.965,2.425,2.175,2.685,34.585,33.95,35.245,1.0489089541008276,1.0365510777881912,1.0609223761624598,0.8061298250686714,0.7956849116710107,0.8161998267398209,0.6572213387306636,0.6436316322104959,0.6704055220017257,0.07879138354778083,0.07196315486470926,0.08556686254837323,0.07011710279022698,0.06311239193083573,0.0773472645479611,0.6796298973543443,0.6677784222737819,0.6911871813546977,0.7206881596067659,0.7087658592848904,0.7326328079392878,0.5591397849462365,0.5150812064965197,0.6045918367346939,0.22302158273381295,0.16279069767441862,0.2857142857142857,0.67193237101,0.6151626451400001,0.731011207575,0.00045737101000000005,0.00044385667,0.00047098666,2.245,2.055,2.44,False
split_g2000_b3_over_re2,split_g2000_b3_over_re2,sel_split_g2000_b3_over_re2_privileged,0.9838709677419355,0.9727047146401985,0.9943181818181818,0.9731182795698925,0.9593301435406698,0.9860724233983287,0.9731182795698925,0.9594594594594594,0.9860335195530726,0.967741935483871,0.953125,0.9817708333333334,0.460431654676259,0.3902439024390244,0.5328467153284672,0.0,0.0,0.0,0.460431654676259,0.3902439024390244,0.5328467153284672,0.0,0.0,0.0,0.9533302063789869,0.947539461467038,0.9590009425070688,6.705,6.345,7.075,22.72,22.065,23.375,2.725,2.49,2.965,2.425,2.175,2.685,34.575,33.94,35.235,1.0485327313769752,1.0362332515568975,1.0604885614579294,0.8060737527114967,0.795640725570509,0.8161421911421911,0.6571221981200289,0.6434795029281531,0.6703533467394427,0.07881417208966016,0.07197794224350602,0.08560650029019153,0.07013738250180766,0.0631195335276968,0.07738867271941202,0.679826464208243,0.6679333528208127,0.6913937988988699,0.7208966015907448,0.7089242228907033,0.7328727691421992,0.5591397849462365,0.5150812064965197,0.6045918367346939,0.22302158273381295,0.16279069767441862,0.2857142857142857,0.67193226513,0.6151624718099999,0.731011101695,0.00045726513,0.00044380082000000003,0.0004708075250000001,2.245,2.055,2.44,False
split_g3000_b2_over_re2,split_g3000_b2_over_re2,sel_split_g3000_b2_over_re2_privileged,0.9865591397849462,0.976063829787234,0.9949367088607595,0.978494623655914,0.9658385093167702,0.989821882951654,0.9758064516129032,0.9624664879356568,0.9881656804733728,0.9731182795698925,0.9589442815249267,0.9862258953168044,0.45323741007194246,0.38311688311688313,0.525,0.0,0.0,0.0,0.45323741007194246,0.38311688311688313,0.525,0.0,0.0,0.0,0.9556754221388368,0.9503734039990364,0.9607653184790507,6.65,6.285,7.025,22.805,22.155,23.46,2.725,2.49,2.965,2.44,2.19,2.7,34.62,33.985,35.275,1.0522949586155004,1.039985052316891,1.0643727044268316,0.8079145002888504,0.7973593570608496,0.8182342758222735,0.6587232813402657,0.6451431779898933,0.6719068413391558,0.07871172732524552,0.0719361856417694,0.08554234130964322,0.07047949162333911,0.06346458964373287,0.07771947241526024,0.6824090121317158,0.6702393187490824,0.6944204774230659,0.7206816868861929,0.7086223984142715,0.7328266169510971,0.5591397849462365,0.5147783251231527,0.6049046321525886,0.2158273381294964,0.15602836879432624,0.2785714285714286,0.6753569128400001,0.618158358625,0.735195143465,0.0004569128400000001,0.00044336855500000003,0.0004706276,2.255,2.065,2.455,False
split_g3000_b4_over_re2,split_g3000_b4_over_re2,sel_split_g3000_b4_over_re2_privileged,0.9811827956989247,0.9689922480620154,0.9918918918918919,0.9623655913978495,0.9451371571072319,0.978319783197832,0.9704301075268817,0.9560439560439561,0.9837837837837838,0.956989247311828,0.9389312977099237,0.9739884393063584,0.460431654676259,0.3902439024390244,0.5328467153284672,0.0,0.0,0.0,0.460431654676259,0.3902439024390244,0.5328467153284672,0.0,0.0,0.0,0.950281425891182,0.9442202705910278,0.9561318468250121,6.74,6.385,7.105,22.64,21.985,23.29,2.725,2.49,2.97,2.425,2.175,2.685,34.53,33.9,35.19,1.045522949586155,1.0330532212885155,1.0576271186440678,0.804807413843035,0.7944618898087353,0.8148786442625305,0.6556617434115262,0.642148277875073,0.6686711645643884,0.07891688386909933,0.0720994076000578,0.08576329331046312,0.0702287865624095,0.06321670097030285,0.07747799740297215,0.6772371850564727,0.6654619054503398,0.6887828852269442,0.719953663481031,0.7081136496777973,0.7318602993585175,0.5591397849462365,0.5150812064965197,0.6045918367346939,0.22302158273381295,0.16279069767441862,0.2857142857142857,0.6722839499750001,0.6153832491950001,0.7314343910850001,0.000458949975,0.00044533331,0.000472750855,2.245,2.055,2.44,False
split_g5000_b3_over_re2,split_g5000_b3_over_re2,sel_split_g5000_b3_over_re2_privileged,0.9838709677419355,0.9727047146401985,0.9943181818181818,0.9731182795698925,0.9593301435406698,0.9860724233983287,0.9731182795698925,0.9594594594594594,0.9860335195530726,0.967741935483871,0.953125,0.9817708333333334,0.460431654676259,0.3902439024390244,0.5328467153284672,0.0,0.0,0.0,0.460431654676259,0.3902439024390244,0.5328467153284672,0.0,0.0,0.0,0.9533302063789869,0.9475279850746269,0.9590547496490407,6.695,6.335,7.065,22.71,22.055,23.365,2.73,2.495,2.97,2.425,2.175,2.685,34.56,33.93,35.215,1.0483446200150488,1.0360029390154297,1.0603109196478742,0.8062789351851852,0.7958243340532757,0.8163854031443819,0.6571180555555556,0.6435528419828463,0.6702219659844335,0.07899305555555555,0.07217810550198525,0.08579203666571183,0.07016782407407407,0.06316402270411876,0.07740524781341108,0.6801215277777778,0.6683584686774942,0.6917007597895968,0.7212094907407407,0.709332191780822,0.7331583552055994,0.5591397849462365,0.5150812064965197,0.6045918367346939,0.22302158273381295,0.16279069767441862,0.2857142857142857,0.6736320005950001,0.6165168173300001,0.732751287195,0.000457000595,0.00044358219000000004,0.00047055850000000005,2.25,2.06,2.445,False
split_g8000_b3_over_re2,split_g8000_b3_over_re2,sel_split_g8000_b3_over_re2_privileged,0.9838709677419355,0.9727047146401985,0.9943181818181818,0.9704301075268817,0.9559902200488998,0.9836956521739131,0.9731182795698925,0.9594594594594594,0.9860335195530726,0.9650537634408602,0.9496021220159151,0.9794344473007712,0.460431654676259,0.3902439024390244,0.5328467153284672,0.0,0.0,0.0,0.460431654676259,0.3902439024390244,0.5328467153284672,0.0,0.0,0.0,0.9530956848030019,0.9471899224806202,0.958891454965358,6.685,6.325,7.055,22.705,22.05,23.36,2.73,2.495,2.97,2.425,2.175,2.685,34.545,33.91,35.2,1.0481565086531226,1.0358618099887344,1.0601574212893554,0.806484295845998,0.7960034502587694,0.8166114869727941,0.6572586481401071,0.6437013548573076,0.670415354625881,0.0790273556231003,0.07219858156028369,0.08583321372183149,0.07019829208279056,0.06318956870611836,0.0774352294109133,0.6799826313504125,0.6681034482758621,0.6917024320457796,0.7213779128672746,0.7095271700776288,0.733304106386088,0.5591397849462365,0.5150812064965197,0.6045918367346939,0.22302158273381295,0.16279069767441862,0.2857142857142857,0.674381965675,0.61714512142,0.7337723394600001,0.000456965675,0.00044350252000000006,0.000470545755,2.25,2.06,2.445,False
"SplitNoticer (gap 8 s, burst >= 4) over rung z = 3",split_over_r3,sel_split_over_r3_privileged,0.9193548387096774,0.8959537572254336,0.9418282548476454,0.8951612903225806,0.8691099476439791,0.9201773835920177,0.9193548387096774,0.8959537572254336,0.9418282548476454,0.8924731182795699,0.8650793650793651,0.9183098591549296,0.460431654676259,0.3835616438356164,0.5357142857142857,0.0,0.0,0.0,0.460431654676259,0.3835616438356164,0.5357142857142857,0.0,0.0,0.0,0.8637429643527205,0.8529276164130936,0.8740395809080326,3.91,3.675,4.155,19.505,18.96,20.055,2.26,2.06,2.465,1.9,1.7,2.105,27.575,27.0,28.16,0.8903310759969902,0.877589102444486,0.9027516019600452,0.8582048957388939,0.8499014866559198,0.8661723818350324,0.7073436083408885,0.6958016648570394,0.7186495176848875,0.08195829555757027,0.07458912768647281,0.0893277767711542,0.06890299184043518,0.0617351598173516,0.0763016157989228,0.7535811423390752,0.7425031423954032,0.7644265887509131,0.8112420670897552,0.8018729342636798,0.8203796561604585,0.49193548387096775,0.4502487562189055,0.5346260387811634,0.18705035971223022,0.12686567164179105,0.2534246575342466,0.66586526139,0.6051261897250001,0.7289143045900001,0.00034026139000000003,0.00033019937,0.000350445285,2.105,1.92,2.295,True
"SplitNoticer (gap 3 s, burst >= 3) over re-anchor (z = 2)",split_over_re2,sel_split_over_re2_privileged,0.9838709677419355,0.9727047146401985,0.9943181818181818,0.9731182795698925,0.9593301435406698,0.9860724233983287,0.9731182795698925,0.9594594594594594,0.9860335195530726,0.967741935483871,0.953125,0.9817708333333334,0.460431654676259,0.3902439024390244,0.5328467153284672,0.0,0.0,0.0,0.460431654676259,0.3902439024390244,0.5328467153284672,0.0,0.0,0.0,0.9533302063789869,0.947539461467038,0.9590009425070688,6.695,6.335,7.065,22.715,22.06,23.37,2.73,2.495,2.97,2.425,2.175,2.685,34.565,33.935,35.225,1.0485327313769752,1.0361690348772836,1.0604935980701429,0.8063069579053956,0.7958279754250607,0.816468253968254,0.6571676551424852,0.6435396148757901,0.6703918722786647,0.07898162881527557,0.07217528282972935,0.08577975082342833,0.07015767394763489,0.0631563593932322,0.07739716210405619,0.680167799797483,0.6682975967765146,0.69183939701406,0.7211051641834225,0.7091013824884793,0.7331194399883331,0.5591397849462365,0.5150812064965197,0.6045918367346939,0.22302158273381295,0.16279069767441862,0.2857142857142857,0.6736319496200001,0.6165164120900001,0.73275133618,0.00045694962,0.00044353694500000004,0.00047046720000000003,2.25,2.06,2.445,True
