base,selector,measure,difference,lower,higher
ramp_over_r3,thr,quality,-0.0026881720430107503,-0.007957559681697646,0.0
ramp_over_r3,thr,plain_accuracy,0.000234521575985025,0.0,0.0007075471698113622
ramp_over_r3,thr,critical_misses_per_stream,0.010000000000000009,0.0,0.020000000000000018
ramp_over_r3,thr,calls_per_stream,-0.33500000000000085,-0.3999999999999986,-0.2749999999999986
ramp_over_r3,thr,cost_s_per_stream,-0.09642576744999953,-0.11534961817500022,-0.07825040557499996
ramp_over_r3,thr,esc_decoy_per_stream,-0.010000000000000009,-0.025000000000000133,0.0050000000000001155
ramp_over_r3,thr,esc_plain_per_stream,-0.3550000000000004,-0.41999999999999815,-0.29499999999999815
ramp_over_r3,thr,esc_leak_per_stream,-0.015000000000000013,-0.030000000000000027,-0.004999999999999893
ramp_over_r3,thr,leak_quality,-0.021582733812949617,-0.043749999999999956,0.0
ramp_over_r3,thr,leak_noticed_share,0.0,0.0,0.0
ramp_over_r3,thr,leak_lost_share,0.02158273381294964,0.005952380952380952,0.04411764705882353
ramp_over_r3,thr,decoy_followup_hit_share,0.08872458410351201,0.06557377049180328,0.1138996138996139
ramp_over_r3,thr,followup_retired_decoy_per_stream,0.24,0.175,0.315
ramp_over_r3,thr,followup_retired_leak_per_stream,0.035,0.015,0.055
ramp_over_r3,thr,followup_retired_plain_per_stream,0.785,0.69,0.885
ramp_over_r3,thr,followup_retired_hard_per_stream,0.05,0.025,0.08
ramp_over_r3,thr,followup_retired_background_per_stream,0.035,0.015,0.06
ramp_over_r3,thr,followup_before_decoy_per_stream,0.24,0.175,0.315
ramp_over_r3,thr,notices_on_background_per_stream,0.08499999999999996,0.054999999999999716,0.11999999999999966
ramp_over_r3,thr,hard_anchor_correct_share,0.0,0.0,0.0
ramp_over_r3,chg,quality,-0.0026881720430107503,-0.007957559681697646,0.0
ramp_over_r3,chg,plain_accuracy,0.00023452157598491397,0.0,0.0007075471698113622
ramp_over_r3,chg,critical_misses_per_stream,0.010000000000000009,0.0,0.020000000000000018
ramp_over_r3,chg,calls_per_stream,-0.3150000000000013,-0.384999999999998,-0.25
ramp_over_r3,chg,cost_s_per_stream,-0.0878695250349999,-0.106919696524999,-0.06926753453000067
ramp_over_r3,chg,esc_decoy_per_stream,-0.010000000000000009,-0.025000000000000133,0.0050000000000001155
ramp_over_r3,chg,esc_plain_per_stream,-0.33500000000000085,-0.3999999999999986,-0.2749999999999986
ramp_over_r3,chg,esc_leak_per_stream,-0.015000000000000013,-0.030000000000000027,-0.004999999999999893
ramp_over_r3,chg,leak_quality,-0.014388489208633115,-0.03875968992248069,0.007518796992481258
ramp_over_r3,chg,leak_noticed_share,0.0,0.0,0.0
ramp_over_r3,chg,leak_lost_share,0.02158273381294964,0.0056179775280898875,0.043795620437956206
ramp_over_r3,chg,decoy_followup_hit_share,0.08872458410351201,0.06557377049180328,0.1138996138996139
ramp_over_r3,chg,followup_retired_decoy_per_stream,0.24,0.175,0.315
ramp_over_r3,chg,followup_retired_leak_per_stream,0.035,0.015,0.055
ramp_over_r3,chg,followup_retired_plain_per_stream,0.785,0.69,0.885
ramp_over_r3,chg,followup_retired_hard_per_stream,0.05,0.025,0.08
ramp_over_r3,chg,followup_retired_background_per_stream,0.035,0.015,0.06
ramp_over_r3,chg,followup_before_decoy_per_stream,0.24,0.175,0.315
ramp_over_r3,chg,notices_on_background_per_stream,0.08499999999999996,0.054999999999999716,0.11999999999999966
ramp_over_r3,chg,hard_anchor_correct_share,0.0,0.0,0.0
ramp_over_r3,always,quality,-0.0026881720430107503,-0.007957559681697646,0.0
ramp_over_r3,always,plain_accuracy,0.00023452157598491397,0.0,0.0007075471698113622
ramp_over_r3,always,critical_misses_per_stream,0.010000000000000009,0.0,0.020000000000000018
ramp_over_r3,always,calls_per_stream,-0.36499999999999844,-0.4350000000000023,-0.2950000000000017
ramp_over_r3,always,cost_s_per_stream,-0.09876952503499936,-0.11889382453999975,-0.07941953573499916
ramp_over_r3,always,esc_decoy_per_stream,-0.015000000000000124,-0.03499999999999992,0.0
ramp_over_r3,always,esc_plain_per_stream,-0.384999999999998,-0.4549999999999983,-0.3200000000000003
ramp_over_r3,always,esc_leak_per_stream,-0.010000000000000009,-0.020000000000000018,0.0
ramp_over_r3,always,leak_quality,-0.014388489208633115,-0.03875968992248069,0.007518796992481258
ramp_over_r3,always,leak_noticed_share,0.0,0.0,0.0
ramp_over_r3,always,leak_lost_share,0.014388489208633094,0.0,0.03278688524590164
ramp_over_r3,always,decoy_followup_hit_share,0.08872458410351201,0.06557377049180328,0.1138996138996139
ramp_over_r3,always,followup_retired_decoy_per_stream,0.24,0.175,0.315
ramp_over_r3,always,followup_retired_leak_per_stream,0.035,0.015,0.055
ramp_over_r3,always,followup_retired_plain_per_stream,0.785,0.69,0.885
ramp_over_r3,always,followup_retired_hard_per_stream,0.05,0.025,0.08
ramp_over_r3,always,followup_retired_background_per_stream,0.035,0.015,0.06
ramp_over_r3,always,followup_before_decoy_per_stream,0.24,0.175,0.315
ramp_over_r3,always,notices_on_background_per_stream,0.08499999999999996,0.054999999999999716,0.11999999999999966
ramp_over_r3,always,hard_anchor_correct_share,0.0,0.0,0.0
ramp_over_r3,never,quality,0.0,0.0,0.0
ramp_over_r3,never,plain_accuracy,0.00023452157598491397,0.0,0.0007075471698113622
ramp_over_r3,never,critical_misses_per_stream,0.0,0.0,0.0
ramp_over_r3,never,calls_per_stream,0.0,0.0,0.0
ramp_over_r3,never,cost_s_per_stream,5.919920000000019e-06,4.545605000000027e-06,7.408944999999999e-06
ramp_over_r3,never,esc_decoy_per_stream,0.0,0.0,0.0
ramp_over_r3,never,esc_plain_per_stream,0.0,0.0,0.0
ramp_over_r3,never,esc_leak_per_stream,0.0,0.0,0.0
ramp_over_r3,never,leak_quality,0.0,0.0,0.0
ramp_over_r3,never,leak_noticed_share,0.0,0.0,0.0
ramp_over_r3,never,leak_lost_share,0.050359712230215826,0.022058823529411766,0.08088235294117647
ramp_over_r3,never,decoy_followup_hit_share,0.08872458410351201,0.06557377049180328,0.1138996138996139
ramp_over_r3,never,followup_retired_decoy_per_stream,0.24,0.175,0.315
ramp_over_r3,never,followup_retired_leak_per_stream,0.035,0.015,0.055
ramp_over_r3,never,followup_retired_plain_per_stream,0.785,0.69,0.885
ramp_over_r3,never,followup_retired_hard_per_stream,0.05,0.025,0.08
ramp_over_r3,never,followup_retired_background_per_stream,0.035,0.015,0.06
ramp_over_r3,never,followup_before_decoy_per_stream,0.24,0.175,0.315
ramp_over_r3,never,notices_on_background_per_stream,0.08999999999999986,0.05999999999999961,0.125
ramp_over_r3,never,hard_anchor_correct_share,0.0,0.0,0.0
ramp_over_r3,oracle,quality,-0.0026881720430107503,-0.007957559681697646,0.0
ramp_over_r3,oracle,plain_accuracy,0.00023452157598491397,0.0,0.0007075471698113622
ramp_over_r3,oracle,critical_misses_per_stream,0.010000000000000009,0.0,0.020000000000000018
ramp_over_r3,oracle,calls_per_stream,-0.029999999999999805,-0.050000000000000266,-0.010000000000000231
ramp_over_r3,oracle,cost_s_per_stream,-0.00844408007999986,-0.015668416549999953,-0.0019193625300000239
ramp_over_r3,oracle,esc_decoy_per_stream,0.0,0.0,0.0
ramp_over_r3,oracle,esc_plain_per_stream,0.0,0.0,0.0
ramp_over_r3,oracle,esc_leak_per_stream,-0.010000000000000009,-0.020000000000000018,0.0
ramp_over_r3,oracle,leak_quality,-0.014388489208633115,-0.03875968992248069,0.007518796992481258
ramp_over_r3,oracle,leak_noticed_share,0.0,0.0,0.0
ramp_over_r3,oracle,leak_lost_share,0.014388489208633094,0.0,0.03278688524590164
ramp_over_r3,oracle,decoy_followup_hit_share,0.08872458410351201,0.06557377049180328,0.1138996138996139
ramp_over_r3,oracle,followup_retired_decoy_per_stream,0.24,0.175,0.315
ramp_over_r3,oracle,followup_retired_leak_per_stream,0.035,0.015,0.055
ramp_over_r3,oracle,followup_retired_plain_per_stream,0.785,0.69,0.885
ramp_over_r3,oracle,followup_retired_hard_per_stream,0.05,0.025,0.08
ramp_over_r3,oracle,followup_retired_background_per_stream,0.035,0.015,0.06
ramp_over_r3,oracle,followup_before_decoy_per_stream,0.24,0.175,0.315
ramp_over_r3,oracle,notices_on_background_per_stream,0.08999999999999986,0.05999999999999961,0.125
ramp_over_r3,oracle,hard_anchor_correct_share,0.0,0.0,0.0
ramp_split_over_r3,thr,quality,-0.0026881720430107503,-0.007957559681697646,0.0
ramp_split_over_r3,thr,plain_accuracy,0.000234521575985025,0.0,0.0007075471698113622
ramp_split_over_r3,thr,critical_misses_per_stream,0.010000000000000009,0.0,0.020000000000000018
ramp_split_over_r3,thr,calls_per_stream,-0.3349999999999973,-0.3999999999999986,-0.2749999999999986
ramp_split_over_r3,thr,cost_s_per_stream,-0.09642576742500086,-0.11534961812999978,-0.0782504055600004
ramp_split_over_r3,thr,esc_decoy_per_stream,-0.010000000000000009,-0.025000000000000133,0.0050000000000001155
ramp_split_over_r3,thr,esc_plain_per_stream,-0.3550000000000004,-0.41999999999999815,-0.29499999999999815
ramp_split_over_r3,thr,esc_leak_per_stream,-0.015000000000000013,-0.030000000000000027,-0.004999999999999893
ramp_split_over_r3,thr,leak_quality,-0.021582733812949617,-0.043749999999999956,0.0
ramp_split_over_r3,thr,leak_noticed_share,0.0,0.0,0.0
ramp_split_over_r3,thr,leak_lost_share,0.02158273381294964,0.005952380952380952,0.04411764705882353
ramp_split_over_r3,thr,decoy_followup_hit_share,0.08872458410351201,0.06557377049180328,0.1138996138996139
ramp_split_over_r3,thr,followup_retired_decoy_per_stream,0.24,0.175,0.315
ramp_split_over_r3,thr,followup_retired_leak_per_stream,0.035,0.015,0.055
ramp_split_over_r3,thr,followup_retired_plain_per_stream,0.785,0.69,0.885
ramp_split_over_r3,thr,followup_retired_hard_per_stream,0.05,0.025,0.08
ramp_split_over_r3,thr,followup_retired_background_per_stream,0.035,0.015,0.06
ramp_split_over_r3,thr,followup_before_decoy_per_stream,0.24,0.175,0.315
ramp_split_over_r3,thr,notices_on_background_per_stream,0.08499999999999996,0.054999999999999716,0.11999999999999966
ramp_split_over_r3,thr,hard_anchor_correct_share,0.0,0.0,0.0
ramp_split_over_r3,chg,quality,-0.0026881720430107503,-0.007957559681697646,0.0
ramp_split_over_r3,chg,plain_accuracy,0.00023452157598491397,0.0,0.0007075471698113622
ramp_split_over_r3,chg,critical_misses_per_stream,0.010000000000000009,0.0,0.020000000000000018
ramp_split_over_r3,chg,calls_per_stream,-0.3150000000000013,-0.384999999999998,-0.25
ramp_split_over_r3,chg,cost_s_per_stream,-0.08786952502999945,-0.10691969652000033,-0.06926753452999979
ramp_split_over_r3,chg,esc_decoy_per_stream,-0.010000000000000009,-0.025000000000000133,0.0050000000000001155
ramp_split_over_r3,chg,esc_plain_per_stream,-0.33500000000000085,-0.3999999999999986,-0.2749999999999986
ramp_split_over_r3,chg,esc_leak_per_stream,-0.015000000000000013,-0.030000000000000027,-0.004999999999999893
ramp_split_over_r3,chg,leak_quality,-0.014388489208633115,-0.03875968992248069,0.007518796992481258
ramp_split_over_r3,chg,leak_noticed_share,0.0,0.0,0.0
ramp_split_over_r3,chg,leak_lost_share,0.02158273381294964,0.0056179775280898875,0.043795620437956206
ramp_split_over_r3,chg,decoy_followup_hit_share,0.08872458410351201,0.06557377049180328,0.1138996138996139
ramp_split_over_r3,chg,followup_retired_decoy_per_stream,0.24,0.175,0.315
ramp_split_over_r3,chg,followup_retired_leak_per_stream,0.035,0.015,0.055
ramp_split_over_r3,chg,followup_retired_plain_per_stream,0.785,0.69,0.885
ramp_split_over_r3,chg,followup_retired_hard_per_stream,0.05,0.025,0.08
ramp_split_over_r3,chg,followup_retired_background_per_stream,0.035,0.015,0.06
ramp_split_over_r3,chg,followup_before_decoy_per_stream,0.24,0.175,0.315
ramp_split_over_r3,chg,notices_on_background_per_stream,0.08499999999999996,0.054999999999999716,0.11999999999999966
ramp_split_over_r3,chg,hard_anchor_correct_share,0.0,0.0,0.0
ramp_split_over_r3,always,quality,-0.0026881720430107503,-0.007957559681697646,0.0
ramp_split_over_r3,always,plain_accuracy,0.00023452157598491397,0.0,0.0007075471698113622
ramp_split_over_r3,always,critical_misses_per_stream,0.010000000000000009,0.0,0.020000000000000018
ramp_split_over_r3,always,calls_per_stream,-0.36499999999999844,-0.4350000000000023,-0.2950000000000017
ramp_split_over_r3,always,cost_s_per_stream,-0.0987695250299998,-0.11889382453500019,-0.07941953573499916
ramp_split_over_r3,always,esc_decoy_per_stream,-0.014999999999999902,-0.03499999999999992,0.0
ramp_split_over_r3,always,esc_plain_per_stream,-0.38500000000000156,-0.45500000000000185,-0.3200000000000003
ramp_split_over_r3,always,esc_leak_per_stream,-0.010000000000000009,-0.020000000000000018,0.0
ramp_split_over_r3,always,leak_quality,-0.014388489208633115,-0.03875968992248069,0.007518796992481258
ramp_split_over_r3,always,leak_noticed_share,0.0,0.0,0.0
ramp_split_over_r3,always,leak_lost_share,0.014388489208633094,0.0,0.03278688524590164
ramp_split_over_r3,always,decoy_followup_hit_share,0.08872458410351201,0.06557377049180328,0.1138996138996139
ramp_split_over_r3,always,followup_retired_decoy_per_stream,0.24,0.175,0.315
ramp_split_over_r3,always,followup_retired_leak_per_stream,0.035,0.015,0.055
ramp_split_over_r3,always,followup_retired_plain_per_stream,0.785,0.69,0.885
ramp_split_over_r3,always,followup_retired_hard_per_stream,0.05,0.025,0.08
ramp_split_over_r3,always,followup_retired_background_per_stream,0.035,0.015,0.06
ramp_split_over_r3,always,followup_before_decoy_per_stream,0.24,0.175,0.315
ramp_split_over_r3,always,notices_on_background_per_stream,0.08499999999999996,0.054999999999999716,0.11999999999999966
ramp_split_over_r3,always,hard_anchor_correct_share,0.0,0.0,0.0
ramp_split_over_r3,never,quality,0.0,0.0,0.0
ramp_split_over_r3,never,plain_accuracy,0.000234521575985025,0.0,0.0007075471698113622
ramp_split_over_r3,never,critical_misses_per_stream,0.0,0.0,0.0
ramp_split_over_r3,never,calls_per_stream,0.0,0.0,0.0
ramp_split_over_r3,never,cost_s_per_stream,5.919924999999999e-06,4.545605000000027e-06,7.4089599999999935e-06
ramp_split_over_r3,never,esc_decoy_per_stream,0.0,0.0,0.0
ramp_split_over_r3,never,esc_plain_per_stream,0.0,0.0,0.0
ramp_split_over_r3,never,esc_leak_per_stream,0.0,0.0,0.0
ramp_split_over_r3,never,leak_quality,0.0,0.0,0.0
ramp_split_over_r3,never,leak_noticed_share,0.0,0.0,0.0
ramp_split_over_r3,never,leak_lost_share,0.050359712230215826,0.022058823529411766,0.08088235294117647
ramp_split_over_r3,never,decoy_followup_hit_share,0.08872458410351201,0.06557377049180328,0.1138996138996139
ramp_split_over_r3,never,followup_retired_decoy_per_stream,0.24,0.175,0.315
ramp_split_over_r3,never,followup_retired_leak_per_stream,0.035,0.015,0.055
ramp_split_over_r3,never,followup_retired_plain_per_stream,0.785,0.69,0.885
ramp_split_over_r3,never,followup_retired_hard_per_stream,0.05,0.025,0.08
ramp_split_over_r3,never,followup_retired_background_per_stream,0.035,0.015,0.06
ramp_split_over_r3,never,followup_before_decoy_per_stream,0.24,0.175,0.315
ramp_split_over_r3,never,notices_on_background_per_stream,0.08999999999999986,0.05999999999999961,0.125
ramp_split_over_r3,never,hard_anchor_correct_share,0.0,0.0,0.0
ramp_split_over_r3,oracle,quality,-0.0026881720430107503,-0.007957559681697646,0.0
ramp_split_over_r3,oracle,plain_accuracy,0.000234521575985025,0.0,0.0007075471698113622
ramp_split_over_r3,oracle,critical_misses_per_stream,0.010000000000000009,0.0,0.020000000000000018
ramp_split_over_r3,oracle,calls_per_stream,-0.029999999999999805,-0.050000000000000266,-0.010000000000000231
ramp_split_over_r3,oracle,cost_s_per_stream,-0.008444080075000082,-0.015668416539999952,-0.0019193625299999129
ramp_split_over_r3,oracle,esc_decoy_per_stream,0.0,0.0,0.0
ramp_split_over_r3,oracle,esc_plain_per_stream,0.0,0.0,0.0
ramp_split_over_r3,oracle,esc_leak_per_stream,-0.010000000000000009,-0.020000000000000018,0.0
ramp_split_over_r3,oracle,leak_quality,-0.014388489208633115,-0.03875968992248069,0.007518796992481258
ramp_split_over_r3,oracle,leak_noticed_share,0.0,0.0,0.0
ramp_split_over_r3,oracle,leak_lost_share,0.014388489208633094,0.0,0.03278688524590164
ramp_split_over_r3,oracle,decoy_followup_hit_share,0.08872458410351201,0.06557377049180328,0.1138996138996139
ramp_split_over_r3,oracle,followup_retired_decoy_per_stream,0.24,0.175,0.315
ramp_split_over_r3,oracle,followup_retired_leak_per_stream,0.035,0.015,0.055
ramp_split_over_r3,oracle,followup_retired_plain_per_stream,0.785,0.69,0.885
ramp_split_over_r3,oracle,followup_retired_hard_per_stream,0.05,0.025,0.08
ramp_split_over_r3,oracle,followup_retired_background_per_stream,0.035,0.015,0.06
ramp_split_over_r3,oracle,followup_before_decoy_per_stream,0.24,0.175,0.315
ramp_split_over_r3,oracle,notices_on_background_per_stream,0.08999999999999986,0.05999999999999961,0.125
ramp_split_over_r3,oracle,hard_anchor_correct_share,0.0,0.0,0.0
ramp_over_re2,thr,quality,-0.0026881720430107503,-0.007957559681697646,0.0
ramp_over_re2,thr,plain_accuracy,0.0,0.0,0.0
ramp_over_re2,thr,critical_misses_per_stream,0.010000000000000009,0.0,0.020000000000000018
ramp_over_re2,thr,calls_per_stream,-0.245000000000001,-0.3000000000000007,-0.19000000000000128
ramp_over_re2,thr,cost_s_per_stream,-0.07811733486999994,-0.0941659957150005,-0.0625673560049993
ramp_over_re2,thr,esc_decoy_per_stream,-0.010000000000000009,-0.025000000000000133,0.0050000000000001155
ramp_over_re2,thr,esc_plain_per_stream,-0.259999999999998,-0.3150000000000013,-0.2049999999999983
ramp_over_re2,thr,esc_leak_per_stream,-0.015000000000000013,-0.030000000000000027,-0.004999999999999893
ramp_over_re2,thr,leak_quality,-0.014388489208633115,-0.03875968992248069,0.007518796992481147
ramp_over_re2,thr,leak_noticed_share,0.0,0.0,0.0
ramp_over_re2,thr,leak_lost_share,0.02158273381294964,0.005952380952380952,0.04411764705882353
ramp_over_re2,thr,decoy_followup_hit_share,0.08872458410351201,0.06557377049180328,0.1138996138996139
ramp_over_re2,thr,followup_retired_decoy_per_stream,0.24,0.175,0.315
ramp_over_re2,thr,followup_retired_leak_per_stream,0.035,0.015,0.055
ramp_over_re2,thr,followup_retired_plain_per_stream,0.785,0.69,0.885
ramp_over_re2,thr,followup_retired_hard_per_stream,0.05,0.025,0.08
ramp_over_re2,thr,followup_retired_background_per_stream,0.035,0.015,0.06
ramp_over_re2,thr,followup_before_decoy_per_stream,0.24,0.175,0.315
ramp_over_re2,thr,notices_on_background_per_stream,0.09999999999999964,0.06500000000000039,0.1349999999999998
ramp_over_re2,thr,hard_anchor_correct_share,0.0,0.0,0.0
ramp_over_re2,chg,quality,-0.005376344086021501,-0.012048192771084376,0.0
ramp_over_re2,chg,plain_accuracy,0.0,0.0,0.0
ramp_over_re2,chg,critical_misses_per_stream,0.010000000000000009,0.0,0.020000000000000018
ramp_over_re2,chg,calls_per_stream,-0.22500000000000142,-0.2799999999999976,-0.17499999999999716
ramp_over_re2,chg,cost_s_per_stream,-0.07058953461999984,-0.08638839902499917,-0.05504233715999973
ramp_over_re2,chg,esc_decoy_per_stream,-0.004999999999999893,-0.020000000000000018,0.010000000000000009
ramp_over_re2,chg,esc_plain_per_stream,-0.254999999999999,-0.30500000000000327,-0.2049999999999983
ramp_over_re2,chg,esc_leak_per_stream,-0.010000000000000009,-0.020000000000000018,0.0
ramp_over_re2,chg,leak_quality,-0.014388489208633115,-0.03875968992248069,0.007518796992481258
ramp_over_re2,chg,leak_noticed_share,0.0,0.0,0.0
ramp_over_re2,chg,leak_lost_share,0.014388489208633094,0.0,0.03278688524590164
ramp_over_re2,chg,decoy_followup_hit_share,0.08872458410351201,0.06557377049180328,0.1138996138996139
ramp_over_re2,chg,followup_retired_decoy_per_stream,0.24,0.175,0.315
ramp_over_re2,chg,followup_retired_leak_per_stream,0.035,0.015,0.055
ramp_over_re2,chg,followup_retired_plain_per_stream,0.785,0.69,0.885
ramp_over_re2,chg,followup_retired_hard_per_stream,0.05,0.025,0.08
ramp_over_re2,chg,followup_retired_background_per_stream,0.035,0.015,0.06
ramp_over_re2,chg,followup_before_decoy_per_stream,0.24,0.175,0.315
ramp_over_re2,chg,notices_on_background_per_stream,0.10499999999999954,0.07000000000000028,0.13999999999999968
ramp_over_re2,chg,hard_anchor_correct_share,0.0,0.0,0.0
ramp_over_re2,always,quality,-0.0026881720430107503,-0.007957559681697646,0.0
ramp_over_re2,always,plain_accuracy,0.0,0.0,0.0
ramp_over_re2,always,critical_misses_per_stream,0.010000000000000009,0.0,0.020000000000000018
ramp_over_re2,always,calls_per_stream,-0.26500000000000057,-0.3200000000000003,-0.21000000000000085
ramp_over_re2,always,cost_s_per_stream,-0.07703981601999921,-0.09311634360500065,-0.061415610150000965
ramp_over_re2,always,esc_decoy_per_stream,-0.014999999999999902,-0.03499999999999992,0.0
ramp_over_re2,always,esc_plain_per_stream,-0.2799999999999976,-0.33500000000000085,-0.22499999999999787
ramp_over_re2,always,esc_leak_per_stream,-0.010000000000000009,-0.020000000000000018,0.0
ramp_over_re2,always,leak_quality,-0.014388489208633115,-0.03875968992248069,0.007518796992481258
ramp_over_re2,always,leak_noticed_share,0.0,0.0,0.0
ramp_over_re2,always,leak_lost_share,0.014388489208633094,0.0,0.03278688524590164
ramp_over_re2,always,decoy_followup_hit_share,0.08872458410351201,0.06557377049180328,0.1138996138996139
ramp_over_re2,always,followup_retired_decoy_per_stream,0.24,0.175,0.315
ramp_over_re2,always,followup_retired_leak_per_stream,0.035,0.015,0.055
ramp_over_re2,always,followup_retired_plain_per_stream,0.785,0.69,0.885
ramp_over_re2,always,followup_retired_hard_per_stream,0.05,0.025,0.08
ramp_over_re2,always,followup_retired_background_per_stream,0.035,0.015,0.06
ramp_over_re2,always,followup_before_decoy_per_stream,0.24,0.175,0.315
ramp_over_re2,always,notices_on_background_per_stream,0.09999999999999964,0.06500000000000039,0.1349999999999998
ramp_over_re2,always,hard_anchor_correct_share,0.0,0.0,0.0
ramp_over_re2,never,quality,0.0,0.0,0.0
ramp_over_re2,never,plain_accuracy,0.0,0.0,0.0
ramp_over_re2,never,critical_misses_per_stream,0.0,0.0,0.0
ramp_over_re2,never,calls_per_stream,0.0,0.0,0.0
ramp_over_re2,never,cost_s_per_stream,1.0508649999999898e-05,8.46270000000001e-06,1.2674579999999913e-05
ramp_over_re2,never,esc_decoy_per_stream,0.0,0.0,0.0
ramp_over_re2,never,esc_plain_per_stream,0.0,0.0,0.0
ramp_over_re2,never,esc_leak_per_stream,0.0,0.0,0.0
ramp_over_re2,never,leak_quality,0.0,0.0,0.0
ramp_over_re2,never,leak_noticed_share,0.0,0.0,0.0
ramp_over_re2,never,leak_lost_share,0.050359712230215826,0.022058823529411766,0.08088235294117647
ramp_over_re2,never,decoy_followup_hit_share,0.08872458410351201,0.06557377049180328,0.1138996138996139
ramp_over_re2,never,followup_retired_decoy_per_stream,0.24,0.175,0.315
ramp_over_re2,never,followup_retired_leak_per_stream,0.035,0.015,0.055
ramp_over_re2,never,followup_retired_plain_per_stream,0.785,0.69,0.885
ramp_over_re2,never,followup_retired_hard_per_stream,0.05,0.025,0.08
ramp_over_re2,never,followup_retired_background_per_stream,0.035,0.015,0.06
ramp_over_re2,never,followup_before_decoy_per_stream,0.24,0.175,0.315
ramp_over_re2,never,notices_on_background_per_stream,0.10499999999999954,0.07000000000000028,0.13999999999999968
ramp_over_re2,never,hard_anchor_correct_share,0.0,0.0,0.0
ramp_over_re2,oracle,quality,-0.0026881720430107503,-0.007957559681697646,0.0
ramp_over_re2,oracle,plain_accuracy,0.0,0.0,0.0
ramp_over_re2,oracle,critical_misses_per_stream,0.010000000000000009,0.0,0.020000000000000018
ramp_over_re2,oracle,calls_per_stream,-0.02499999999999991,-0.04499999999999993,-0.009999999999999787
ramp_over_re2,oracle,cost_s_per_stream,-0.008514491350000042,-0.015012500385000016,-0.00284139312499998
ramp_over_re2,oracle,esc_decoy_per_stream,0.0,0.0,0.0
ramp_over_re2,oracle,esc_plain_per_stream,0.0,0.0,0.0
ramp_over_re2,oracle,esc_leak_per_stream,-0.010000000000000009,-0.020000000000000018,0.0
ramp_over_re2,oracle,leak_quality,-0.014388489208633115,-0.03875968992248069,0.007518796992481258
ramp_over_re2,oracle,leak_noticed_share,0.0,0.0,0.0
ramp_over_re2,oracle,leak_lost_share,0.014388489208633094,0.0,0.03278688524590164
ramp_over_re2,oracle,decoy_followup_hit_share,0.08872458410351201,0.06557377049180328,0.1138996138996139
ramp_over_re2,oracle,followup_retired_decoy_per_stream,0.24,0.175,0.315
ramp_over_re2,oracle,followup_retired_leak_per_stream,0.035,0.015,0.055
ramp_over_re2,oracle,followup_retired_plain_per_stream,0.785,0.69,0.885
ramp_over_re2,oracle,followup_retired_hard_per_stream,0.05,0.025,0.08
ramp_over_re2,oracle,followup_retired_background_per_stream,0.035,0.015,0.06
ramp_over_re2,oracle,followup_before_decoy_per_stream,0.24,0.175,0.315
ramp_over_re2,oracle,notices_on_background_per_stream,0.10499999999999954,0.07000000000000028,0.13999999999999968
ramp_over_re2,oracle,hard_anchor_correct_share,0.0,0.0,0.0
ramp_split_over_re2,thr,quality,-0.0026881720430107503,-0.007957559681697646,0.0
ramp_split_over_re2,thr,plain_accuracy,0.0,0.0,0.0
ramp_split_over_re2,thr,critical_misses_per_stream,0.010000000000000009,0.0,0.020000000000000018
ramp_split_over_re2,thr,calls_per_stream,-0.24499999999999744,-0.3000000000000007,-0.19000000000000128
ramp_split_over_re2,thr,cost_s_per_stream,-0.07811733483999994,-0.09416599575499873,-0.06256735596500018
ramp_split_over_re2,thr,esc_decoy_per_stream,-0.010000000000000009,-0.025000000000000133,0.0050000000000001155
ramp_split_over_re2,thr,esc_plain_per_stream,-0.26000000000000156,-0.3150000000000013,-0.2049999999999983
ramp_split_over_re2,thr,esc_leak_per_stream,-0.015000000000000013,-0.030000000000000027,-0.004999999999999893
ramp_split_over_re2,thr,leak_quality,-0.014388489208633115,-0.03875968992248069,0.007518796992481147
ramp_split_over_re2,thr,leak_noticed_share,0.0,0.0,0.0
ramp_split_over_re2,thr,leak_lost_share,0.02158273381294964,0.005952380952380952,0.04411764705882353
ramp_split_over_re2,thr,decoy_followup_hit_share,0.08872458410351201,0.06557377049180328,0.1138996138996139
ramp_split_over_re2,thr,followup_retired_decoy_per_stream,0.24,0.175,0.315
ramp_split_over_re2,thr,followup_retired_leak_per_stream,0.035,0.015,0.055
ramp_split_over_re2,thr,followup_retired_plain_per_stream,0.785,0.69,0.885
ramp_split_over_re2,thr,followup_retired_hard_per_stream,0.05,0.025,0.08
ramp_split_over_re2,thr,followup_retired_background_per_stream,0.035,0.015,0.06
ramp_split_over_re2,thr,followup_before_decoy_per_stream,0.24,0.175,0.315
ramp_split_over_re2,thr,notices_on_background_per_stream,0.09999999999999964,0.06500000000000039,0.1349999999999998
ramp_split_over_re2,thr,hard_anchor_correct_share,0.0,0.0,0.0
ramp_split_over_re2,chg,quality,-0.005376344086021501,-0.012048192771084376,0.0
ramp_split_over_re2,chg,plain_accuracy,0.0,0.0,0.0
ramp_split_over_re2,chg,critical_misses_per_stream,0.009999999999999898,0.0,0.020000000000000018
ramp_split_over_re2,chg,calls_per_stream,-0.22500000000000142,-0.2799999999999976,-0.17499999999999716
ramp_split_over_re2,chg,cost_s_per_stream,-0.07058953461999984,-0.08638839896500006,-0.05504233717500018
ramp_split_over_re2,chg,esc_decoy_per_stream,-0.0050000000000001155,-0.020000000000000018,0.010000000000000009
ramp_split_over_re2,chg,esc_plain_per_stream,-0.254999999999999,-0.30500000000000327,-0.2049999999999983
ramp_split_over_re2,chg,esc_leak_per_stream,-0.010000000000000009,-0.020000000000000018,0.0
ramp_split_over_re2,chg,leak_quality,-0.014388489208633115,-0.03875968992248069,0.007518796992481258
ramp_split_over_re2,chg,leak_noticed_share,0.0,0.0,0.0
ramp_split_over_re2,chg,leak_lost_share,0.014388489208633094,0.0,0.03278688524590164
ramp_split_over_re2,chg,decoy_followup_hit_share,0.08872458410351201,0.06557377049180328,0.1138996138996139
ramp_split_over_re2,chg,followup_retired_decoy_per_stream,0.24,0.175,0.315
ramp_split_over_re2,chg,followup_retired_leak_per_stream,0.035,0.015,0.055
ramp_split_over_re2,chg,followup_retired_plain_per_stream,0.785,0.69,0.885
ramp_split_over_re2,chg,followup_retired_hard_per_stream,0.05,0.025,0.08
ramp_split_over_re2,chg,followup_retired_background_per_stream,0.035,0.015,0.06
ramp_split_over_re2,chg,followup_before_decoy_per_stream,0.24,0.175,0.315
ramp_split_over_re2,chg,notices_on_background_per_stream,0.10499999999999954,0.07000000000000028,0.14000000000000057
ramp_split_over_re2,chg,hard_anchor_correct_share,0.0,0.0,0.0
ramp_split_over_re2,always,quality,-0.0026881720430107503,-0.007957559681697646,0.0
ramp_split_over_re2,always,plain_accuracy,0.0,0.0,0.0
ramp_split_over_re2,always,critical_misses_per_stream,0.010000000000000009,0.0,0.020000000000000018
ramp_split_over_re2,always,calls_per_stream,-0.26500000000000057,-0.3200000000000003,-0.21000000000000085
ramp_split_over_re2,always,cost_s_per_stream,-0.07703981602000098,-0.09311634359999932,-0.06141561016500052
ramp_split_over_re2,always,esc_decoy_per_stream,-0.015000000000000124,-0.03499999999999992,0.0
ramp_split_over_re2,always,esc_plain_per_stream,-0.28000000000000114,-0.33500000000000085,-0.22499999999999787
ramp_split_over_re2,always,esc_leak_per_stream,-0.010000000000000009,-0.020000000000000018,0.0
ramp_split_over_re2,always,leak_quality,-0.014388489208633115,-0.03875968992248069,0.007518796992481258
ramp_split_over_re2,always,leak_noticed_share,0.0,0.0,0.0
ramp_split_over_re2,always,leak_lost_share,0.014388489208633094,0.0,0.03278688524590164
ramp_split_over_re2,always,decoy_followup_hit_share,0.08872458410351201,0.06557377049180328,0.1138996138996139
ramp_split_over_re2,always,followup_retired_decoy_per_stream,0.24,0.175,0.315
ramp_split_over_re2,always,followup_retired_leak_per_stream,0.035,0.015,0.055
ramp_split_over_re2,always,followup_retired_plain_per_stream,0.785,0.69,0.885
ramp_split_over_re2,always,followup_retired_hard_per_stream,0.05,0.025,0.08
ramp_split_over_re2,always,followup_retired_background_per_stream,0.035,0.015,0.06
ramp_split_over_re2,always,followup_before_decoy_per_stream,0.24,0.175,0.315
ramp_split_over_re2,always,notices_on_background_per_stream,0.09999999999999964,0.06500000000000039,0.1349999999999998
ramp_split_over_re2,always,hard_anchor_correct_share,0.0,0.0,0.0
ramp_split_over_re2,never,quality,0.0,0.0,0.0
ramp_split_over_re2,never,plain_accuracy,0.0,0.0,0.0
ramp_split_over_re2,never,critical_misses_per_stream,0.0,0.0,0.0
ramp_split_over_re2,never,calls_per_stream,0.0,0.0,0.0
ramp_split_over_re2,never,cost_s_per_stream,1.0508645000000027e-05,8.46268000000009e-06,1.2674545000000053e-05
ramp_split_over_re2,never,esc_decoy_per_stream,0.0,0.0,0.0
ramp_split_over_re2,never,esc_plain_per_stream,0.0,0.0,0.0
ramp_split_over_re2,never,esc_leak_per_stream,0.0,0.0,0.0
ramp_split_over_re2,never,leak_quality,0.0,0.0,0.0
ramp_split_over_re2,never,leak_noticed_share,0.0,0.0,0.0
ramp_split_over_re2,never,leak_lost_share,0.050359712230215826,0.022058823529411766,0.08088235294117647
ramp_split_over_re2,never,decoy_followup_hit_share,0.08872458410351201,0.06557377049180328,0.1138996138996139
ramp_split_over_re2,never,followup_retired_decoy_per_stream,0.24,0.175,0.315
ramp_split_over_re2,never,followup_retired_leak_per_stream,0.035,0.015,0.055
ramp_split_over_re2,never,followup_retired_plain_per_stream,0.785,0.69,0.885
ramp_split_over_re2,never,followup_retired_hard_per_stream,0.05,0.025,0.08
ramp_split_over_re2,never,followup_retired_background_per_stream,0.035,0.015,0.06
ramp_split_over_re2,never,followup_before_decoy_per_stream,0.24,0.175,0.315
ramp_split_over_re2,never,notices_on_background_per_stream,0.10499999999999954,0.07000000000000028,0.14000000000000057
ramp_split_over_re2,never,hard_anchor_correct_share,0.0,0.0,0.0
ramp_split_over_re2,oracle,quality,-0.0026881720430107503,-0.007957559681697646,0.0
ramp_split_over_re2,oracle,plain_accuracy,0.0,0.0,0.0
ramp_split_over_re2,oracle,critical_misses_per_stream,0.010000000000000009,0.0,0.020000000000000018
ramp_split_over_re2,oracle,calls_per_stream,-0.02499999999999991,-0.04499999999999993,-0.009999999999999787
ramp_split_over_re2,oracle,cost_s_per_stream,-0.008514491355000042,-0.015012500380000016,-0.0028413931399999814
ramp_split_over_re2,oracle,esc_decoy_per_stream,0.0,0.0,0.0
ramp_split_over_re2,oracle,esc_plain_per_stream,0.0,0.0,0.0
ramp_split_over_re2,oracle,esc_leak_per_stream,-0.010000000000000009,-0.020000000000000018,0.0
ramp_split_over_re2,oracle,leak_quality,-0.014388489208633115,-0.03875968992248069,0.007518796992481258
ramp_split_over_re2,oracle,leak_noticed_share,0.0,0.0,0.0
ramp_split_over_re2,oracle,leak_lost_share,0.014388489208633094,0.0,0.03278688524590164
ramp_split_over_re2,oracle,decoy_followup_hit_share,0.08872458410351201,0.06557377049180328,0.1138996138996139
ramp_split_over_re2,oracle,followup_retired_decoy_per_stream,0.24,0.175,0.315
ramp_split_over_re2,oracle,followup_retired_leak_per_stream,0.035,0.015,0.055
ramp_split_over_re2,oracle,followup_retired_plain_per_stream,0.785,0.69,0.885
ramp_split_over_re2,oracle,followup_retired_hard_per_stream,0.05,0.025,0.08
ramp_split_over_re2,oracle,followup_retired_background_per_stream,0.035,0.015,0.06
ramp_split_over_re2,oracle,followup_before_decoy_per_stream,0.24,0.175,0.315
ramp_split_over_re2,oracle,notices_on_background_per_stream,0.10499999999999954,0.07000000000000028,0.14000000000000057
ramp_split_over_re2,oracle,hard_anchor_correct_share,0.0,0.0,0.0
ramp_split_over_re3,thr,quality,-0.0026881720430107503,-0.007957559681697646,0.0
ramp_split_over_re3,thr,plain_accuracy,0.000234521575985025,0.0,0.0007024116132053893
ramp_split_over_re3,thr,critical_misses_per_stream,0.010000000000000009,0.0,0.020000000000000018
ramp_split_over_re3,thr,calls_per_stream,-0.33999999999999986,-0.4049999999999976,-0.27500000000000213
ramp_split_over_re3,thr,cost_s_per_stream,-0.10105074791000046,-0.11985000468999907,-0.08287676475500039
ramp_split_over_re3,thr,esc_decoy_per_stream,-0.010000000000000009,-0.025000000000000133,0.0050000000000001155
ramp_split_over_re3,thr,esc_plain_per_stream,-0.375,-0.4400000000000013,-0.3099999999999987
ramp_split_over_re3,thr,esc_leak_per_stream,-0.020000000000000018,-0.03500000000000003,-0.0050000000000000044
ramp_split_over_re3,thr,leak_quality,-0.021582733812949617,-0.043749999999999956,0.0
ramp_split_over_re3,thr,leak_noticed_share,0.0,0.0,0.0
ramp_split_over_re3,thr,leak_lost_share,0.02877697841726619,0.007352941176470588,0.05343511450381679
ramp_split_over_re3,thr,decoy_followup_hit_share,0.08872458410351201,0.06557377049180328,0.1138996138996139
ramp_split_over_re3,thr,followup_retired_decoy_per_stream,0.24,0.175,0.315
ramp_split_over_re3,thr,followup_retired_leak_per_stream,0.035,0.015,0.055
ramp_split_over_re3,thr,followup_retired_plain_per_stream,0.785,0.69,0.885
ramp_split_over_re3,thr,followup_retired_hard_per_stream,0.05,0.025,0.08
ramp_split_over_re3,thr,followup_retired_background_per_stream,0.035,0.015,0.06
ramp_split_over_re3,thr,followup_before_decoy_per_stream,0.24,0.175,0.315
ramp_split_over_re3,thr,notices_on_background_per_stream,0.10999999999999988,0.07000000000000006,0.15000000000000013
ramp_split_over_re3,thr,hard_anchor_correct_share,0.0,0.0,0.0
ramp_split_over_re3,chg,quality,-0.0026881720430107503,-0.007957559681697646,0.0
ramp_split_over_re3,chg,plain_accuracy,0.00023452157598491397,0.0,0.0007024116132053893
ramp_split_over_re3,chg,critical_misses_per_stream,0.010000000000000009,0.0,0.020000000000000018
ramp_split_over_re3,chg,calls_per_stream,-0.3200000000000003,-0.389999999999997,-0.254999999999999
ramp_split_over_re3,chg,cost_s_per_stream,-0.09259451602499968,-0.1114439517500001,-0.07411987622000016
ramp_split_over_re3,chg,esc_decoy_per_stream,-0.010000000000000009,-0.025000000000000133,0.0050000000000001155
ramp_split_over_re3,chg,esc_plain_per_stream,-0.3549999999999969,-0.42499999999999716,-0.28999999999999915
ramp_split_over_re3,chg,esc_leak_per_stream,-0.020000000000000018,-0.03500000000000003,-0.0050000000000000044
ramp_split_over_re3,chg,leak_quality,-0.014388489208633115,-0.03875968992248069,0.007518796992481258
ramp_split_over_re3,chg,leak_noticed_share,0.0,0.0,0.0
ramp_split_over_re3,chg,leak_lost_share,0.02877697841726619,0.0072992700729927005,0.05263157894736842
ramp_split_over_re3,chg,decoy_followup_hit_share,0.08872458410351201,0.06557377049180328,0.1138996138996139
ramp_split_over_re3,chg,followup_retired_decoy_per_stream,0.24,0.175,0.315
ramp_split_over_re3,chg,followup_retired_leak_per_stream,0.035,0.015,0.055
ramp_split_over_re3,chg,followup_retired_plain_per_stream,0.785,0.69,0.885
ramp_split_over_re3,chg,followup_retired_hard_per_stream,0.05,0.025,0.08
ramp_split_over_re3,chg,followup_retired_background_per_stream,0.035,0.015,0.06
ramp_split_over_re3,chg,followup_before_decoy_per_stream,0.24,0.175,0.315
ramp_split_over_re3,chg,notices_on_background_per_stream,0.10999999999999988,0.07000000000000006,0.15000000000000013
ramp_split_over_re3,chg,hard_anchor_correct_share,0.0,0.0,0.0
ramp_split_over_re3,always,quality,-0.0026881720430107503,-0.007957559681697646,0.0
ramp_split_over_re3,always,plain_accuracy,0.00023452157598491397,0.0,0.0007024116132053893
ramp_split_over_re3,always,critical_misses_per_stream,0.010000000000000009,0.0,0.020000000000000018
ramp_split_over_re3,always,calls_per_stream,-0.370000000000001,-0.4400000000000013,-0.3000000000000007
ramp_split_over_re3,always,cost_s_per_stream,-0.10349451602500093,-0.12332057820000042,-0.0843202450099998
ramp_split_over_re3,always,esc_decoy_per_stream,-0.015000000000000124,-0.03499999999999992,0.0
ramp_split_over_re3,always,esc_plain_per_stream,-0.4049999999999976,-0.4799999999999969,-0.33500000000000085
ramp_split_over_re3,always,esc_leak_per_stream,-0.015000000000000013,-0.030000000000000027,0.0
ramp_split_over_re3,always,leak_quality,-0.014388489208633115,-0.03875968992248069,0.007518796992481258
ramp_split_over_re3,always,leak_noticed_share,0.0,0.0,0.0
ramp_split_over_re3,always,leak_lost_share,0.02158273381294964,0.0,0.043209876543209874
ramp_split_over_re3,always,decoy_followup_hit_share,0.08872458410351201,0.06557377049180328,0.1138996138996139
ramp_split_over_re3,always,followup_retired_decoy_per_stream,0.24,0.175,0.315
ramp_split_over_re3,always,followup_retired_leak_per_stream,0.035,0.015,0.055
ramp_split_over_re3,always,followup_retired_plain_per_stream,0.785,0.69,0.885
ramp_split_over_re3,always,followup_retired_hard_per_stream,0.05,0.025,0.08
ramp_split_over_re3,always,followup_retired_background_per_stream,0.035,0.015,0.06
ramp_split_over_re3,always,followup_before_decoy_per_stream,0.24,0.175,0.315
ramp_split_over_re3,always,notices_on_background_per_stream,0.10999999999999988,0.07000000000000006,0.15000000000000013
ramp_split_over_re3,always,hard_anchor_correct_share,0.0,0.0,0.0
ramp_split_over_re3,never,quality,0.0,0.0,0.0
ramp_split_over_re3,never,plain_accuracy,0.00023452157598491397,0.0,0.0007024116132053893
ramp_split_over_re3,never,critical_misses_per_stream,0.0,0.0,0.0
ramp_split_over_re3,never,calls_per_stream,0.0,0.0,0.0
ramp_split_over_re3,never,cost_s_per_stream,5.928915000000018e-06,4.498870000000017e-06,7.468655000000043e-06
ramp_split_over_re3,never,esc_decoy_per_stream,0.0,0.0,0.0
ramp_split_over_re3,never,esc_plain_per_stream,0.0,0.0,0.0
ramp_split_over_re3,never,esc_leak_per_stream,0.0,0.0,0.0
ramp_split_over_re3,never,leak_quality,0.0,0.0,0.0
ramp_split_over_re3,never,leak_noticed_share,0.0,0.0,0.0
ramp_split_over_re3,never,leak_lost_share,0.050359712230215826,0.022058823529411766,0.08088235294117647
ramp_split_over_re3,never,decoy_followup_hit_share,0.08872458410351201,0.06557377049180328,0.1138996138996139
ramp_split_over_re3,never,followup_retired_decoy_per_stream,0.24,0.175,0.315
ramp_split_over_re3,never,followup_retired_leak_per_stream,0.035,0.015,0.055
ramp_split_over_re3,never,followup_retired_plain_per_stream,0.785,0.69,0.885
ramp_split_over_re3,never,followup_retired_hard_per_stream,0.05,0.025,0.08
ramp_split_over_re3,never,followup_retired_background_per_stream,0.035,0.015,0.06
ramp_split_over_re3,never,followup_before_decoy_per_stream,0.24,0.175,0.315
ramp_split_over_re3,never,notices_on_background_per_stream,0.11499999999999999,0.07499999999999996,0.15500000000000003
ramp_split_over_re3,never,hard_anchor_correct_share,0.0,0.0,0.0
ramp_split_over_re3,oracle,quality,-0.0026881720430107503,-0.007957559681697646,0.0
ramp_split_over_re3,oracle,plain_accuracy,0.00023452157598491397,0.0,0.0007024116132053893
ramp_split_over_re3,oracle,critical_misses_per_stream,0.010000000000000009,0.0,0.020000000000000018
ramp_split_over_re3,oracle,calls_per_stream,-0.029999999999999805,-0.050000000000000266,-0.010000000000000231
ramp_split_over_re3,oracle,cost_s_per_stream,-0.00816907108499998,-0.01516888559999996,-0.0018443336600000304
ramp_split_over_re3,oracle,esc_decoy_per_stream,0.0,0.0,0.0
ramp_split_over_re3,oracle,esc_plain_per_stream,0.0,0.0,0.0
ramp_split_over_re3,oracle,esc_leak_per_stream,-0.015000000000000013,-0.030000000000000027,0.0
ramp_split_over_re3,oracle,leak_quality,-0.014388489208633115,-0.03875968992248069,0.007518796992481258
ramp_split_over_re3,oracle,leak_noticed_share,0.0,0.0,0.0
ramp_split_over_re3,oracle,leak_lost_share,0.02158273381294964,0.0,0.043209876543209874
ramp_split_over_re3,oracle,decoy_followup_hit_share,0.08872458410351201,0.06557377049180328,0.1138996138996139
ramp_split_over_re3,oracle,followup_retired_decoy_per_stream,0.24,0.175,0.315
ramp_split_over_re3,oracle,followup_retired_leak_per_stream,0.035,0.015,0.055
ramp_split_over_re3,oracle,followup_retired_plain_per_stream,0.785,0.69,0.885
ramp_split_over_re3,oracle,followup_retired_hard_per_stream,0.05,0.025,0.08
ramp_split_over_re3,oracle,followup_retired_background_per_stream,0.035,0.015,0.06
ramp_split_over_re3,oracle,followup_before_decoy_per_stream,0.24,0.175,0.315
ramp_split_over_re3,oracle,notices_on_background_per_stream,0.11499999999999999,0.07499999999999996,0.15500000000000003
ramp_split_over_re3,oracle,hard_anchor_correct_share,0.0,0.0,0.0
