file,mutant,result,first_failing_tests
crates/gordian-stream-eval/src/select.rs,a call before the notice is about it,caught,every_fixture_produces_its_expected_result
crates/gordian-stream-eval/src/select.rs,a notice made at the call's own instant is not about it,caught,the_scorer_agrees_with_the_reference
crates/gordian-stream-eval/src/select.rs,a retirement at the call's own instant comes before it,caught,every_fixture_produces_its_expected_result
crates/gordian-stream-eval/src/select.rs,a retired notice is still asked about,caught,every_fixture_produces_its_expected_result
crates/gordian-stream-eval/src/select.rs,"the first notice at the focus, not the latest",caught,the_scorer_agrees_with_the_reference
crates/gordian-stream-eval/src/select.rs,the anchor need not be the focus,caught,every_fixture_produces_its_expected_result
crates/gordian-stream-eval/src/select.rs,the first call's instant is the latest,caught,every_fixture_produces_its_expected_result
crates/gordian-stream-eval/src/select.rs,an unattributed call is not counted,caught,every_fixture_produces_its_expected_result
crates/gordian-stream-eval/src/select.rs,tokens are the modelled nanoseconds,caught,every_fixture_produces_its_expected_result
crates/gordian-stream-eval/src/select.rs,modelled nanoseconds are the tokens,caught,every_fixture_produces_its_expected_result
crates/gordian-stream-eval/src/select.rs,a call is counted twice,caught,every_fixture_produces_its_expected_result
crates/gordian-stream-eval/src/select.rs,a slow leak is a hard incident,caught,every_fixture_produces_its_expected_result
crates/gordian-stream-eval/src/select.rs,a decoy is plain,caught,every_fixture_produces_its_expected_result
crates/gordian-stream-eval/src/select.rs,an incident of no label is plain,caught,every_fixture_produces_its_expected_result
crates/gordian-stream-eval/src/select.rs,an observation past the end is allowed,caught,a_record_that_names_no_observation_is_refused
crates/gordian-stream-eval/src/select.rs,retired before escalation: retired or never asked,caught,every_fixture_produces_its_expected_result
crates/gordian-stream-eval/src/select.rs,retired before escalation: never asked,caught,every_fixture_produces_its_expected_result
crates/gordian-stream-eval/src/select.rs,a retirement by the rule is read from the first retirement only,caught,every_fixture_produces_its_expected_result
crates/gordian-stream-eval/src/select.rs,a second retirement is allowed,caught,every_fixture_produces_its_expected_result
crates/gordian-stream-eval/src/select.rs,a rule retirement before escalation is any rule retirement,caught,every_fixture_produces_its_expected_result
crates/gordian-stream-eval/src/select.rs,escalated counts every call,caught,every_fixture_produces_its_expected_result
crates/gordian-run/src/stream/arms/noticer_follow.rs,a fall of exactly max_fall is a reversal,caught,a_ramp_that_keeps_rising_is_kept_and_one_that_turns_is_withdrawn_and_retired_by_the_rule; a_reversal_withdraws_at_once_and_a_fall_of_exactly_max_fall_does_not
crates/gordian-run/src/stream/arms/noticer_follow.rs,a reversal needs no follow-up reading,caught,the_completing_reading_is_part_of_the_peak_and_a_reversal_needs_a_follow_up_reading
crates/gordian-run/src/stream/arms/noticer_follow.rs,the window is one reading longer,caught,a_reading_is_a_follow_up_reading_of_the_watches_opened_before_it_and_only_at_its_key; after_the_window_the_latest_reading_decides_and_min_gain_is_inclusive; two_watches_at_one_key_each_decide_on_their_own_readings
crates/gordian-run/src/stream/arms/noticer_follow.rs,min_gain is exclusive,caught,after_the_window_the_latest_reading_decides_and_min_gain_is_inclusive; at_the_horizon_none_withdraws_and_some_are_judged_on_the_latest
crates/gordian-run/src/stream/arms/noticer_follow.rs,no reading keeps a flat counter,caught,at_the_horizon_none_withdraws_and_some_are_judged_on_the_latest
crates/gordian-run/src/stream/arms/noticer_follow.rs,the horizon is exclusive,caught,the_horizon_decides_a_watch_that_has_too_few_readings
crates/gordian-run/src/stream/arms/noticer_follow.rs,a withdrawal is a keep,caught,a_ramp_that_keeps_rising_is_kept_and_one_that_turns_is_withdrawn_and_retired_by_the_rule; a_ramp_that_stops_is_withdrawn_at_the_horizon_before_it_would_have_been_quiet; a_reading_is_a_follow_up_reading_of_the_watches_opened_before_it_and_only_at_its_key
crates/gordian-run/src/stream/arms/noticer_follow.rs,the peak is the lowest value,caught,a_reversal_withdraws_before_the_window_ends_and_the_anomaly_is_listed_until_it_is_forgotten; the_completing_reading_is_part_of_the_peak_and_a_reversal_needs_a_follow_up_reading
crates/gordian-run/src/stream/arms/noticer_follow.rs,the peak starts at zero,caught,the_completing_reading_is_part_of_the_peak_and_a_reversal_needs_a_follow_up_reading
crates/gordian-run/src/stream/arms/noticer_follow.rs,every key's readings are follow-up readings,caught,a_reading_is_a_follow_up_reading_of_the_watches_opened_before_it_and_only_at_its_key; the_horizon_decides_a_watch_that_has_too_few_readings
crates/gordian-run/src/stream/arms/noticer_follow.rs,a withdrawal is never forgotten,caught,a_reversal_withdraws_before_the_window_ends_and_the_anomaly_is_listed_until_it_is_forgotten
crates/gordian-run/src/stream/arms/noticer_follow.rs,a watch of a gone anomaly is kept,caught,retain_forgets_the_watches_of_anomalies_that_are_gone
crates/gordian-run/src/stream/arms/noticer_follow.rs,the last reading is the first,caught,a_ramp_that_keeps_rising_is_kept_and_one_that_turns_is_withdrawn_and_retired_by_the_rule; a_reading_is_a_follow_up_reading_of_the_watches_opened_before_it_and_only_at_its_key; a_reversal_withdraws_before_the_window_ends_and_the_anomaly_is_listed_until_it_is_forgotten
crates/gordian-run/src/stream/arms/public_threshold.rs,"contradictory and silent, not or",caught,the_threshold_selector_asks_about_a_contradiction_that_has_lasted_the_persistence; the_threshold_selector_asks_once_and_a_silent_rung_is_silent_for_the_persistence_after_notice; the_threshold_selector_waits_for_the_delay_and_asks_about_a_silent_rung
crates/gordian-run/src/stream/arms/public_threshold.rs,a declared rung is silent,caught,the_threshold_selector_asks_about_a_contradiction_that_has_lasted_the_persistence; the_threshold_selector_asks_once_and_a_silent_rung_is_silent_for_the_persistence_after_notice; the_threshold_selector_waits_for_the_delay_and_asks_about_a_silent_rung
crates/gordian-run/src/stream/arms/public_threshold.rs,the contradiction need not last,caught,the_threshold_selector_asks_about_a_contradiction_that_has_lasted_the_persistence
crates/gordian-run/src/stream/arms/public_threshold.rs,silent counts from the start,caught,the_threshold_selector_asks_once_and_a_silent_rung_is_silent_for_the_persistence_after_notice
crates/gordian-run/src/stream/arms/public_threshold.rs,an asked anomaly is asked again,caught,the_threshold_selector_asks_once_and_a_silent_rung_is_silent_for_the_persistence_after_notice; the_selection_files_are_written_for_every_arm_and_add_up_to_the_results
crates/gordian-run/src/stream/arms/public_threshold.rs,the delay is exclusive,caught,the_threshold_selector_asks_about_a_contradiction_that_has_lasted_the_persistence; the_threshold_selector_asks_once_and_a_silent_rung_is_silent_for_the_persistence_after_notice; the_threshold_selector_waits_for_the_delay_and_asks_about_a_silent_rung
crates/gordian-run/src/stream/arms/public_change.rs,growth by k is exclusive,caught,the_change_selector_reads_the_baseline_once_and_a_fall_is_not_growth; the_change_selector_asks_when_the_evidence_has_grown_by_k_since_notice
crates/gordian-run/src/stream/arms/public_change.rs,the baseline is zero,caught,the_change_selector_reads_the_baseline_once_and_a_fall_is_not_growth; the_change_selector_asks_when_the_evidence_has_grown_by_k_since_notice
crates/gordian-run/src/stream/arms/public_change.rs,k of zero asks at notice,caught,the_change_selector_reads_the_baseline_once_and_a_fall_is_not_growth
crates/gordian-run/src/stream/arms/public_change.rs,an asked anomaly is asked again,caught,the_change_selector_reads_the_baseline_once_and_a_fall_is_not_growth; the_selection_files_are_written_for_every_arm_and_add_up_to_the_results
crates/gordian-run/src/stream/arms/public_change.rs,the delay is exclusive,caught,the_change_selector_reads_the_baseline_once_and_a_fall_is_not_growth; the_change_selector_asks_when_the_evidence_has_grown_by_k_since_notice
crates/gordian-run/src/stream/harness.rs,calls are stamped with the instant they were applied at,caught,a_withdrawn_anomaly_is_written_as_a_follow_up_retirement_and_a_call_is_stamped_with_its_step
crates/gordian-run/src/stream/harness.rs,a retirement by the rule is not read from the log,caught,a_withdrawn_anomaly_is_written_as_a_follow_up_retirement_and_a_call_is_stamped_with_its_step
crates/gordian-run/src/stream/results.rs,the cause is quiet for a rule retirement,caught,a_withdrawn_anomaly_is_written_as_a_follow_up_retirement_and_a_call_is_stamped_with_its_step
