stem,selector,value,quality,cost_s,calls,background
rung_z3,thr,0,0.46733668341708545,7.530756208260001,23.46,3.98
rung_z3,thr,1,0.4623115577889447,7.55101107503,23.46,3.98
rung_z3,thr,2,0.46733668341708545,7.572916039350001,23.46,3.98
rung_z3,thr,4,0.457286432160804,7.62537740295,23.46,3.98
rung_z3,thr,8,0.457286432160804,7.662356061260001,23.22,3.98
rung_z3,thr,16,0.4472361809045226,7.81730149117,22.46,3.99
rung_z3,chg,1,0.4824120603015075,7.50264297974,24.0,3.98
rung_z3,chg,2,0.4824120603015075,7.50264297974,24.0,3.98
rung_z3,chg,3,0.4824120603015075,7.50084297974,23.99,3.98
rung_z3,chg,5,0.4824120603015075,7.484492979740001,23.93,3.98
rung_z3,chg,8,0.4824120603015075,7.42139297974,23.69,3.98
rung_z3,chg,12,0.45226130653266333,7.25934333324,22.79,3.99
rung_z3,chg,20,0.4321608040201005,7.8099933332400004,20.86,3.99
rung_z3,oracle,,0.4824120603015075,0.64159333324,1.97,3.99
rung_z3,never,,0.0,0.00034333324,0.0,3.99
rung_z3,always,,0.4824120603015075,7.50264297974,24.0,3.98
rung_z2,thr,0,0.5175879396984925,7.67392820667,25.35,8.9
rung_z2,thr,1,0.5175879396984925,7.701284716350001,25.35,8.9
rung_z2,thr,2,0.5125628140703518,7.7302910788700006,25.35,8.9
rung_z2,thr,4,0.5175879396984925,7.7983552222800006,25.35,8.89
rung_z2,thr,8,0.5226130653266332,7.858494036680001,25.05,8.9
rung_z2,thr,16,0.507537688442211,8.1220189599,24.12,8.89
rung_z2,chg,1,0.5376884422110553,7.60652198995,26.03,8.9
rung_z2,chg,2,0.5376884422110553,7.60652198995,26.03,8.9
rung_z2,chg,3,0.5376884422110553,7.5956719899500005,25.98,8.9
rung_z2,chg,5,0.5376884422110553,7.53867198995,25.71,8.9
rung_z2,chg,8,0.5326633165829145,7.4443719899500005,25.31,8.9
rung_z2,chg,12,0.5276381909547738,7.33172288464,24.48,8.92
rung_z2,chg,20,0.4472361809045226,8.057422884640001,22.53,8.92
rung_z2,oracle,,0.5376884422110553,0.62857288464,2.04,8.92
rung_z2,never,,0.0,0.00047288464000000007,0.0,8.92
rung_z2,always,,0.5376884422110553,7.60652198995,26.03,8.9
reanchor,thr,0,0.5577889447236181,7.66478865015,25.38,6.54
reanchor,thr,1,0.5628140703517588,7.693495441810001,25.38,6.54
reanchor,thr,2,0.5527638190954773,7.723451996640001,25.38,6.54
reanchor,thr,4,0.5527638190954773,7.795116758880001,25.38,6.53
reanchor,thr,8,0.5577889447236181,7.857907677720001,25.06,6.54
reanchor,thr,16,0.542713567839196,8.12424059836,24.03,6.53
reanchor,chg,1,0.5829145728643216,7.58377710505,26.05,6.54
reanchor,chg,2,0.5829145728643216,7.58377710505,26.05,6.54
reanchor,chg,3,0.5829145728643216,7.574827105050001,26.01,6.54
reanchor,chg,5,0.5829145728643216,7.520677105050001,25.74,6.54
reanchor,chg,8,0.5778894472361809,7.424977105050001,25.32,6.54
reanchor,chg,12,0.5728643216080402,7.301578005990001,24.45,6.55
reanchor,chg,20,0.48743718592964824,8.05427800599,22.58,6.55
reanchor,oracle,,0.5829145728643216,0.6733280059900001,2.2,6.55
reanchor,never,,0.0,0.00047800599000000004,0.0,6.55
reanchor,always,,0.5829145728643216,7.58377710505,26.05,6.54
ramp_over_r3,thr,0,0.46733668341708545,7.7525350154,24.25,3.69
ramp_over_r3,thr,1,0.4623115577889447,7.775340417460001,24.25,3.69
ramp_over_r3,thr,2,0.46733668341708545,7.799495965640001,24.25,3.69
ramp_over_r3,thr,4,0.457286432160804,7.856708254130001,24.25,3.69
ramp_over_r3,thr,8,0.457286432160804,7.855238877890001,23.86,3.69
ramp_over_r3,thr,16,0.4472361809045226,7.93719026733,22.77,3.7
ramp_over_r3,chg,1,0.4824120603015075,7.753875634420001,24.96,3.69
ramp_over_r3,chg,2,0.4824120603015075,7.753875634420001,24.96,3.69
ramp_over_r3,chg,3,0.4824120603015075,7.7498256344200005,24.94,3.69
ramp_over_r3,chg,5,0.4824120603015075,7.728075634420001,24.86,3.69
ramp_over_r3,chg,8,0.4824120603015075,7.652575634420001,24.57,3.69
ramp_over_r3,chg,12,0.45226130653266333,7.445575987920001,23.5,3.7
ramp_over_r3,chg,20,0.4321608040201005,7.821775987920001,20.94,3.7
ramp_over_r3,oracle,,0.4824120603015075,0.73632598792,2.28,3.7
ramp_over_r3,never,,0.0,0.00042598792,0.0,3.7
ramp_over_r3,always,,0.4824120603015075,7.753875634420001,24.96,3.69
split_over_r3,thr,0,0.46733668341708545,7.535905702560001,23.49,3.94
split_over_r3,thr,1,0.4623115577889447,7.556010528830001,23.49,3.94
split_over_r3,thr,2,0.46733668341708545,7.5777154200300005,23.49,3.94
split_over_r3,thr,4,0.457286432160804,7.629926734630001,23.49,3.94
split_over_r3,thr,8,0.457286432160804,7.66640528812,23.25,3.94
split_over_r3,thr,16,0.4472361809045226,7.82555058598,22.5,3.95
split_over_r3,chg,1,0.4824120603015075,7.5071927373900005,24.02,3.94
split_over_r3,chg,2,0.4824120603015075,7.5071927373900005,24.02,3.94
split_over_r3,chg,3,0.4824120603015075,7.505392737390001,24.01,3.94
split_over_r3,chg,5,0.4824120603015075,7.489042737390001,23.95,3.94
split_over_r3,chg,8,0.4824120603015075,7.425942737390001,23.71,3.94
split_over_r3,chg,12,0.45226130653266333,7.270743090890001,22.83,3.95
split_over_r3,chg,20,0.4321608040201005,7.829893090890001,20.9,3.95
split_over_r3,oracle,,0.4824120603015075,0.64494309089,1.98,3.95
split_over_r3,never,,0.0,0.00034309089,0.0,3.95
split_over_r3,always,,0.4824120603015075,7.5071927373900005,24.02,3.94
ramp_split_over_r3,thr,0,0.46733668341708545,7.757684509720001,24.28,3.65
ramp_split_over_r3,thr,1,0.4623115577889447,7.78033987123,24.28,3.65
ramp_split_over_r3,thr,2,0.46733668341708545,7.804295346300001,24.28,3.65
ramp_split_over_r3,thr,4,0.457286432160804,7.861257585810001,24.28,3.65
ramp_split_over_r3,thr,8,0.457286432160804,7.85928810475,23.89,3.65
ramp_split_over_r3,thr,16,0.4472361809045226,7.94543936216,22.81,3.66
ramp_split_over_r3,chg,1,0.4824120603015075,7.75842539209,24.98,3.65
ramp_split_over_r3,chg,2,0.4824120603015075,7.75842539209,24.98,3.65
ramp_split_over_r3,chg,3,0.4824120603015075,7.754375392090001,24.96,3.65
ramp_split_over_r3,chg,5,0.4824120603015075,7.732625392090001,24.88,3.65
ramp_split_over_r3,chg,8,0.4824120603015075,7.65712539209,24.59,3.65
ramp_split_over_r3,chg,12,0.45226130653266333,7.45697574559,23.54,3.66
ramp_split_over_r3,chg,20,0.4321608040201005,7.841675745590001,20.98,3.66
ramp_split_over_r3,oracle,,0.4824120603015075,0.73967574559,2.29,3.66
ramp_split_over_r3,never,,0.0,0.0004257455900000001,0.0,3.66
ramp_split_over_r3,always,,0.4824120603015075,7.75842539209,24.98,3.65
ramp_over_re2,thr,0,0.5577889447236181,7.8849121898100005,26.12,6.21
ramp_over_re2,thr,1,0.5628140703517588,7.91601947062,26.12,6.21
ramp_over_re2,thr,2,0.5527638190954773,7.948176566460001,26.12,6.21
ramp_over_re2,thr,4,0.5527638190954773,8.02444220091,26.12,6.2
ramp_over_re2,thr,8,0.5577889447236181,8.05043470851,25.66,6.21
ramp_over_re2,thr,16,0.542713567839196,8.24182302596,24.31,6.21
ramp_over_re2,chg,1,0.5829145728643216,7.833806425590001,26.96,6.21
ramp_over_re2,chg,2,0.5829145728643216,7.833806425590001,26.96,6.21
ramp_over_re2,chg,3,0.5829145728643216,7.822606425590001,26.91,6.21
ramp_over_re2,chg,5,0.5829145728643216,7.76305642559,26.62,6.21
ramp_over_re2,chg,8,0.5778894472361809,7.65220642559,26.14,6.21
ramp_over_re2,chg,12,0.5728643216080402,7.5003573265200005,25.16,6.22
ramp_over_re2,chg,20,0.48743718592964824,8.08775732652,22.68,6.22
ramp_over_re2,oracle,,0.5829145728643216,0.7616073265200001,2.49,6.22
ramp_over_re2,never,,0.0,0.00055732652,0.0,6.22
ramp_over_re2,always,,0.5829145728643216,7.833806425590001,26.96,6.21
split_over_re2,thr,0,0.5628140703517588,7.6812839745,25.45,6.4
split_over_re2,thr,1,0.5678391959798995,7.70974069038,25.45,6.4
split_over_re2,thr,2,0.5577889447236181,7.73959719671,25.45,6.4
split_over_re2,thr,4,0.5577889447236181,7.8109118439900005,25.45,6.39
split_over_re2,thr,8,0.5628140703517588,7.873252602460001,25.13,6.4
split_over_re2,thr,16,0.542713567839196,8.139235330020002,24.1,6.39
split_over_re2,chg,1,0.5879396984924623,7.594872863970001,26.1,6.4
split_over_re2,chg,2,0.5879396984924623,7.594872863970001,26.1,6.4
split_over_re2,chg,3,0.5879396984924623,7.5859228639700005,26.06,6.4
split_over_re2,chg,5,0.5879396984924623,7.528222863970001,25.77,6.4
split_over_re2,chg,8,0.5829145728643216,7.4296728639700005,25.34,6.4
split_over_re2,chg,12,0.5728643216080402,7.3129237649,24.49,6.41
split_over_re2,chg,20,0.48743718592964824,8.0751737649,22.62,6.41
split_over_re2,oracle,,0.5879396984924623,0.6767737649,2.21,6.41
split_over_re2,never,,0.0,0.00047376490000000004,0.0,6.41
split_over_re2,always,,0.5879396984924623,7.594872863970001,26.1,6.4
ramp_split_over_re2,thr,0,0.5628140703517588,7.901407514180001,26.19,6.07
ramp_split_over_re2,thr,1,0.5678391959798995,7.932264719220001,26.19,6.07
ramp_split_over_re2,thr,2,0.5577889447236181,7.96432176644,26.19,6.07
ramp_split_over_re2,thr,4,0.5577889447236181,8.04023728601,26.19,6.06
ramp_split_over_re2,thr,8,0.5628140703517588,8.0657796333,25.73,6.07
ramp_split_over_re2,thr,16,0.542713567839196,8.2568177576,24.38,6.07
ramp_split_over_re2,chg,1,0.5879396984924623,7.8449021845,27.01,6.07
ramp_split_over_re2,chg,2,0.5879396984924623,7.8449021845,27.01,6.07
ramp_split_over_re2,chg,3,0.5879396984924623,7.833702184500001,26.96,6.07
ramp_split_over_re2,chg,5,0.5879396984924623,7.7706021845,26.65,6.07
ramp_split_over_re2,chg,8,0.5829145728643216,7.656902184500001,26.16,6.07
ramp_split_over_re2,chg,12,0.5728643216080402,7.511703085420001,25.2,6.08
ramp_split_over_re2,chg,20,0.48743718592964824,8.10865308542,22.72,6.08
ramp_split_over_re2,oracle,,0.5879396984924623,0.7650530854200001,2.5,6.08
ramp_split_over_re2,never,,0.0,0.0005530854200000001,0.0,6.08
ramp_split_over_re2,always,,0.5879396984924623,7.8449021845,27.01,6.07
reanchor_z3,thr,0,0.5025125628140703,7.4939579080700005,23.45,2.25
reanchor_z3,thr,1,0.5025125628140703,7.516313159220001,23.45,2.25
reanchor_z3,thr,2,0.5025125628140703,7.5400685025800005,23.45,2.25
reanchor_z3,thr,4,0.48743718592964824,7.5971306259,23.45,2.25
reanchor_z3,thr,8,0.48743718592964824,7.638011657500001,23.19,2.25
reanchor_z3,thr,16,0.47738693467336685,7.77186405687,22.29,2.26
reanchor_z3,chg,1,0.5226130653266332,7.441491331090001,23.96,2.25
reanchor_z3,chg,2,0.5226130653266332,7.441491331090001,23.96,2.25
reanchor_z3,chg,3,0.5226130653266332,7.439691331090001,23.95,2.25
reanchor_z3,chg,5,0.5226130653266332,7.419841331090001,23.87,2.25
reanchor_z3,chg,8,0.5226130653266332,7.365291331090001,23.66,2.25
reanchor_z3,chg,12,0.49246231155778897,7.19179168457,22.72,2.26
reanchor_z3,chg,20,0.46733668341708545,7.74244168457,20.79,2.26
reanchor_z3,oracle,,0.5226130653266332,0.67684168457,2.1,2.26
reanchor_z3,never,,0.0,0.00034168457000000003,0.0,2.26
reanchor_z3,always,,0.5226130653266332,7.441491331090001,23.96,2.25
ramp_split_over_re3,thr,0,0.5025125628140703,7.748634255340001,24.32,1.89
ramp_split_over_re3,thr,1,0.5025125628140703,7.773339941080001,24.32,1.89
ramp_split_over_re3,thr,2,0.5025125628140703,7.79909580424,24.32,1.89
ramp_split_over_re3,thr,4,0.48743718592964824,7.860658731510001,24.32,1.89
ramp_split_over_re3,thr,8,0.48743718592964824,7.8573412318,23.9,1.89
ramp_split_over_re3,thr,16,0.4824120603015075,7.91194869333,22.66,1.9
ramp_split_over_re3,chg,1,0.5226130653266332,7.72392116744,24.99,1.89
ramp_split_over_re3,chg,2,0.5226130653266332,7.72392116744,24.99,1.89
ramp_split_over_re3,chg,3,0.5226130653266332,7.71987116744,24.97,1.89
ramp_split_over_re3,chg,5,0.5226130653266332,7.69462116744,24.87,1.89
ramp_split_over_re3,chg,8,0.5226130653266332,7.62482116744,24.6,1.89
ramp_split_over_re3,chg,12,0.49246231155778897,7.4128715209300005,23.51,1.9
ramp_split_over_re3,chg,20,0.4723618090452261,7.8034715209300005,20.95,1.9
ramp_split_over_re3,oracle,,0.5226130653266332,0.77322152093,2.41,1.9
ramp_split_over_re3,never,,0.0,0.00042152093,0.0,1.9
ramp_split_over_re3,always,,0.5226130653266332,7.72392116744,24.99,1.89
medium_t100,thr,0,0.5778894472361809,8.680291639040002,30.27,5.58
medium_t100,thr,1,0.5829145728643216,8.706348880490001,30.25,5.58
medium_t100,thr,2,0.5728643216080402,8.74270657791,30.25,5.58
medium_t100,thr,4,0.5577889447236181,8.82917333692,30.25,5.58
medium_t100,thr,8,0.5678391959798995,8.90976664239,29.79,5.58
medium_t100,thr,16,0.5628140703517588,9.22811471276,28.2,5.58
medium_t100,chg,1,0.592964824120603,9.13366412457,32.96,5.58
medium_t100,chg,2,0.592964824120603,9.10981412457,32.87,5.58
medium_t100,chg,3,0.592964824120603,9.052764110860002,32.63,5.58
medium_t100,chg,5,0.592964824120603,8.72376406186,31.25,5.58
medium_t100,chg,8,0.5879396984924623,7.822063969180001,28.02,5.58
medium_t100,chg,12,0.5829145728643216,7.37376270419,25.92,5.58
medium_t100,chg,20,0.46733668341708545,7.71186207119,22.47,5.58
medium_t100,oracle,,0.592964824120603,1.5889583884300003,5.39,5.58
medium_t100,never,,0.0,0.0008088340600000001,0.0,5.58
medium_t100,always,,0.592964824120603,9.14196412457,33.0,5.58
ramp_over_r3_follow,thr,0,0.46733668341708545,7.66213506803,23.94,3.79
ramp_over_r3_follow,thr,1,0.4623115577889447,7.680640349260001,23.93,3.79
ramp_over_r3_follow,thr,2,0.46733668341708545,7.704145726850001,23.93,3.79
ramp_over_r3_follow,thr,4,0.457286432160804,7.76020772548,23.93,3.79
ramp_over_r3_follow,thr,8,0.457286432160804,7.7563877444600005,23.55,3.79
ramp_over_r3_follow,thr,16,0.4472361809045226,7.854886370430001,22.54,3.8
ramp_over_r3_follow,chg,1,0.4824120603015075,7.6545813571300005,24.6,3.79
ramp_over_r3_follow,chg,2,0.4824120603015075,7.6545813571300005,24.6,3.79
ramp_over_r3_follow,chg,3,0.4824120603015075,7.65278135713,24.59,3.79
ramp_over_r3_follow,chg,5,0.4824120603015075,7.63333135713,24.52,3.79
ramp_over_r3_follow,chg,8,0.4824120603015075,7.574431357130001,24.29,3.79
ramp_over_r3_follow,chg,12,0.45226130653266333,7.366881792810001,23.23,3.81
ramp_over_r3_follow,chg,20,0.4321608040201005,7.7485817928100005,20.73,3.81
ramp_over_r3_follow,oracle,,0.4824120603015075,0.72753179281,2.25,3.81
ramp_over_r3_follow,never,,0.0,0.00043179281000000003,0.0,3.81
ramp_over_r3_follow,always,,0.4824120603015075,7.6545813571300005,24.6,3.79
ramp_split_over_r3_follow,thr,0,0.46733668341708545,7.667284562350001,23.97,3.75
ramp_split_over_r3_follow,thr,1,0.4623115577889447,7.68563980307,23.96,3.75
ramp_split_over_r3_follow,thr,2,0.46733668341708545,7.708945107500001,23.96,3.75
ramp_split_over_r3_follow,thr,4,0.457286432160804,7.764757057160001,23.96,3.75
ramp_split_over_r3_follow,thr,8,0.457286432160804,7.76043697132,23.58,3.75
ramp_split_over_r3_follow,thr,16,0.4472361809045226,7.86313546524,22.58,3.76
ramp_split_over_r3_follow,chg,1,0.4824120603015075,7.659131114800001,24.62,3.75
ramp_split_over_r3_follow,chg,2,0.4824120603015075,7.659131114800001,24.62,3.75
ramp_split_over_r3_follow,chg,3,0.4824120603015075,7.657331114800001,24.61,3.75
ramp_split_over_r3_follow,chg,5,0.4824120603015075,7.637881114800001,24.54,3.75
ramp_split_over_r3_follow,chg,8,0.4824120603015075,7.5789811148,24.31,3.75
ramp_split_over_r3_follow,chg,12,0.45226130653266333,7.37828155048,23.27,3.77
ramp_split_over_r3_follow,chg,20,0.4321608040201005,7.76848155048,20.77,3.77
ramp_split_over_r3_follow,oracle,,0.4824120603015075,0.73088155048,2.26,3.77
ramp_split_over_r3_follow,never,,0.0,0.00043155048000000003,0.0,3.77
ramp_split_over_r3_follow,always,,0.4824120603015075,7.659131114800001,24.62,3.75
ramp_over_re2_follow,thr,0,0.5577889447236181,7.8188200095100004,25.9,6.32
ramp_over_re2_follow,thr,1,0.5628140703517588,7.849477220840001,25.9,6.32
ramp_over_re2_follow,thr,2,0.5527638190954773,7.881434238490001,25.9,6.32
ramp_over_re2_follow,thr,4,0.5527638190954773,7.9572998438700004,25.9,6.31
ramp_over_re2_follow,thr,8,0.5577889447236181,7.98629211311,25.46,6.32
ramp_over_re2_follow,thr,16,0.542713567839196,8.19337854432,24.17,6.32
ramp_over_re2_follow,chg,1,0.5829145728643216,7.75816623419,26.69,6.32
ramp_over_re2_follow,chg,2,0.5829145728643216,7.75816623419,26.69,6.32
ramp_over_re2_follow,chg,3,0.5829145728643216,7.74921623419,26.65,6.32
ramp_over_re2_follow,chg,5,0.5829145728643216,7.69526623419,26.38,6.32
ramp_over_re2_follow,chg,8,0.5778894472361809,7.59796623419,25.95,6.32
ramp_over_re2_follow,chg,12,0.5728643216080402,7.446867598770001,24.98,6.33
ramp_over_re2_follow,chg,20,0.48743718592964824,8.04186759877,22.55,6.33
ramp_over_re2_follow,oracle,,0.5829145728643216,0.7559675987700001,2.47,6.33
ramp_over_re2_follow,never,,0.0,0.0005675987700000001,0.0,6.33
ramp_over_re2_follow,always,,0.5829145728643216,7.75816623419,26.69,6.32
ramp_split_over_re2_follow,thr,0,0.5628140703517588,7.835315333840001,25.97,6.18
ramp_split_over_re2_follow,thr,1,0.5678391959798995,7.86572246944,25.97,6.18
ramp_split_over_re2_follow,thr,2,0.5577889447236181,7.897579438520001,25.97,6.18
ramp_split_over_re2_follow,thr,4,0.5577889447236181,7.97309492895,25.97,6.17
ramp_split_over_re2_follow,thr,8,0.5628140703517588,8.0016370379,25.53,6.18
ramp_split_over_re2_follow,thr,16,0.542713567839196,8.20837327593,24.24,6.18
ramp_split_over_re2_follow,chg,1,0.5879396984924623,7.769261993080001,26.74,6.18
ramp_split_over_re2_follow,chg,2,0.5879396984924623,7.769261993080001,26.74,6.18
ramp_split_over_re2_follow,chg,3,0.5879396984924623,7.76031199308,26.7,6.18
ramp_split_over_re2_follow,chg,5,0.5879396984924623,7.70281199308,26.41,6.18
ramp_split_over_re2_follow,chg,8,0.5829145728643216,7.602661993080001,25.97,6.18
ramp_split_over_re2_follow,chg,12,0.5728643216080402,7.45821335765,25.02,6.19
ramp_split_over_re2_follow,chg,20,0.48743718592964824,8.06276335765,22.59,6.19
ramp_split_over_re2_follow,oracle,,0.5879396984924623,0.7594133576500001,2.48,6.19
ramp_split_over_re2_follow,never,,0.0,0.00056335765,0.0,6.19
ramp_split_over_re2_follow,always,,0.5879396984924623,7.769261993080001,26.74,6.18
ramp_split_over_re3_follow,thr,0,0.5025125628140703,7.652135411950001,23.99,2.02
ramp_split_over_re3_follow,thr,1,0.5025125628140703,7.672540976840001,23.98,2.02
ramp_split_over_re3_follow,thr,2,0.5025125628140703,7.697696691640001,23.98,2.02
ramp_split_over_re3_follow,thr,4,0.48743718592964824,7.7582593735300005,23.98,2.02
ramp_split_over_re3_follow,thr,8,0.48743718592964824,7.756291336100001,23.58,2.02
ramp_split_over_re3_follow,thr,16,0.4824120603015075,7.827896121010001,22.42,2.03
ramp_split_over_re3_follow,chg,1,0.5226130653266332,7.62262784689,24.63,2.02
ramp_split_over_re3_follow,chg,2,0.5226130653266332,7.62262784689,24.63,2.02
ramp_split_over_re3_follow,chg,3,0.5226130653266332,7.620827846890001,24.62,2.02
ramp_split_over_re3_follow,chg,5,0.5226130653266332,7.599027846890001,24.53,2.02
ramp_split_over_re3_follow,chg,8,0.5226130653266332,7.543427846890001,24.31,2.02
ramp_split_over_re3_follow,chg,12,0.49246231155778897,7.3308782825500005,23.23,2.04
ramp_split_over_re3_follow,chg,20,0.4723618090452261,7.729828282550001,20.74,2.04
ramp_split_over_re3_follow,oracle,,0.5226130653266332,0.76442828255,2.38,2.04
ramp_split_over_re3_follow,never,,0.0,0.00042828255,0.0,2.04
ramp_split_over_re3_follow,always,,0.5226130653266332,7.62262784689,24.63,2.02
