p_readings,p_horizon_s,p_min_gain,p_max_fall,streams,quality,quality_correct,quality_incidents,background_per_stream,calls_per_stream,cost_s_per_stream,leak_retired,leak_lost,decoy_retired,decoy_retired_before,plain_retired,hard_retired,background_retired,decoy_notices,calls_decoy,calls_plain,stem,quality_loss,collateral,fall_rank
1,4,0,2,100,0.5879396984924623,117,199,6.1,26.52,7.70734538705,3,1,16,16,81,8,4,325,190,2073,r1_h4_g0_f2,0.0,89,2
1,4,0,4,100,0.5879396984924623,117,199,6.1,26.52,7.70734538705,3,1,16,16,81,8,4,325,190,2073,r1_h4_g0_f4,0.0,89,4
1,4,0,8,100,0.5879396984924623,117,199,6.1,26.52,7.70734538705,3,1,16,16,81,8,4,325,190,2073,r1_h4_g0_f8,0.0,89,8
1,4,0,x,100,0.5879396984924623,117,199,6.1,26.52,7.70734538705,3,1,16,16,81,8,4,325,190,2073,r1_h4_g0_fx,0.0,89,1000000000
1,4,3,2,100,0.5879396984924623,117,199,6.2,26.4,7.67559508367,17,10,33,33,85,8,5,331,180,2071,r1_h4_g3_f2,0.0,93,2
1,4,3,4,100,0.5879396984924623,117,199,6.2,26.4,7.67559508367,17,10,33,33,85,8,5,331,180,2071,r1_h4_g3_f4,0.0,93,4
1,4,3,8,100,0.5879396984924623,117,199,6.2,26.4,7.67559508367,17,10,33,33,85,8,5,331,180,2071,r1_h4_g3_f8,0.0,93,8
1,4,3,x,100,0.5879396984924623,117,199,6.2,26.4,7.67559508367,17,10,33,33,85,8,5,331,180,2071,r1_h4_g3_fx,0.0,93,1000000000
1,4,6,2,100,0.5879396984924623,117,199,6.36,26.25,7.63779515422,40,19,64,64,88,8,5,341,166,2069,r1_h4_g6_f2,0.0,96,2
1,4,6,4,100,0.5879396984924623,117,199,6.36,26.25,7.63779515422,40,19,64,64,88,8,5,341,166,2069,r1_h4_g6_f4,0.0,96,4
1,4,6,8,100,0.5879396984924623,117,199,6.36,26.25,7.63779515422,40,19,64,64,88,8,5,341,166,2069,r1_h4_g6_f8,0.0,96,8
1,4,6,x,100,0.5879396984924623,117,199,6.36,26.25,7.63779515422,40,19,64,64,88,8,5,341,166,2069,r1_h4_g6_fx,0.0,96,1000000000
1,4,10,2,100,0.5879396984924623,117,199,6.45,26.1,7.59454461622,45,22,86,86,94,8,6,345,154,2068,r1_h4_g10_f2,0.0,102,2
1,4,10,4,100,0.5879396984924623,117,199,6.45,26.1,7.59454461622,45,22,86,86,94,8,6,345,154,2068,r1_h4_g10_f4,0.0,102,4
1,4,10,8,100,0.5879396984924623,117,199,6.45,26.1,7.59454461622,45,22,86,86,94,8,6,345,154,2068,r1_h4_g10_f8,0.0,102,8
1,4,10,x,100,0.5879396984924623,117,199,6.45,26.1,7.59454461622,45,22,86,86,94,8,6,345,154,2068,r1_h4_g10_fx,0.0,102,1000000000
1,6,0,2,100,0.5879396984924623,117,199,6.1,26.52,7.70734538705,3,1,16,16,81,8,4,325,190,2073,r1_h6_g0_f2,0.0,89,2
1,6,0,4,100,0.5879396984924623,117,199,6.1,26.52,7.70734538705,3,1,16,16,81,8,4,325,190,2073,r1_h6_g0_f4,0.0,89,4
1,6,0,8,100,0.5879396984924623,117,199,6.1,26.52,7.70734538705,3,1,16,16,81,8,4,325,190,2073,r1_h6_g0_f8,0.0,89,8
1,6,0,x,100,0.5879396984924623,117,199,6.1,26.52,7.70734538705,3,1,16,16,81,8,4,325,190,2073,r1_h6_g0_fx,0.0,89,1000000000
1,6,3,2,100,0.5879396984924623,117,199,6.2,26.4,7.67559508367,17,10,33,33,85,8,5,331,180,2071,r1_h6_g3_f2,0.0,93,2
1,6,3,4,100,0.5879396984924623,117,199,6.2,26.4,7.67559508367,17,10,33,33,85,8,5,331,180,2071,r1_h6_g3_f4,0.0,93,4
1,6,3,8,100,0.5879396984924623,117,199,6.2,26.4,7.67559508367,17,10,33,33,85,8,5,331,180,2071,r1_h6_g3_f8,0.0,93,8
1,6,3,x,100,0.5879396984924623,117,199,6.2,26.4,7.67559508367,17,10,33,33,85,8,5,331,180,2071,r1_h6_g3_fx,0.0,93,1000000000
1,6,6,2,100,0.5879396984924623,117,199,6.36,26.25,7.63779515422,40,19,64,64,88,8,5,341,166,2069,r1_h6_g6_f2,0.0,96,2
1,6,6,4,100,0.5879396984924623,117,199,6.36,26.25,7.63779515422,40,19,64,64,88,8,5,341,166,2069,r1_h6_g6_f4,0.0,96,4
1,6,6,8,100,0.5879396984924623,117,199,6.36,26.25,7.63779515422,40,19,64,64,88,8,5,341,166,2069,r1_h6_g6_f8,0.0,96,8
1,6,6,x,100,0.5879396984924623,117,199,6.36,26.25,7.63779515422,40,19,64,64,88,8,5,341,166,2069,r1_h6_g6_fx,0.0,96,1000000000
1,6,10,2,100,0.5879396984924623,117,199,6.45,26.1,7.59454461622,45,22,86,86,94,8,6,345,154,2068,r1_h6_g10_f2,0.0,102,2
1,6,10,4,100,0.5879396984924623,117,199,6.45,26.1,7.59454461622,45,22,86,86,94,8,6,345,154,2068,r1_h6_g10_f4,0.0,102,4
1,6,10,8,100,0.5879396984924623,117,199,6.45,26.1,7.59454461622,45,22,86,86,94,8,6,345,154,2068,r1_h6_g10_f8,0.0,102,8
1,6,10,x,100,0.5879396984924623,117,199,6.45,26.1,7.59454461622,45,22,86,86,94,8,6,345,154,2068,r1_h6_g10_fx,0.0,102,1000000000
2,4,0,2,100,0.5879396984924623,117,199,6.1,26.44,7.687543745939999,3,1,30,30,94,10,4,325,188,2068,r2_h4_g0_f2,0.0,104,2
2,4,0,4,100,0.5879396984924623,117,199,6.1,26.45,7.68989385787,3,1,29,29,94,9,4,324,189,2068,r2_h4_g0_f4,0.0,103,4
2,4,0,8,100,0.5879396984924623,117,199,6.1,26.48,7.69899391683,3,1,29,29,92,8,4,324,189,2070,r2_h4_g0_f8,0.0,100,8
2,4,0,x,100,0.5879396984924623,117,199,6.09,26.57,7.72544724745,2,0,27,27,78,8,2,324,189,2077,r2_h4_g0_fx,0.0,86,1000000000
2,4,3,2,100,0.5879396984924623,117,199,6.11,26.43,7.686243767720001,4,2,31,31,94,10,4,326,187,2068,r2_h4_g3_f2,0.0,104,2
2,4,3,4,100,0.5879396984924623,117,199,6.11,26.43,7.686243890399999,4,2,31,31,94,9,4,326,187,2068,r2_h4_g3_f4,0.0,103,4
2,4,3,8,100,0.5879396984924623,117,199,6.11,26.44,7.68894394937,4,2,31,31,94,8,4,326,187,2068,r2_h4_g3_f8,0.0,102,8
2,4,3,x,100,0.5879396984924623,117,199,6.1,26.5,7.70734714772,3,1,30,30,83,8,3,326,187,2073,r2_h4_g3_fx,0.0,91,1000000000
2,4,6,2,100,0.5879396984924623,117,199,6.21,26.34,7.65994449703,15,7,44,44,94,10,5,331,178,2068,r2_h4_g6_f2,0.0,104,2
2,4,6,4,100,0.5879396984924623,117,199,6.21,26.34,7.65994461971,15,7,44,44,94,9,5,331,178,2068,r2_h4_g6_f4,0.0,103,4
2,4,6,8,100,0.5879396984924623,117,199,6.21,26.35,7.66264467868,15,7,44,44,94,8,5,331,178,2068,r2_h4_g6_f8,0.0,102,8
2,4,6,x,100,0.5879396984924623,117,199,6.21,26.4,7.67804772169,15,7,44,44,84,8,4,331,178,2072,r2_h4_g6_fx,0.0,92,1000000000
2,4,10,2,100,0.5879396984924623,117,199,6.38,26.18,7.6169959370399996,43,20,68,68,97,10,6,338,163,2069,r2_h4_g10_f2,0.0,107,2
2,4,10,4,100,0.5879396984924623,117,199,6.38,26.18,7.61699605973,43,20,68,68,97,9,6,338,163,2069,r2_h4_g10_f4,0.0,106,4
2,4,10,8,100,0.5879396984924623,117,199,6.38,26.19,7.619696118699999,43,20,68,68,97,8,6,338,163,2069,r2_h4_g10_f8,0.0,105,8
2,4,10,x,100,0.5879396984924623,117,199,6.38,26.21,7.6260489506899996,43,20,68,68,91,8,6,338,163,2071,r2_h4_g10_fx,0.0,99,1000000000
2,6,0,2,100,0.5879396984924623,117,199,6.1,26.44,7.687543745939999,3,1,30,30,94,10,4,325,188,2068,r2_h6_g0_f2,0.0,104,2
2,6,0,4,100,0.5879396984924623,117,199,6.1,26.45,7.68989385787,3,1,29,29,94,9,4,324,189,2068,r2_h6_g0_f4,0.0,103,4
2,6,0,8,100,0.5879396984924623,117,199,6.1,26.48,7.69899391683,3,1,29,29,92,8,4,324,189,2070,r2_h6_g0_f8,0.0,100,8
2,6,0,x,100,0.5879396984924623,117,199,6.09,26.57,7.72544724745,2,0,27,27,78,8,2,324,189,2077,r2_h6_g0_fx,0.0,86,1000000000
2,6,3,2,100,0.5879396984924623,117,199,6.11,26.43,7.686243767720001,4,2,31,31,94,10,4,326,187,2068,r2_h6_g3_f2,0.0,104,2
2,6,3,4,100,0.5879396984924623,117,199,6.11,26.43,7.686243890399999,4,2,31,31,94,9,4,326,187,2068,r2_h6_g3_f4,0.0,103,4
2,6,3,8,100,0.5879396984924623,117,199,6.11,26.44,7.68894394937,4,2,31,31,94,8,4,326,187,2068,r2_h6_g3_f8,0.0,102,8
2,6,3,x,100,0.5879396984924623,117,199,6.1,26.5,7.70734714772,3,1,30,30,83,8,3,326,187,2073,r2_h6_g3_fx,0.0,91,1000000000
2,6,6,2,100,0.5879396984924623,117,199,6.21,26.34,7.65994449703,15,7,44,44,94,10,5,331,178,2068,r2_h6_g6_f2,0.0,104,2
2,6,6,4,100,0.5879396984924623,117,199,6.21,26.34,7.65994461971,15,7,44,44,94,9,5,331,178,2068,r2_h6_g6_f4,0.0,103,4
2,6,6,8,100,0.5879396984924623,117,199,6.21,26.35,7.66264467868,15,7,44,44,94,8,5,331,178,2068,r2_h6_g6_f8,0.0,102,8
2,6,6,x,100,0.5879396984924623,117,199,6.21,26.4,7.67804772169,15,7,44,44,84,8,4,331,178,2072,r2_h6_g6_fx,0.0,92,1000000000
2,6,10,2,100,0.5879396984924623,117,199,6.38,26.18,7.6169959370399996,43,20,68,68,97,10,6,338,163,2069,r2_h6_g10_f2,0.0,107,2
2,6,10,4,100,0.5879396984924623,117,199,6.38,26.18,7.61699605973,43,20,68,68,97,9,6,338,163,2069,r2_h6_g10_f4,0.0,106,4
2,6,10,8,100,0.5879396984924623,117,199,6.38,26.19,7.619696118699999,43,20,68,68,97,8,6,338,163,2069,r2_h6_g10_f8,0.0,105,8
2,6,10,x,100,0.5879396984924623,117,199,6.38,26.21,7.6260489506899996,43,20,68,68,91,8,6,338,163,2071,r2_h6_g10_fx,0.0,99,1000000000
3,4,0,2,100,0.5879396984924623,117,199,6.11,26.37,7.66829394991,6,1,38,38,99,10,5,325,186,2064,r3_h4_g0_f2,0.0,109,2
3,4,0,4,100,0.5879396984924623,117,199,6.11,26.38,7.67064406184,6,1,37,37,99,10,5,324,187,2064,r3_h4_g0_f4,0.0,109,4
3,4,0,8,100,0.5879396984924623,117,199,6.11,26.4,7.67664424037,5,1,37,37,97,10,5,324,187,2066,r3_h4_g0_f8,0.0,107,8
3,4,0,x,100,0.5879396984924623,117,199,6.1,26.54,7.7125524934200005,4,0,33,33,77,9,3,323,187,2076,r3_h4_g0_fx,0.0,86,1000000000
3,4,3,2,100,0.5879396984924623,117,199,6.11,26.37,7.66809394991,6,1,38,38,100,10,5,325,186,2064,r3_h4_g3_f2,0.0,110,2
3,4,3,4,100,0.5879396984924623,117,199,6.11,26.38,7.6704440618400005,6,1,37,37,100,10,5,324,187,2064,r3_h4_g3_f4,0.0,110,4
3,4,3,8,100,0.5879396984924623,117,199,6.11,26.4,7.67684425089,6,1,37,37,98,10,5,324,187,2066,r3_h4_g3_f8,0.0,108,8
3,4,3,x,100,0.5879396984924623,117,199,6.1,26.51,7.70585250651,5,0,35,35,82,9,4,324,187,2074,r3_h4_g3_fx,0.0,91,1000000000
3,4,6,2,100,0.5879396984924623,117,199,6.13,26.34,7.65969426714,7,2,41,41,100,10,5,327,183,2064,r3_h4_g6_f2,0.0,110,2
3,4,6,4,100,0.5879396984924623,117,199,6.13,26.34,7.65969445809,7,2,41,41,100,10,5,327,183,2064,r3_h4_g6_f4,0.0,110,4
3,4,6,8,100,0.5879396984924623,117,199,6.13,26.34,7.6603446471400005,7,2,41,41,99,10,5,327,183,2064,r3_h4_g6_f8,0.0,109,8
3,4,6,x,100,0.5879396984924623,117,199,6.13,26.41,7.6779529082,7,2,40,40,88,10,4,327,183,2069,r3_h4_g6_fx,0.0,98,1000000000
3,4,10,2,100,0.5879396984924623,117,199,6.21,26.24,7.63429605304,18,6,56,56,101,10,5,334,172,2065,r3_h4_g10_f2,0.0,111,2
3,4,10,4,100,0.5879396984924623,117,199,6.21,26.24,7.63429624399,18,6,56,56,101,10,5,334,172,2065,r3_h4_g10_f4,0.0,111,4
3,4,10,8,100,0.5879396984924623,117,199,6.21,26.23,7.63234636201,18,6,56,56,101,10,5,334,172,2064,r3_h4_g10_f8,0.0,111,8
3,4,10,x,100,0.5879396984924623,117,199,6.21,26.27,7.64205463465,18,6,56,56,96,10,4,334,171,2067,r3_h4_g10_fx,0.0,106,1000000000
3,6,0,2,100,0.5879396984924623,117,199,6.11,26.37,7.66829394991,6,1,38,38,99,10,5,325,186,2064,r3_h6_g0_f2,0.0,109,2
3,6,0,4,100,0.5879396984924623,117,199,6.11,26.38,7.67064406184,6,1,37,37,99,10,5,324,187,2064,r3_h6_g0_f4,0.0,109,4
3,6,0,8,100,0.5879396984924623,117,199,6.11,26.4,7.67664424037,5,1,37,37,97,10,5,324,187,2066,r3_h6_g0_f8,0.0,107,8
3,6,0,x,100,0.5879396984924623,117,199,6.1,26.53,7.71030249342,4,0,33,33,76,9,4,323,187,2076,r3_h6_g0_fx,0.0,85,1000000000
3,6,3,2,100,0.5879396984924623,117,199,6.11,26.37,7.66809394991,6,1,38,38,100,10,5,325,186,2064,r3_h6_g3_f2,0.0,110,2
3,6,3,4,100,0.5879396984924623,117,199,6.11,26.38,7.6704440618400005,6,1,37,37,100,10,5,324,187,2064,r3_h6_g3_f4,0.0,110,4
3,6,3,8,100,0.5879396984924623,117,199,6.11,26.4,7.67684425089,6,1,37,37,98,10,5,324,187,2066,r3_h6_g3_f8,0.0,108,8
3,6,3,x,100,0.5879396984924623,117,199,6.1,26.51,7.70585250651,5,0,35,35,81,9,4,324,187,2074,r3_h6_g3_fx,0.0,90,1000000000
3,6,6,2,100,0.5879396984924623,117,199,6.13,26.34,7.65969426714,7,2,41,41,100,10,5,327,183,2064,r3_h6_g6_f2,0.0,110,2
3,6,6,4,100,0.5879396984924623,117,199,6.13,26.34,7.65969445809,7,2,41,41,100,10,5,327,183,2064,r3_h6_g6_f4,0.0,110,4
3,6,6,8,100,0.5879396984924623,117,199,6.13,26.34,7.6603446471400005,7,2,41,41,99,10,5,327,183,2064,r3_h6_g6_f8,0.0,109,8
3,6,6,x,100,0.5879396984924623,117,199,6.13,26.41,7.6779529082,7,2,40,40,87,10,4,327,183,2069,r3_h6_g6_fx,0.0,97,1000000000
3,6,10,2,100,0.5879396984924623,117,199,6.2,26.24,7.63334598311,17,5,56,56,101,10,5,334,172,2065,r3_h6_g10_f2,0.0,111,2
3,6,10,4,100,0.5879396984924623,117,199,6.2,26.24,7.633346174060001,17,5,56,56,101,10,5,334,172,2065,r3_h6_g10_f4,0.0,111,4
3,6,10,8,100,0.5879396984924623,117,199,6.2,26.23,7.63139629208,17,5,56,56,101,10,5,334,172,2064,r3_h6_g10_f8,0.0,111,8
3,6,10,x,100,0.5879396984924623,117,199,6.2,26.27,7.64110456472,17,5,56,56,95,10,4,334,171,2067,r3_h6_g10_fx,0.0,105,1000000000
4,4,0,2,100,0.5879396984924623,117,199,6.11,26.37,7.66814402575,7,1,38,38,99,10,5,325,186,2064,r4_h4_g0_f2,0.0,109,2
4,4,0,4,100,0.5879396984924623,117,199,6.11,26.38,7.67049413768,7,1,37,37,99,10,5,324,187,2064,r4_h4_g0_f4,0.0,109,4
4,4,0,8,100,0.5879396984924623,117,199,6.11,26.39,7.67389431621,6,1,37,37,98,10,5,324,187,2065,r4_h4_g0_f8,0.0,108,8
4,4,0,x,100,0.5879396984924623,117,199,6.1,26.51,7.70430446659,3,0,31,31,83,9,3,323,188,2072,r4_h4_g0_fx,0.0,92,1000000000
4,4,3,2,100,0.5879396984924623,117,199,6.11,26.37,7.66794402575,7,1,38,38,100,10,5,325,186,2064,r4_h4_g3_f2,0.0,110,2
4,4,3,4,100,0.5879396984924623,117,199,6.11,26.38,7.67029413768,7,1,37,37,100,10,5,324,187,2064,r4_h4_g3_f4,0.0,110,4
4,4,3,8,100,0.5879396984924623,117,199,6.11,26.39,7.67409439509,7,1,37,37,99,10,5,324,187,2065,r4_h4_g3_f8,0.0,109,8
4,4,3,x,100,0.5879396984924623,117,199,6.1,26.48,7.69680454547,4,0,32,32,87,9,4,323,188,2070,r4_h4_g3_fx,0.0,96,1000000000
4,4,6,2,100,0.5879396984924623,117,199,6.13,26.35,7.66174426447,8,2,40,40,100,10,5,326,184,2064,r4_h4_g6_f2,0.0,110,2
4,4,6,4,100,0.5879396984924623,117,199,6.13,26.35,7.66174445542,8,2,40,40,100,10,5,326,184,2064,r4_h4_g6_f4,0.0,110,4
4,4,6,8,100,0.5879396984924623,117,199,6.13,26.34,7.65979471283,8,2,40,40,100,10,5,326,184,2063,r4_h4_g6_f8,0.0,110,8
4,4,6,x,100,0.5879396984924623,117,199,6.12,26.4,7.67420486322,5,1,35,35,91,10,4,325,185,2066,r4_h4_g6_fx,0.0,101,1000000000
4,4,10,2,100,0.5879396984924623,117,199,6.18,26.27,7.64289546087,15,5,52,52,101,10,5,332,175,2065,r4_h4_g10_f2,0.0,111,2
4,4,10,4,100,0.5879396984924623,117,199,6.18,26.27,7.64289565182,15,5,52,52,101,10,5,332,175,2065,r4_h4_g10_f4,0.0,111,4
4,4,10,8,100,0.5879396984924623,117,199,6.18,26.26,7.640945909229999,15,5,52,52,101,10,5,332,175,2064,r4_h4_g10_f8,0.0,111,8
4,4,10,x,100,0.5879396984924623,117,199,6.17,26.3,7.64965630906,13,4,48,48,98,10,4,332,176,2065,r4_h4_g10_fx,0.0,108,1000000000
4,6,0,2,100,0.5879396984924623,117,199,6.11,26.37,7.66834419679,8,1,42,42,100,10,5,325,186,2064,r4_h6_g0_f2,0.0,110,2
4,6,0,4,100,0.5879396984924623,117,199,6.11,26.38,7.67069430872,8,1,41,41,100,10,5,324,187,2064,r4_h6_g0_f4,0.0,110,4
4,6,0,8,100,0.5879396984924623,117,199,6.11,26.39,7.67409448724,7,1,41,41,99,10,5,324,187,2065,r4_h6_g0_f8,0.0,109,8
4,6,0,x,100,0.5879396984924623,117,199,6.12,26.52,7.70820619805,4,0,34,34,84,9,4,323,188,2072,r4_h6_g0_fx,0.0,93,1000000000
4,6,3,2,100,0.5879396984924623,117,199,6.11,26.37,7.66834419679,8,1,42,42,100,10,5,325,186,2064,r4_h6_g3_f2,0.0,110,2
4,6,3,4,100,0.5879396984924623,117,199,6.11,26.38,7.67069430872,8,1,41,41,100,10,5,324,187,2064,r4_h6_g3_f4,0.0,110,4
4,6,3,8,100,0.5879396984924623,117,199,6.11,26.39,7.67449456613,8,1,41,41,99,10,5,324,187,2065,r4_h6_g3_f8,0.0,109,8
4,6,3,x,100,0.5879396984924623,117,199,6.12,26.51,7.70610627694,5,0,34,34,87,9,4,323,188,2071,r4_h6_g3_fx,0.0,96,1000000000
4,6,6,2,100,0.5879396984924623,117,199,6.11,26.37,7.66834419679,8,1,42,42,100,10,5,325,186,2064,r4_h6_g6_f2,0.0,110,2
4,6,6,4,100,0.5879396984924623,117,199,6.11,26.38,7.67069430872,8,1,41,41,100,10,5,324,187,2064,r4_h6_g6_f4,0.0,110,4
4,6,6,8,100,0.5879396984924623,117,199,6.11,26.39,7.67449456613,8,1,41,41,99,10,5,324,187,2065,r4_h6_g6_f8,0.0,109,8
4,6,6,x,100,0.5879396984924623,117,199,6.13,26.48,7.69735635547,5,0,34,34,91,10,4,323,188,2068,r4_h6_g6_fx,0.0,101,1000000000
4,6,10,2,100,0.5879396984924623,117,199,6.13,26.33,7.65809464812,10,2,47,47,101,10,5,328,182,2064,r4_h6_g10_f2,0.0,111,2
4,6,10,4,100,0.5879396984924623,117,199,6.13,26.33,7.658094839069999,10,2,47,47,101,10,5,328,182,2064,r4_h6_g10_f4,0.0,111,4
4,6,10,8,100,0.5879396984924623,117,199,6.13,26.33,7.658095096479999,10,2,47,47,101,10,5,328,182,2064,r4_h6_g10_f8,0.0,111,8
4,6,10,x,100,0.5879396984924623,117,199,6.15,26.42,7.68050753213,8,1,43,43,95,10,4,328,183,2067,r4_h6_g10_fx,0.0,105,1000000000
6,4,0,2,100,0.5879396984924623,117,199,6.11,26.36,7.664044109060001,7,1,39,39,99,10,5,326,185,2064,r6_h4_g0_f2,0.0,109,2
6,4,0,4,100,0.5879396984924623,117,199,6.11,26.37,7.66639422099,7,1,38,38,99,10,5,325,186,2064,r6_h4_g0_f4,0.0,109,4
6,4,0,8,100,0.5879396984924623,117,199,6.11,26.38,7.669794399520001,6,1,38,38,98,10,5,325,186,2065,r6_h4_g0_f8,0.0,108,8
6,4,0,x,100,0.5879396984924623,117,199,6.11,26.55,7.71495460173,1,0,31,31,82,9,3,323,188,2074,r6_h4_g0_fx,0.0,91,1000000000
6,4,3,2,100,0.5879396984924623,117,199,6.11,26.36,7.66384410906,7,1,39,39,100,10,5,326,185,2064,r6_h4_g3_f2,0.0,110,2
6,4,3,4,100,0.5879396984924623,117,199,6.11,26.37,7.66619422099,7,1,38,38,100,10,5,325,186,2064,r6_h4_g3_f4,0.0,110,4
6,4,3,8,100,0.5879396984924623,117,199,6.11,26.38,7.66959439952,6,1,38,38,99,10,5,325,186,2065,r6_h4_g3_f8,0.0,109,8
6,4,3,x,100,0.5879396984924623,117,199,6.12,26.51,7.70365485777,2,0,32,32,87,9,4,323,188,2071,r6_h4_g3_fx,0.0,96,1000000000
6,4,6,2,100,0.5879396984924623,117,199,6.13,26.34,7.65764434778,8,2,41,41,100,10,5,327,183,2064,r6_h4_g6_f2,0.0,110,2
6,4,6,4,100,0.5879396984924623,117,199,6.13,26.34,7.65764453873,8,2,41,41,100,10,5,327,183,2064,r6_h4_g6_f4,0.0,110,4
6,4,6,8,100,0.5879396984924623,117,199,6.13,26.33,7.655694796140001,8,2,41,41,100,10,5,327,183,2063,r6_h4_g6_f8,0.0,110,8
6,4,6,x,100,0.5879396984924623,117,199,6.14,26.43,7.681455254399999,4,1,35,35,91,10,4,325,185,2067,r6_h4_g6_fx,0.0,101,1000000000
6,4,10,2,100,0.5879396984924623,117,199,6.18,26.26,7.63879554466,15,5,53,53,101,10,5,333,174,2065,r6_h4_g10_f2,0.0,111,2
6,4,10,4,100,0.5879396984924623,117,199,6.18,26.26,7.63879573561,15,5,53,53,101,10,5,333,174,2065,r6_h4_g10_f4,0.0,111,4
6,4,10,8,100,0.5879396984924623,117,199,6.18,26.25,7.6368459930200006,15,5,53,53,101,10,5,333,174,2064,r6_h4_g10_f8,0.0,111,8
6,4,10,x,100,0.5879396984924623,117,199,6.19,26.32,7.65425670071,12,4,48,48,99,10,4,332,176,2065,r6_h4_g10_fx,0.0,109,1000000000
6,6,0,2,100,0.5879396984924623,117,199,6.15,26.3,7.64484487234,12,3,51,51,100,10,5,327,179,2064,r6_h6_g0_f2,0.0,110,2
6,6,0,4,100,0.5879396984924623,117,199,6.15,26.31,7.64719498427,12,3,50,50,100,10,5,326,180,2064,r6_h6_g0_f4,0.0,110,4
6,6,0,8,100,0.5879396984924623,117,199,6.15,26.32,7.65059516279,11,3,50,50,99,10,5,326,180,2065,r6_h6_g0_f8,0.0,109,8
6,6,0,x,100,0.5879396984924623,117,199,6.18,26.74,7.76926199308,0,0,40,40,72,8,3,324,185,2091,r6_h6_g0_fx,0.0,80,1000000000
6,6,3,2,100,0.5879396984924623,117,199,6.15,26.3,7.64484487234,12,3,51,51,100,10,5,327,179,2064,r6_h6_g3_f2,0.0,110,2
6,6,3,4,100,0.5879396984924623,117,199,6.15,26.31,7.64719498427,12,3,50,50,100,10,5,326,180,2064,r6_h6_g3_f4,0.0,110,4
6,6,3,8,100,0.5879396984924623,117,199,6.15,26.32,7.65059516279,11,3,50,50,99,10,5,326,180,2065,r6_h6_g3_f8,0.0,109,8
6,6,3,x,100,0.5879396984924623,117,199,6.2,26.72,7.76296336576,2,0,40,40,78,9,3,324,185,2088,r6_h6_g3_fx,0.0,87,1000000000
6,6,6,2,100,0.5879396984924623,117,199,6.15,26.3,7.64484487234,12,3,51,51,100,10,5,327,179,2064,r6_h6_g6_f2,0.0,110,2
6,6,6,4,100,0.5879396984924623,117,199,6.15,26.31,7.64719498427,12,3,50,50,100,10,5,326,180,2064,r6_h6_g6_f4,0.0,110,4
6,6,6,8,100,0.5879396984924623,117,199,6.15,26.31,7.64679563401,11,3,50,50,100,10,5,326,180,2064,r6_h6_g6_f8,0.0,110,8
6,6,6,x,100,0.5879396984924623,117,199,6.21,26.69,7.751364000930001,2,0,41,41,82,9,3,324,184,2085,r6_h6_g6_fx,0.0,91,1000000000
6,6,10,2,100,0.5879396984924623,117,199,6.15,26.3,7.64484487234,12,3,51,51,101,10,5,327,179,2064,r6_h6_g10_f2,0.0,111,2
6,6,10,4,100,0.5879396984924623,117,199,6.15,26.31,7.64719498427,12,3,50,50,101,10,5,326,180,2064,r6_h6_g10_f4,0.0,111,4
6,6,10,8,100,0.5879396984924623,117,199,6.15,26.31,7.647195712899999,12,3,50,50,101,10,5,326,180,2064,r6_h6_g10_f8,0.0,111,8
6,6,10,x,100,0.5879396984924623,117,199,6.23,26.66,7.74401540102,3,0,44,44,92,9,4,325,183,2082,r6_h6_g10_fx,0.0,101,1000000000
8,4,0,2,100,0.5879396984924623,117,199,6.11,26.36,7.664044109060001,7,1,39,39,99,10,5,326,185,2064,r8_h4_g0_f2,0.0,109,2
8,4,0,4,100,0.5879396984924623,117,199,6.11,26.37,7.66639422099,7,1,38,38,99,10,5,325,186,2064,r8_h4_g0_f4,0.0,109,4
8,4,0,8,100,0.5879396984924623,117,199,6.11,26.38,7.669794399520001,6,1,38,38,98,10,5,325,186,2065,r8_h4_g0_f8,0.0,108,8
8,4,0,x,100,0.5879396984924623,117,199,6.11,26.55,7.71495460173,1,0,31,31,82,9,3,323,188,2074,r8_h4_g0_fx,0.0,91,1000000000
8,4,3,2,100,0.5879396984924623,117,199,6.11,26.36,7.66384410906,7,1,39,39,100,10,5,326,185,2064,r8_h4_g3_f2,0.0,110,2
8,4,3,4,100,0.5879396984924623,117,199,6.11,26.37,7.66619422099,7,1,38,38,100,10,5,325,186,2064,r8_h4_g3_f4,0.0,110,4
8,4,3,8,100,0.5879396984924623,117,199,6.11,26.38,7.66959439952,6,1,38,38,99,10,5,325,186,2065,r8_h4_g3_f8,0.0,109,8
8,4,3,x,100,0.5879396984924623,117,199,6.11,26.51,7.703654601729999,1,0,32,32,87,9,4,323,188,2071,r8_h4_g3_fx,0.0,96,1000000000
8,4,6,2,100,0.5879396984924623,117,199,6.13,26.34,7.65764434778,8,2,41,41,100,10,5,327,183,2064,r8_h4_g6_f2,0.0,110,2
8,4,6,4,100,0.5879396984924623,117,199,6.13,26.34,7.65764453873,8,2,41,41,100,10,5,327,183,2064,r8_h4_g6_f4,0.0,110,4
8,4,6,8,100,0.5879396984924623,117,199,6.13,26.33,7.655694796140001,8,2,41,41,100,10,5,327,183,2063,r8_h4_g6_f8,0.0,110,8
8,4,6,x,100,0.5879396984924623,117,199,6.14,26.43,7.681455254399999,4,1,35,35,91,10,4,325,185,2067,r8_h4_g6_fx,0.0,101,1000000000
8,4,10,2,100,0.5879396984924623,117,199,6.18,26.26,7.63879554466,15,5,53,53,101,10,5,333,174,2065,r8_h4_g10_f2,0.0,111,2
8,4,10,4,100,0.5879396984924623,117,199,6.18,26.26,7.63879573561,15,5,53,53,101,10,5,333,174,2065,r8_h4_g10_f4,0.0,111,4
8,4,10,8,100,0.5879396984924623,117,199,6.18,26.25,7.6368459930200006,15,5,53,53,101,10,5,333,174,2064,r8_h4_g10_f8,0.0,111,8
8,4,10,x,100,0.5879396984924623,117,199,6.19,26.32,7.65425670071,12,4,48,48,99,10,4,332,176,2065,r8_h4_g10_fx,0.0,109,1000000000
8,6,0,2,100,0.5879396984924623,117,199,6.15,26.3,7.64484487234,12,3,51,51,100,10,5,327,179,2064,r8_h6_g0_f2,0.0,110,2
8,6,0,4,100,0.5879396984924623,117,199,6.15,26.31,7.64719498427,12,3,50,50,100,10,5,326,180,2064,r8_h6_g0_f4,0.0,110,4
8,6,0,8,100,0.5879396984924623,117,199,6.15,26.32,7.65059516279,11,3,50,50,99,10,5,326,180,2065,r8_h6_g0_f8,0.0,109,8
8,6,0,x,100,0.5879396984924623,117,199,6.18,26.75,7.7719646416899995,0,0,39,39,74,9,4,323,186,2092,r8_h6_g0_fx,0.0,83,1000000000
8,6,3,2,100,0.5879396984924623,117,199,6.15,26.3,7.64484487234,12,3,51,51,100,10,5,327,179,2064,r8_h6_g3_f2,0.0,110,2
8,6,3,4,100,0.5879396984924623,117,199,6.15,26.31,7.64719498427,12,3,50,50,100,10,5,326,180,2064,r8_h6_g3_f4,0.0,110,4
8,6,3,8,100,0.5879396984924623,117,199,6.15,26.32,7.65059516279,11,3,50,50,99,10,5,326,180,2065,r8_h6_g3_f8,0.0,109,8
8,6,3,x,100,0.5879396984924623,117,199,6.19,26.74,7.76906575833,1,0,39,39,79,10,4,323,186,2090,r8_h6_g3_fx,0.0,89,1000000000
8,6,6,2,100,0.5879396984924623,117,199,6.15,26.3,7.64484487234,12,3,51,51,100,10,5,327,179,2064,r8_h6_g6_f2,0.0,110,2
8,6,6,4,100,0.5879396984924623,117,199,6.15,26.31,7.64719498427,12,3,50,50,100,10,5,326,180,2064,r8_h6_g6_f4,0.0,110,4
8,6,6,8,100,0.5879396984924623,117,199,6.15,26.31,7.64679563401,11,3,50,50,100,10,5,326,180,2064,r8_h6_g6_f8,0.0,110,8
8,6,6,x,100,0.5879396984924623,117,199,6.2,26.72,7.7614663935,1,0,39,39,83,10,4,323,186,2087,r8_h6_g6_fx,0.0,93,1000000000
8,6,10,2,100,0.5879396984924623,117,199,6.15,26.3,7.64484487234,12,3,51,51,101,10,5,327,179,2064,r8_h6_g10_f2,0.0,111,2
8,6,10,4,100,0.5879396984924623,117,199,6.15,26.31,7.64719498427,12,3,50,50,101,10,5,326,180,2064,r8_h6_g10_f4,0.0,111,4
8,6,10,8,100,0.5879396984924623,117,199,6.15,26.31,7.647195712899999,12,3,50,50,101,10,5,326,180,2064,r8_h6_g10_f8,0.0,111,8
8,6,10,x,100,0.5879396984924623,117,199,6.23,26.7,7.756817332430001,3,0,42,42,92,10,4,324,185,2084,r8_h6_g10_fx,0.0,102,1000000000
