seed,observations,abnormal,null_ns,b3_ns,dataflow_ns,medium_ns,b3_notices,dataflow_notices,medium_notices,df_probes,df_writes,df_scans,df_fires,df_modelled_ns,df_billed_ns,med_ticks,med_cell_updates,med_synapse_traversals,med_event_routings,med_field_reads,med_modelled_ns
20000,4266,1583,164217,2305799,6197624,10887748,45,45,58,61304,29863,182510,24059,3602760,3602645,5995,71093,28449,9731,0,16518065
20001,4438,1547,158186,2276457,6529292,10675226,39,39,25,63209,29861,182361,23917,3639315,3639100,5995,72224,28875,10007,0,16765955
20002,4646,1867,153841,2545012,7330092,12571649,36,36,45,71247,34188,223816,26558,4215270,4214905,5995,83105,31857,11078,0,19059545
20003,4397,1674,156880,2293520,6436308,10343764,31,31,35,59455,30605,192644,24369,3651390,3651275,5995,62125,24262,10200,0,14638550
20004,4430,1733,172604,2535621,6782070,11245607,31,31,49,63737,31047,206140,24744,3826275,3825540,5995,70402,26424,10337,0,16353480
20005,4796,1997,159952,2619755,8469510,13055026,41,41,66,74521,36225,246131,27918,4490790,4490695,5995,91909,35916,11640,0,20944300
20006,4420,1639,178426,2226028,5871568,9354400,37,37,40,62488,30299,193684,24153,3702400,3701885,5995,63688,23897,10178,0,14941145
20007,4502,1651,144786,1974533,5872882,10684109,41,41,61,65169,31384,195360,24988,3817400,3817305,5995,78772,30305,10339,0,18124585
20008,5004,2033,160190,2802261,7619052,12929825,42,42,74,74852,37019,248495,28208,4546410,4545985,5995,87180,32426,12060,0,19928050
20009,4319,1630,163360,2189933,6392822,10193492,38,38,45,62472,30439,193184,24383,3707030,3706855,5995,66960,25196,9984,0,15620260
20010,4949,1995,159365,2674683,7196036,11743856,46,46,65,72254,35725,245203,27768,4417560,4417095,5995,76791,28535,11833,0,17743895
20011,4438,1683,174447,2416139,7250697,11742309,31,31,46,62983,31319,195238,24749,3768950,3768835,5995,74070,28847,10266,0,17144815
20012,4430,1646,168618,2488339,7227799,12107671,36,36,34,65794,30988,197796,24564,3822140,3821705,5995,78072,30183,10251,0,17978015
20013,4484,1740,167728,2670883,7206197,12315849,35,35,74,63816,31461,213965,25376,3888770,3888615,5995,73390,29773,10400,0,17037325
20014,4522,1759,170378,2604816,7209092,9222749,36,36,65,64162,32099,205207,25539,3881425,3881290,5995,70156,26805,10535,0,16321725
20015,4607,1727,137464,1967418,5552311,8754391,38,38,52,62710,31480,204883,25154,3820985,3820870,5995,66019,24640,10519,0,15439560
20016,4573,1823,133862,2128690,5757015,9774561,39,39,71,68634,33139,217891,26242,4084600,4084445,5995,76861,29382,10823,0,17738670
20017,4658,1822,134523,2061901,5807948,9807097,39,39,71,68166,33405,221294,26173,4103880,4103255,5995,78591,29363,11016,0,18091915
20018,4624,1790,140331,1977438,5688741,9889034,42,42,65,67759,33129,212354,26032,4037915,4037760,5995,79236,30750,10864,0,18249510
20019,4534,1716,137199,1892447,5423278,9241424,35,35,42,64121,31793,198928,25045,3832970,3832855,5995,73206,27968,10488,0,16958920
20020,4972,2003,160226,2604749,7723541,12644259,40,40,56,74571,36726,243571,27925,4501570,4501455,5995,83913,32268,11959,0,19266660
20021,4472,1726,154989,2410070,8021563,12067163,39,39,61,66048,32242,209049,25434,3944265,3944170,5995,76414,29659,10508,0,17643595
20022,4865,1988,182692,2961452,8359969,14042987,34,34,68,70964,36031,239220,27536,4374455,4374320,5995,79526,29895,11706,0,18319815
20023,4473,1727,231832,3386930,6689446,10747505,38,38,51,59946,31266,198545,24960,3723415,3723300,5995,64539,24341,10353,0,15129445
20024,5126,2116,191553,3147028,8534685,14037181,38,38,60,76733,38187,259719,28792,4695630,4695495,5995,86970,32109,12457,0,19894005
20025,4177,1521,167364,2124632,6225095,10533785,34,34,47,57632,29083,177504,23450,3466145,3465970,5995,68939,27786,9510,0,16061850
20026,4398,1679,168866,2519530,6995856,12038573,39,39,41,65717,31266,203747,24828,3864185,3863620,5995,78613,30519,10208,0,18092895
20027,4690,1844,177280,2701944,7412657,12356984,35,35,56,68237,33189,229867,26097,4138065,4137160,5995,75418,28430,11162,0,17439830
20028,4382,1663,147353,2029542,5548826,9184839,34,34,42,62055,30516,198737,24363,3729820,3728955,5995,69462,26922,10152,0,16170530
20029,4109,1425,135377,1696999,4933969,8276209,31,31,34,54625,27245,160338,22398,3232205,3231820,5995,62177,24831,9064,0,14617735
20030,5517,2375,152374,2831973,8088579,12924130,47,47,65,82673,42245,282203,31159,5121295,5121180,5995,95469,35705,13674,0,21732385
20031,4657,1864,143052,2489581,7034242,12450584,46,46,69,70556,34457,217718,27001,4185280,4185105,5995,84648,33519,11015,0,19407175
20032,4069,1465,150113,2020800,5462535,9544119,32,32,37,58524,27800,169822,22858,3384880,3384745,5995,67504,26612,9069,0,15727860
20033,4320,1597,150390,2197128,5939683,9434379,34,34,35,58583,29641,187145,23756,3560010,3559915,5995,60019,23235,9888,0,14179195
20034,4684,1926,184901,3521830,10507399,13209879,32,32,54,69700,34080,241089,26751,4266800,4266015,5995,75771,29299,11277,0,17536755
20035,4262,1595,153655,2053241,5872804,9732973,29,29,37,60013,29718,188220,23884,3598090,3597955,5995,69013,27464,9783,0,16079520
20036,4844,1961,162173,2560675,7272447,12944293,35,35,61,69762,35400,239147,27167,4319810,4319345,5995,78319,29757,11658,0,18073045
20037,4747,1791,213718,2654443,7308992,11671643,37,37,33,66701,32970,217336,25707,4032885,4032770,5995,67883,26032,11017,0,15867080
20038,4434,1696,168731,2430865,6744353,10867286,41,41,58,61325,31095,200193,24895,3751215,3751040,5995,63903,24223,10293,0,14996895
20039,4231,1523,164018,2286290,6326971,9753848,27,27,35,56140,28539,176968,23159,3407690,3407140,5995,58912,23462,9518,0,13948670
20040,4603,1776,177856,2608614,7192544,12346828,33,33,42,66709,32640,210576,25552,3983620,3983075,5995,73692,27348,10786,0,17052540
20041,4878,1941,173786,3037927,8121038,14136028,40,40,59,73882,34918,238120,27229,4375695,4374690,5995,87047,33463,11609,0,19909335
20042,4727,1848,176444,2757679,7663996,13405196,36,36,44,71563,34252,222637,26519,4218380,4218165,5995,87604,33805,11208,0,20013245
20043,4412,1756,179143,2521284,7079764,11343294,28,28,49,62059,31622,205269,25141,3816220,3816125,5995,68247,26269,10296,0,15916965
20044,4492,1825,172570,2645616,7536531,13679505,38,38,118,67161,32755,220416,26253,4050540,4050425,5995,81704,31703,10534,0,18753735
20045,4922,2010,182463,3094729,8546395,15191581,43,43,85,76525,36800,249769,28191,4576300,4575815,5995,92834,35858,11840,0,21135850
20046,4145,1519,165775,2351345,6494353,10264884,33,33,40,58028,28354,181767,23175,3461200,3461045,5995,61363,23504,9473,0,14438120
20047,4592,1830,179090,2626631,7396235,12860046,45,45,48,68580,33600,216812,26241,4098865,4098750,5995,79755,31362,10856,0,18368290
20048,4140,1456,173472,2174358,6092884,9710957,27,27,28,55687,27455,169766,22553,3310810,3310695,5995,60919,23815,9120,0,14342975
20049,5325,2355,186412,3339256,9525699,16462041,46,46,67,84823,41979,287065,31215,5176915,5176820,5995,102524,39712,13321,0,23229440
20050,4732,1842,176898,2823382,7785252,13081069,38,38,57,68820,34144,220557,26429,4147810,4147675,5995,81416,31547,11167,0,18717555
20051,4491,1761,179591,2642335,7407857,11791945,42,42,48,66285,32531,212435,25634,3979940,3979825,5995,72845,28496,10617,0,16905080
20052,4040,1467,170545,2096026,5865309,9467707,29,29,36,54234,27476,166400,22594,3266070,3265935,5995,57683,22281,9087,0,13656105
20053,4310,1563,173023,2270692,6265249,10346890,34,34,44,59376,29410,179595,23687,3527380,3527245,5995,63526,24346,9806,0,14905090
20054,4726,1853,180425,2725239,7734354,13577514,41,41,50,71079,34180,227392,26555,4229415,4228880,5995,87173,33547,11155,0,19918475
20055,4007,1356,167142,2004210,5616422,8989946,24,24,23,53189,26013,154303,21622,3113990,3113855,5995,57650,22598,8760,0,13644350
20056,4473,1680,167346,2465970,6952095,11340316,38,38,35,63949,31210,194767,24826,3781395,3780880,5995,74174,29221,10335,0,17177725
20057,4514,1726,177892,2533905,6914724,11314558,33,33,39,64963,31695,204711,25104,3874610,3861375,5995,70143,26422,10456,0,16306390
20058,4598,1716,171190,2615439,7069579,11797789,35,35,41,65548,31823,206289,25017,3899525,3898620,5995,72662,28154,10614,0,16859810
20059,4442,1709,175276,2493932,7090321,12037584,32,32,35,66086,31864,202100,25104,3891620,3891465,5995,77987,31158,10339,0,17988910
20060,4133,1453,168038,2123905,6038499,10060772,37,37,37,57900,27827,170376,22815,3376170,3375605,5995,65038,25352,9201,0,15208440
20061,3711,1163,156298,1679820,4866680,8105932,32,32,22,47554,23124,129165,19962,2737295,2737160,5995,52812,21674,7823,0,12616170
20062,4091,1496,164093,2137382,6000340,9725871,35,35,42,57106,27894,175090,22911,3387355,3386365,5995,60506,23282,9336,0,14255690
20063,4520,1723,172362,2584674,6941940,11204949,35,35,51,64867,31689,206545,25192,3882030,3881895,5995,67777,24858,10528,0,15796970
20064,4610,1806,178182,2681748,7509707,12664701,41,41,42,70562,33460,218520,26222,4140650,4140515,5995,79500,31036,10866,0,18309540
20065,5035,2062,186765,2991897,8286230,13513893,43,43,55,73732,37446,252524,28422,4564440,4564305,5995,82299,31544,12257,0,18937680
20066,4079,1436,163806,2087229,5856725,9769152,27,27,51,54082,27119,168890,22402,3258455,3258320,5995,60031,23482,9092,0,14155930
20067,4394,1721,177290,2532761,6830946,10988185,33,33,52,61578,31285,204367,24916,3785800,3785685,5995,65634,24572,10268,0,15350820
20068,4452,1706,175661,2554272,6825459,11304138,28,28,73,61472,30776,209545,24953,3786850,3786715,5995,64831,24671,10338,0,15195495
20069,4339,1658,166140,2368785,6602451,10773821,36,36,54,60232,30540,194393,24429,3673050,3672915,5995,64190,25167,9971,0,15065015
20070,4547,1798,180253,2657097,7361963,11724809,42,42,38,67811,33178,215332,25946,4055620,4055445,5995,71836,27434,10796,0,16683890
20071,4861,1939,176844,2848811,7920840,13263123,42,42,72,71972,35469,241061,27414,4377920,4377825,5995,81430,31392,11632,0,18735080
20072,3935,1269,163504,1959872,5214948,8331956,28,28,22,49710,24525,148311,20727,2943015,2942900,5995,49656,19079,8520,0,11947975
20073,4269,1529,163568,2346441,6351786,10031039,35,35,41,59469,28960,182037,23474,3520135,3520000,5995,60645,23617,9573,0,14301345
20074,4202,1487,165871,2126878,6198992,10601910,41,41,38,59287,28389,173079,23109,3444185,3443740,5995,68924,27325,9394,0,16042685
20075,4870,1945,177293,2990915,7959508,12869675,36,36,60,69187,35098,238143,27112,4289425,4289310,5995,76931,27997,11656,0,17751365
20076,4499,1688,175703,2631369,6908391,11361274,38,38,41,62323,31392,198212,24924,3774780,3774665,5995,67697,25984,10372,0,15802880
20077,3771,1230,165008,1833066,5138704,8482566,35,35,25,50044,24130,140398,20621,2891825,2891690,5995,51627,20673,8122,0,12366105
20078,4459,1647,166678,2451364,6985295,11080680,35,35,46,64514,31159,201235,24689,3822055,3821960,5995,71555,27326,10310,0,16605550
20079,4820,1956,155928,2393849,11337232,17545980,43,43,82,71936,35387,239755,27517,4367495,4357790,5995,84327,33123,11542,0,19354155
20080,5058,2100,195222,3110409,8517875,14053148,45,45,58,77537,37431,254095,28621,4648715,4648030,5995,88368,33785,12206,0,20205465
20081,4425,1608,180031,2364819,6855166,11743674,41,41,40,65284,31036,192949,24614,3790115,3789960,5995,77180,29691,10149,0,17783235
20082,4658,1804,177324,2677637,7333935,12022865,34,34,51,66609,32943,217405,25839,4030835,4030720,5995,73088,27638,10912,0,16944030
20083,4220,1562,179267,2281488,6353065,11493954,33,33,52,59072,29003,185063,23676,3530270,3530195,5995,66130,25271,9563,0,15439295
20084,4505,1729,169783,2498642,7735421,17535194,39,39,65,64145,32021,207166,25358,3886465,3886330,5995,76337,29520,10470,0,17623200
20085,5217,2162,271329,5023310,12946476,16627278,46,46,69,83324,39976,273645,29960,4983425,4983310,5995,101095,38881,12742,0,22899705
20086,5104,2102,185682,3175687,8595502,13973884,46,46,59,76804,38170,260259,28857,4699310,4699135,5995,82714,31785,12363,0,19030945
20087,3816,1222,159508,1820638,5084057,8543873,37,37,34,50841,24475,140535,20870,2925220,2925105,5995,52920,20585,8185,0,12625025
20088,3929,1449,172032,2127393,5865831,9415830,25,25,37,54161,26614,169829,22313,3241560,3241445,5995,56942,22125,8809,0,13492885
20089,5220,2264,302937,4993095,12739037,22160085,42,42,88,80081,40330,278581,30198,4960365,4960190,5995,93462,35681,12922,0,21300305
20090,4851,1965,272314,3995218,8056033,13543132,47,47,45,75644,36079,233573,27662,4442610,4442455,5995,87700,33778,11686,0,20050890
20091,4636,1845,179755,2635846,7392326,12328554,37,37,60,66946,33425,218727,26102,4067190,4067015,5995,72970,27878,10970,0,16928750
20092,4243,1576,181977,2236969,7118484,11199084,28,28,47,59036,29475,179821,23724,3524820,3524685,5995,70675,28233,9589,0,16423385
20093,4540,1768,173223,2542078,7131676,12303771,41,41,51,66605,32916,210673,25772,3995545,3995390,5995,79264,30543,10700,0,18243375
20094,4529,1743,174037,2495659,6878961,10760823,32,32,40,62230,31739,204547,25117,3821175,3821120,5995,65049,25051,10513,0,15255595
20095,4525,1760,173644,2628091,7319462,12891758,36,36,81,67909,32220,214116,25632,4006820,4006645,5995,80886,31509,10508,0,18584245
20096,4261,1524,165743,2373756,6432279,10707743,42,42,65,59274,29072,182544,23504,3523960,3523845,5995,63880,24784,9592,0,14978280
20097,4024,1430,175813,2047999,5812840,10000850,31,31,49,53653,26727,163543,22202,3204500,3203565,5995,63673,24498,8933,0,14903370
20098,4687,1746,183056,2651968,7138401,11192336,37,37,39,65396,32552,212477,25398,3962135,3962040,5995,68185,25404,10851,0,15905140
20099,4306,1542,168490,2225591,6309016,10559219,31,31,39,57226,28679,177702,23359,3440380,3440265,5995,61499,23687,9580,0,14474175
20100,5093,2186,191596,3479514,9678445,16570809,42,42,68,83056,39075,273832,29691,4937110,4936955,5995,100799,39252,12549,0,22842060
20101,4713,1763,182429,2724136,7295962,11833573,35,35,41,64762,32977,204047,25626,3927570,3927435,5995,70829,27369,10929,0,16486185
20102,4824,1941,179779,2935538,8878207,14336739,49,49,75,75274,35614,236410,27558,4427950,4427775,5995,89301,34825,11499,0,20389785
20103,4685,1910,175859,2801446,8009509,13333064,43,43,62,73059,35523,234841,27368,4370760,4370625,5995,83687,32775,11338,0,19209295
20104,4542,1745,171553,2581760,7098298,11925430,30,30,34,65927,31888,206590,25149,3912195,3911660,5995,75569,28487,10577,0,17448055
20105,4934,1954,185592,2872174,8198773,13319006,43,43,57,72614,35909,241235,27472,4411720,4411645,5995,80068,29805,11763,0,18428245
20106,4200,1512,161504,2273204,6303176,9822992,33,33,44,56241,28240,175616,23067,3389035,3388670,5995,57490,22032,9490,0,13627400
20107,4696,1925,176730,2814514,8517889,14696593,39,39,81,69500,33956,235430,26691,4228625,4227770,5995,80534,30890,11195,0,18525850
20108,4422,1713,175356,2726186,7614810,12803491,32,32,46,66804,31858,208736,25266,3939700,3939565,5995,81321,31100,10319,0,18653460
20109,5031,1997,182453,2999205,8292085,13971276,49,49,71,75206,36716,243785,28053,4515530,4515435,5995,87405,33870,11938,0,20004270
20110,4152,1460,170043,2126121,6001508,9783804,32,32,43,55931,27690,171365,22784,3335415,3335260,5995,58736,22765,9274,0,13886285
20111,4585,1779,177742,2593710,7056300,11301022,38,38,44,63005,32528,204656,25614,3875210,3875075,5995,67697,25645,10730,0,15808725
20112,4601,1752,182050,2595726,7143937,11456960,32,32,42,64181,32221,206804,25314,3894155,3893680,5995,69783,26953,10707,0,16257705
20113,3677,1261,161982,1812444,5082532,8832846,30,30,32,50871,24158,140897,20751,2912770,2912655,5995,55299,21821,7925,0,13121325
20114,4269,1539,174507,2288699,6585965,10697643,46,46,46,60099,29205,181692,23691,3543120,3543025,5995,63859,25320,9629,0,14988960
20115,4776,1884,177051,2876622,7764167,13296774,35,35,72,69780,34171,234181,26827,4238335,4238240,5995,80878,32373,11279,0,18635085
20116,4588,1753,172700,2596416,6532023,10658447,29,29,63,61952,31815,211717,25170,3855150,3854995,5995,67824,25374,10762,0,15828630
20117,4121,1511,159294,1997303,5604568,9212459,31,31,40,57171,28167,173812,23020,3395095,3394940,5995,64266,24690,9334,0,15042810
20118,4410,1673,151227,2237192,6411089,10668625,40,40,46,65468,31592,201475,25003,3863390,3863255,5995,77618,30406,10210,0,17891150
20119,5415,2311,162472,2967746,8396280,13436955,48,48,73,80699,41244,283734,30856,5042910,5042405,5995,91080,34917,13423,0,20824845
20120,4453,1679,154514,2167401,6052699,10217204,34,34,43,62925,31538,194487,24975,3775020,3774945,5995,71755,27437,10352,0,16650005
20121,5077,2138,164606,2822462,7844526,12844844,52,52,56,79534,38904,266079,29433,4818920,4818845,5995,88670,34538,12484,0,20295810
20122,4638,1745,157359,2301077,6476668,11308205,35,35,45,69007,32741,208131,25634,4022310,4022155,5995,83042,31935,10716,0,19034415
20123,4204,1548,147148,1986089,5485157,8604409,30,30,42,56443,28562,177257,23391,3417390,3417215,5995,58744,22464,9547,0,13891280
20124,4863,2012,162929,2616635,7087619,11783279,36,36,53,73190,36411,242911,27752,4455610,4455495,5995,81205,30540,11817,0,18676180
20125,4323,1577,148919,2048692,5721741,9845490,32,32,41,61031,29570,182655,23776,3583425,3582890,5995,70730,27500,9815,0,16425100
20126,4511,1719,154933,2245667,6298618,10183547,40,40,55,64407,32051,203315,25258,3873300,3873185,5995,69677,26396,10565,0,16216900
20127,4237,1507,148050,2007107,5428250,8723732,27,27,39,55909,27923,176167,22921,3370155,3370020,5995,57595,22134,9471,0,13650190
20128,4560,1786,144811,2315577,6447602,11354959,40,40,84,66371,33010,210935,25994,3997515,3997400,5995,80178,30457,10746,0,18425865
20129,4854,1977,152916,2524913,7132163,12375240,41,41,61,74520,35761,240029,27581,4437695,4437500,5995,88218,33848,11662,0,20155280
20130,3923,1379,141032,1777672,5098024,7783883,31,31,36,51422,25681,158680,21614,3085555,3085030,5995,52316,19961,8639,0,12506785
20131,4690,1947,156374,2485192,7006171,11988360,35,35,64,71601,34793,234603,27127,4306355,4306200,5995,85160,32602,11193,0,19493770
20132,4368,1612,151708,2150593,5798305,9482724,30,30,41,61232,29799,188229,23958,3626530,3626435,5995,65742,24711,9896,0,15361015
20133,4535,1707,160184,2089058,9096927,9716055,34,34,43,66950,31828,204991,25105,3921740,3921145,5995,76698,29687,10507,0,17701055
20134,4522,1740,146908,2101991,6028214,10115479,37,37,43,68235,32351,208302,25427,3989140,3988615,5995,78042,29925,10604,0,17979685
20135,4496,1750,148505,2245821,6295144,10200896,30,30,38,64612,32089,209533,25225,3910035,3909960,5995,71797,26959,10603,0,16656495
20136,4341,1629,148684,2128536,5813680,8678653,31,31,31,61307,30181,191404,24173,3662170,3662055,5995,64637,25220,9978,0,15156020
20137,4331,1625,141230,1994691,5541708,9256534,37,37,36,64174,30524,193748,24412,3747860,3747745,5995,73407,28221,9980,0,16985125
20138,4596,1744,138251,2061209,5955581,10841006,35,35,56,65689,32312,207804,25477,3934225,3933710,5995,77607,30138,10669,0,17900610
20139,3712,1193,136555,1555190,4312991,7150401,20,20,27,45796,23173,131225,19979,2714725,2714570,5995,47431,18739,7889,0,11469235
20140,4886,2032,178716,2739547,7383607,13443111,45,45,54,77799,36797,246767,28091,4586135,4585460,5995,93969,36662,11862,0,21383830
20141,4784,1912,164934,2655077,7244623,11703713,40,40,55,70348,34544,231924,26830,4255210,4255135,5995,76103,29131,11373,0,17602795
20142,4167,1493,152841,2052862,5688975,9272711,30,30,34,59246,28362,178389,23048,3468395,3468280,5995,65705,26122,9372,0,15367930
20143,4321,1582,153172,2058368,5731791,9264222,29,29,43,59422,29560,182819,23811,3551790,3551655,5995,65580,25561,9738,0,15343545
20144,4171,1501,146187,1913402,5368666,8747198,36,36,44,56717,28405,174169,23161,3399215,3399080,5995,60073,23198,9425,0,14170550
20145,4749,1814,155501,2402725,6544556,10309367,41,41,54,65924,33419,219537,26026,4050150,4050015,5995,69447,26006,11073,0,16181470
20146,4556,1770,153988,2296230,6306365,9711247,35,35,52,64094,32285,210753,25591,3916425,3916330,5995,65436,25602,10701,0,15354290
20147,4448,1750,149723,2276133,6556340,13105203,36,36,50,67222,32279,208039,25569,3965035,3964880,5995,80454,31578,10424,0,18496210
20148,4792,1896,193581,2776329,8536870,15245940,49,49,82,70632,34764,228876,27093,4256865,4256730,5995,85776,33946,11286,0,19654290
20149,4380,1666,165412,2298148,6851719,12233968,40,40,66,64504,30982,198341,24775,3799850,3799635,5995,77016,29863,10133,0,17754095
20150,4176,1480,170720,2189857,6387662,10452805,31,31,43,58462,27735,173935,22881,3401395,3400940,5995,66497,25862,9316,0,15517590
20151,4501,1684,171931,2504854,7027676,11615410,38,38,38,63966,31494,200496,25040,3824230,3824095,5995,68137,26142,10419,0,15896710
20152,4233,1501,184827,2307901,7011234,10954463,36,36,31,60314,28375,174384,23146,3470805,3469840,5995,66549,26348,9502,0,15547580
20153,4478,1672,174909,2516091,7178074,11201880,36,36,51,61761,31492,199155,24883,3772550,3772455,5995,63257,24273,10432,0,14874505
20154,4057,1448,174464,2138435,5893490,9497268,35,35,47,55074,27044,165048,22561,3256505,3256390,5995,56721,22162,8980,0,13456450
20155,3627,1138,162049,1702582,4863052,8458362,32,32,34,47416,22873,126953,19848,2711610,2711535,5995,52862,21029,7651,0,12603165
20156,4834,1846,173716,2893977,7876026,13793883,35,35,64,71967,34422,228413,26522,4263005,4262890,5995,88313,33484,11296,0,20150540
20157,4304,1536,176275,2463192,6623871,11298813,42,42,46,61719,29113,181623,23530,3570230,3570135,5995,71375,27857,9596,0,16554265
20158,4051,1398,164040,2131346,5983966,9856792,27,27,43,52833,26474,159486,22074,3155790,3155695,5995,55640,21789,8914,0,13228285
20159,4290,1593,179332,2507467,6431226,10946401,39,39,58,59432,29413,183410,23804,3548295,3547410,5995,64613,24435,9867,0,15127155
20160,4489,1737,167708,2287456,6642576,11510578,34,34,41,66581,32150,208069,25372,3945575,3945420,5995,78926,31435,10416,0,18186715
20161,4404,1611,159221,2080377,6117045,10066699,39,39,47,61774,30485,185889,24283,3658165,3658010,5995,68866,26434,10106,0,16037290
20162,4133,1495,150562,1804320,5036923,8923192,36,36,46,56618,27745,173888,22842,3364535,3363980,5995,59046,22880,9284,0,13951560
20163,4557,1792,153561,2492994,6731188,10336908,32,32,41,65790,32498,220008,25655,4006525,4006430,5995,67923,25830,10734,0,15858710
20164,4582,1858,156688,2479405,6758580,10875199,35,35,44,68456,33482,225498,26274,4134670,4134535,5995,77040,29763,10812,0,17783555
20165,4057,1356,141377,1807113,4984912,7728035,31,31,26,52872,26140,159411,21758,3139585,3139470,5995,51869,20304,8940,0,12438000
20166,4080,1425,145344,1860613,5204057,8879426,30,30,37,55686,27343,160858,22531,3261100,3260965,5995,63604,24805,9034,0,14901285
20167,4587,1794,162693,2300083,6478492,10553449,38,38,47,66326,33224,211094,25904,4006590,4006435,5995,74343,29107,10861,0,17229715
20168,4275,1546,151019,2255147,6690868,10479843,31,31,46,59080,29162,184877,23694,3536745,3536630,5995,67761,26871,9617,0,15807655
20169,4260,1550,157190,2161045,5825952,9699568,32,32,40,58015,28764,181008,23371,3476575,3476100,5995,62586,23988,9642,0,14701580
20170,4690,1908,166125,2720094,7367320,12367881,39,39,58,72274,34660,234781,26984,4314005,4313870,5995,81587,30792,11263,0,18736720
20171,4401,1651,155236,2251967,6275153,10302931,34,34,42,61300,30487,194187,24250,3690100,3689475,5995,67338,25418,10173,0,15708970
20172,4679,1827,165645,2573081,7430288,13232818,42,42,56,70632,33693,219752,26250,4158835,4158400,5995,85082,33027,11016,0,19481715
20173,4631,1816,163285,2658647,7391742,12239874,31,31,46,68478,33061,220302,25936,4088495,4087990,5995,77418,29411,10851,0,17851915
20174,4257,1551,172665,2166523,6439814,10306833,30,30,45,59373,28999,182735,23500,3523590,3523475,5995,66816,25453,9611,0,15582965
20175,4673,1815,177969,2481514,6556156,10436926,37,37,54,64485,33406,214369,25912,3994375,3993880,5995,70733,26359,11086,0,16448015
20176,4035,1441,149539,1869172,5096685,8118561,25,25,31,51426,26852,162460,22155,3159935,3159800,5995,53669,20850,9032,0,12815330
20177,3883,1373,141987,1821952,4988776,8067107,24,24,41,51313,25466,160900,21767,3085565,3085430,5995,54224,21620,8614,0,12928860
20178,4515,1729,154852,2176606,6253321,11010387,35,35,49,64749,31977,202724,25238,3873755,3873640,5995,76586,29568,10469,0,17674160
20179,4488,1734,181558,2603228,7373901,12291668,32,32,51,65781,31923,207085,25334,3914250,3914115,5995,77192,29930,10441,0,17803290
20180,4222,1577,175151,2298840,6803038,11312357,36,36,48,61088,29768,185903,23945,3610560,3610425,5995,73609,28511,9679,0,17020735
20181,4407,1659,171799,2433193,6721091,10824269,38,38,47,61858,30690,197021,24544,3726035,3725860,5995,65144,25190,10133,0,15262870
20182,3688,1177,162809,1682766,4740904,7385987,30,30,29,44036,22854,123210,19908,2624740,2624625,5995,43080,17456,7798,0,10563320
20183,4689,1815,173762,2672779,7536029,12855273,38,38,53,69549,33752,218094,26154,4131060,4130925,5995,81584,31308,11025,0,18739500
20184,4346,1601,179341,2302593,6879160,11897372,38,38,45,61162,30078,185152,24232,3623670,3623575,5995,69077,27466,9838,0,16094570
20185,4543,1724,172876,2600314,7649091,13674155,38,38,68,65801,31724,205901,25265,3899430,3898835,5995,80553,31408,10526,0,18515840
20186,4482,1726,174755,2660055,7265929,12546070,32,32,39,66474,31930,207467,25282,3930075,3929600,5995,77339,30016,10481,0,17836440
20187,4204,1538,168339,2477361,6688496,10799660,31,31,42,58079,28716,179857,23348,3469825,3469320,5995,67945,26245,9490,0,15823725
20188,3946,1363,174608,2208568,5601270,9799193,30,30,26,51647,25468,151800,21396,3044980,3044495,5995,50847,19914,8654,0,12212410
20189,3996,1403,170039,2362379,6254470,8994486,26,26,26,56021,27006,164637,22165,3269700,3269565,5995,65511,25928,8879,0,15304560
20190,3886,1299,136105,1641765,4538954,7186851,24,24,26,47637,24454,144599,20757,2879950,2879815,5995,48330,18913,8344,0,11671585
20191,4575,1744,151554,2255077,6209986,10257363,41,41,45,63674,32246,208132,25380,3892110,3892015,5995,66226,25129,10701,0,15500465
20192,4945,2049,156134,2605441,8495776,13951985,46,46,59,76561,37363,247866,28389,4593830,4593715,5995,86394,32933,12048,0,19783045
20193,4375,1692,171121,2445818,7153770,12203851,33,33,47,65127,31316,201876,24852,3845400,3844835,5995,77047,30613,10266,0,17784365
20194,4616,1774,182691,2831519,7694300,12858551,38,38,35,69581,33124,215154,25904,4087490,4087435,5995,78642,31060,10838,0,18137420
20195,4724,1867,180889,2829522,8044755,13314605,50,50,86,70565,34503,224740,26912,4222195,4222100,5995,79774,30002,11260,0,18354250
20196,4284,1599,180091,2463384,6659834,11390236,28,28,46,61760,29542,191302,23923,3640715,3640210,5995,71267,28898,9706,0,16563090
20197,4350,1591,178981,2330364,6379551,10599645,31,31,34,58099,29495,182686,23704,3521205,3521090,5995,60740,23049,9866,0,14317865
20198,4125,1517,172890,2150933,6578552,11440589,27,27,31,58740,28596,173525,23264,3445565,3445450,5995,68334,27430,9337,0,15925030
20199,4136,1514,176060,2206638,6424442,11087708,32,32,38,58026,28139,175430,23116,3419505,3418960,5995,64766,24841,9393,0,15148945
