arm,seed,bill_compute_ns,measured_component_ns,measured_sched_ns,measured_harness_ns,steps
dataflow,20000,5165044,876744,21215254,10679337,1200
dataflow,20001,5188293,759473,13634308,5171933,1200
dataflow,20002,5679113,563363,15341225,5448294,1200
dataflow,20003,4942174,404518,13858447,4972992,1200
dataflow,20004,5143159,458190,14495986,5041932,1200
dataflow,20005,6061010,620066,16493015,5692080,1200
dataflow,20006,5032603,407938,14895596,5539956,1200
dataflow,20007,5305768,677254,15161465,5603900,1200
dataflow,20008,6127120,607480,17656078,5962022,1200
dataflow,20009,5077897,472641,14311750,5069963,1200
dataflow,20010,6109438,759852,19103008,6391395,1200
dataflow,20011,5058376,468041,13540436,5166387,1200
dataflow,20012,5227900,512421,14378973,5491031,1200
dataflow,20013,5287784,635435,19074417,6947329,1200
dataflow,20014,5363805,572730,15315995,5976723,1200
dataflow,20015,5205858,478416,16134667,5477025,1200
dataflow,20016,5509641,905379,16753181,6263244,1200
dataflow,20017,5577480,552467,16063640,5612784,1200
dataflow,20018,5524078,619469,15444277,5789354,1200
dataflow,20019,5117004,437227,15593242,5591748,1200
dataflow,20020,5979701,397901,13091635,4649732,1200
dataflow,20021,5403328,469788,11525939,4251939,1200
dataflow,20022,5689997,296935,13040999,4326753,1200
dataflow,20023,5059646,345662,10881750,4342919,1200
dataflow,20024,6176081,383072,14515988,4928171,1200
dataflow,20025,4675002,342151,9489488,3865178,1200
dataflow,20026,5247547,411230,11230888,4243523,1200
dataflow,20027,5518181,361010,12412987,4614815,1200
dataflow,20028,5020162,329462,10792045,4301501,1200
dataflow,20029,4471036,779606,17125835,8003435,1200
dataflow,20030,6799877,835073,21767754,7690484,1200
dataflow,20031,5887879,813845,15785994,6051464,1200
dataflow,20032,4671809,471041,12709724,6560277,1200
dataflow,20033,4834922,474291,13320812,5097889,1200
dataflow,20034,5798823,441863,13597404,4580424,1200
dataflow,20035,4801122,331870,11338294,4660058,1200
dataflow,20036,5689614,370710,14192313,4772113,1200
dataflow,20037,5373150,315501,13330674,4632310,1200
dataflow,20038,5108545,377378,11966902,4290919,1200
dataflow,20039,4582785,320774,11010522,4211575,1200
dataflow,20040,5271427,357921,14412723,4657922,1200
dataflow,20041,5921363,522302,14496392,5355722,1200
dataflow,20042,5766937,707034,15662579,6002605,1200
dataflow,20043,5004542,343808,14866355,5353795,1200
dataflow,20044,5494367,613262,14825386,5466946,1200
dataflow,20045,6222859,722558,17555743,6289947,1200
dataflow,20046,4805619,480933,13329840,4942500,1200
dataflow,20047,5507160,579726,16677926,6323961,1200
dataflow,20048,4520834,393823,12136220,4656906,1200
dataflow,20049,6820150,676722,20128264,6527178,1200
dataflow,20050,5621045,1071024,28470966,10962410,1200
dataflow,20051,5399648,508478,14776401,5326877,1200
dataflow,20052,4403778,329394,11800879,4742214,1200
dataflow,20053,4734541,380690,13046718,4930124,1200
dataflow,20054,5828190,679227,15809281,5557331,1200
dataflow,20055,4223832,307797,10883082,4486970,1200
dataflow,20056,5146005,567231,13827816,5039991,1200
dataflow,20057,5226266,424360,14408032,5187512,1200
dataflow,20058,5393164,634300,14476780,5411208,1200
dataflow,20059,5305606,522801,14262388,5215157,1200
dataflow,20060,4665469,458126,12404428,5068305,1200
dataflow,20061,3978872,530841,9624886,4317464,1200
dataflow,20062,4699232,554359,12884335,4668923,1200
dataflow,20063,5310445,497615,16199502,5662240,1200
dataflow,20064,5652586,491357,12958248,5465202,1200
dataflow,20065,6072647,604757,19732713,7033216,1200
dataflow,20066,4408719,306821,10575556,4422284,1200
dataflow,20067,5047769,412473,15289099,5733517,1200
dataflow,20068,5063574,363475,13807604,4960929,1200
dataflow,20069,4994745,436546,14434535,5152943,1200
dataflow,20070,5519466,627718,16742733,6072890,1200
dataflow,20071,5881564,500369,14849322,5199196,1200
dataflow,20072,4085027,326014,9451920,3896615,1200
dataflow,20073,4844282,413276,13024488,4976118,1200
dataflow,20074,4847454,531812,10887180,4204689,1200
dataflow,20075,5816256,568075,16534094,5678638,1200
dataflow,20076,5224469,530285,13676896,4909636,1200
dataflow,20077,4126319,476948,10589547,4717227,1200
dataflow,20078,5188951,515432,15205463,5795016,1200
dataflow,20079,5933651,749544,17479135,6063704,1200
dataflow,20080,6307205,708493,17911042,6248455,1200
dataflow,20081,5328951,583753,11264354,4559143,1200
dataflow,20082,5360297,339881,13254881,4895121,1200
dataflow,20083,4802355,382204,11878062,4597557,1200
dataflow,20084,5310279,496971,13065466,5080654,1200
dataflow,20085,6743377,651214,18202567,5921110,1200
dataflow,20086,6295315,512579,16782526,5390025,1200
dataflow,20087,4260626,586049,11021050,7861447,1200
dataflow,20088,4381491,373840,12764900,5014803,1200
dataflow,20089,6450267,506015,17407347,5920268,1200
dataflow,20090,6194169,681864,14624306,5138755,1200
dataflow,20091,5468789,371685,14064156,4580094,1200
dataflow,20092,4680254,277523,10573112,4285345,1200
dataflow,20093,5555464,519577,11707421,4260330,1200
dataflow,20094,5076043,470154,14089902,5673178,1200
dataflow,20095,5571644,700837,14973908,5607926,1200
dataflow,20096,4974724,648366,14544178,5564740,1200
dataflow,20097,4478751,441803,10207323,4206151,1200
dataflow,20098,5369454,409848,14186712,5062955,1200
dataflow,20099,4660002,300478,10751527,4052647,1200
dataflow,20100,6522535,514453,16349952,5615090,1200
dataflow,20101,5303213,625040,24824371,10508906,1200
dataflow,20102,6113295,1023511,23515252,7186598,1200
dataflow,20103,5922255,793140,16237410,5573539,1200
dataflow,20104,5224848,348644,12946672,4592753,1200
dataflow,20105,5907250,494264,14872595,5248702,1200
dataflow,20106,4694823,615321,17027681,6733345,1200
dataflow,20107,5693738,747448,21407942,8141049,1200
dataflow,20108,5281772,427636,13262945,4814656,1200
dataflow,20109,6198685,650118,15795311,5441915,1200
dataflow,20110,4629782,414624,11533378,4698462,1200
dataflow,20111,5229868,414155,13028960,4922949,1200
dataflow,20112,5213819,406332,13152120,4841167,1200
dataflow,20113,4048481,464821,11243766,4927636,1200
dataflow,20114,5117875,692026,11895792,4587956,1200
dataflow,20115,5692615,536143,14711539,5101174,1200
dataflow,20116,5106642,271270,11883527,4584003,1200
dataflow,20117,4642844,347779,10171988,3918855,1200
dataflow,20118,5310566,541031,12862739,4729216,1200
dataflow,20119,6667196,586676,18275689,6029160,1200
dataflow,20120,5014666,356945,12148134,4624376,1200
dataflow,20121,6529002,785656,18599984,6067773,1200
dataflow,20122,5483344,529861,13304539,4970230,1200
dataflow,20123,4629547,345406,11806420,4706827,1200
dataflow,20124,5877860,394973,15748060,5231357,1200
dataflow,20125,4975532,604388,14508081,5618163,1200
dataflow,20126,5295684,633219,14814859,5717285,1200
dataflow,20127,4551904,379666,11584268,4680930,1200
dataflow,20128,5430580,551885,13496436,5464009,1200
dataflow,20129,5922816,499486,14875793,5277836,1200
dataflow,20130,4232439,316018,9660966,3657746,1200
dataflow,20131,5739392,575179,17961774,5884293,1200
dataflow,20132,4873230,389219,13787026,5033125,1200
dataflow,20133,5381556,658784,15308372,5707308,1200
dataflow,20134,5431013,559000,15905764,5680015,1200
dataflow,20135,5162587,297656,12539598,4415437,1200
dataflow,20136,4952171,321336,11046740,4365339,1200
dataflow,20137,5127568,437242,11743206,4527969,1200
dataflow,20138,5271192,412163,12345205,4787793,1200
dataflow,20139,3666996,178573,7991490,3765058,1200
dataflow,20140,6132140,533300,13713025,4694037,1200
dataflow,20141,5707515,375481,13160365,4594270,1200
dataflow,20142,4767858,377960,10147056,3980159,1200
dataflow,20143,4877662,375638,10991989,4035522,1200
dataflow,20144,4715363,408644,11088373,4112121,1200
dataflow,20145,5552803,564166,16366808,5594711,1200
dataflow,20146,5299738,455791,15221302,5556193,1200
dataflow,20147,5398374,448672,11948469,4505151,1200
dataflow,20148,6021778,710384,13001316,4695342,1200
dataflow,20149,5256851,526064,11973315,4356299,1200
dataflow,20150,4760285,444258,10248845,4312138,1200
dataflow,20151,5246535,432895,11663695,4479008,1200
dataflow,20152,4755322,414345,10262815,4080308,1200
dataflow,20153,5135988,449475,13280414,5132056,1200
dataflow,20154,4579669,544736,13299301,5269371,1200
dataflow,20155,3903330,490734,9744432,4257202,1200
dataflow,20156,5646437,443734,17122723,5999913,1200
dataflow,20157,5033858,688054,16004154,6163495,1200
dataflow,20158,4315619,392792,12495822,5091356,1200
dataflow,20159,4909460,540194,13555951,5378283,1200
dataflow,20160,5326799,509101,14706759,5581858,1200
dataflow,20161,4982608,469334,14266303,5536144,1200
dataflow,20162,4680077,569394,13332196,5149863,1200
dataflow,20163,5311652,364209,15581452,5398495,1200
dataflow,20164,5537123,512136,16004514,5542728,1200
dataflow,20165,4343527,450359,11429168,4929244,1200
dataflow,20166,4495466,448518,11622232,4825869,1200
dataflow,20167,5429762,519852,15053596,5637129,1200
dataflow,20168,4818173,447473,12822814,5091872,1200
dataflow,20169,4689978,374778,12788064,5108652,1200
dataflow,20170,5773555,516984,17511642,5795250,1200
dataflow,20171,5020975,454474,14453477,5235195,1200
dataflow,20172,5635044,546420,15799936,5536522,1200
dataflow,20173,5476436,485700,16351903,5846187,1200
dataflow,20174,4773343,400056,12883311,5361813,1200
dataflow,20175,5336218,425975,15411823,5804603,1200
dataflow,20176,4263742,235822,9908616,3714486,1200
dataflow,20177,4206169,434446,11973503,4963556,1200
dataflow,20178,5244630,398217,11797551,4430413,1200
dataflow,20179,5310559,543646,13749288,5293555,1200
dataflow,20180,4964412,464671,12010839,5198143,1200
dataflow,20181,5088837,523615,12613063,4507367,1200
dataflow,20182,3792321,366469,8204392,3697930,1200
dataflow,20183,5601974,561680,14762114,5323760,1200
dataflow,20184,4991351,726253,17288232,6723147,1200
dataflow,20185,5364741,592207,14541328,5615311,1200
dataflow,20186,5251247,395828,13379130,5111434,1200
dataflow,20187,4685171,347540,11127890,4271074,1200
dataflow,20188,4170087,282432,10074129,4244765,1200
dataflow,20189,4450675,348374,10427938,6280062,1200
dataflow,20190,3935272,263940,9329518,4053854,1200
dataflow,20191,5370339,547657,13775727,5007888,1200
dataflow,20192,6178201,710529,20263593,6815894,1200
dataflow,20193,5228414,520986,13986477,5703732,1200
dataflow,20194,5537426,516472,15567665,5553250,1200
dataflow,20195,5742640,691463,16123762,5705596,1200
dataflow,20196,4810657,339524,12702913,5077890,1200
dataflow,20197,4774620,387449,13316318,5217483,1200
dataflow,20198,4713278,489207,12596810,4834494,1200
dataflow,20199,4686278,676127,19332522,7069281,1200
dataflow_unbilled,20000,1943719,3028916,16619002,6835948,1200
dataflow_unbilled,20001,1964063,647568,11704960,5221685,1200
dataflow_unbilled,20002,1968393,532243,13713396,5368134,1200
dataflow_unbilled,20003,1719529,374835,12166877,5000457,1200
dataflow_unbilled,20004,1773154,430922,12731170,5177084,1200
dataflow_unbilled,20005,2105035,639762,15067252,5807515,1200
dataflow_unbilled,20006,1781148,431999,12849651,5151578,1200
dataflow_unbilled,20007,1917538,650782,12262106,5261672,1200
dataflow_unbilled,20008,2137110,628600,15598677,5860524,1200
dataflow_unbilled,20009,1810452,528907,12423873,5399570,1200
dataflow_unbilled,20010,2245978,693873,15555753,5823956,1200
dataflow_unbilled,20011,1708001,434047,12083189,5151885,1200
dataflow_unbilled,20012,1861715,521354,13556872,6056155,1200
dataflow_unbilled,20013,1827289,699568,15290064,6915133,1200
dataflow_unbilled,20014,1930825,558230,13775192,5314378,1200
dataflow_unbilled,20015,1848088,481512,13955802,5499081,1200
dataflow_unbilled,20016,1914986,538427,15243003,5749622,1200
dataflow_unbilled,20017,1977310,555516,14803427,5652715,1200
dataflow_unbilled,20018,1957903,614953,15390518,5743474,1200
dataflow_unbilled,20019,1733164,405925,12315637,6447486,1200
dataflow_unbilled,20020,2039311,393881,11746753,4484982,1200
dataflow_unbilled,20021,1919248,462985,10257047,4222340,1200
dataflow_unbilled,20022,1859617,277424,11503278,4171379,1200
dataflow_unbilled,20023,1776896,358696,9744956,3889682,1200
dataflow_unbilled,20024,2077516,379457,13344381,4984233,1200
dataflow_unbilled,20025,1581167,334582,8309531,3886628,1200
dataflow_unbilled,20026,1831942,401372,9923847,4077877,1200
dataflow_unbilled,20027,1909471,358492,10919945,4426194,1200
dataflow_unbilled,20028,1715262,333791,9481834,4212642,1200
dataflow_unbilled,20029,1570161,772536,15818420,7334485,1200
dataflow_unbilled,20030,2326567,953228,26077347,9698387,1200
dataflow_unbilled,20031,2172359,832532,14258297,5788102,1200
dataflow_unbilled,20032,1647014,473270,10956132,4855111,1200
dataflow_unbilled,20033,1696907,476533,13071371,5708423,1200
dataflow_unbilled,20034,2058493,457191,12797968,5005308,1200
dataflow_unbilled,20035,1606722,324099,9066994,3940018,1200
dataflow_unbilled,20036,1914344,358185,12733495,4962346,1200
dataflow_unbilled,20037,1852505,369306,11967113,4684851,1200
dataflow_unbilled,20038,1805905,364811,10454482,4073398,1200
dataflow_unbilled,20039,1553275,322746,9908299,4222380,1200
dataflow_unbilled,20040,1775827,339289,12095353,4789024,1200
dataflow_unbilled,20041,2086918,480771,12455417,4964641,1200
dataflow_unbilled,20042,2046872,632477,13971062,5743763,1200
dataflow_unbilled,20043,1631782,296509,12235045,4919934,1200
dataflow_unbilled,20044,1886707,607762,13371335,5404805,1200
dataflow_unbilled,20045,2202159,718166,16117468,6111810,1200
dataflow_unbilled,20046,1743164,496579,11590071,5154725,1200
dataflow_unbilled,20047,1894415,548640,14145328,5610773,1200
dataflow_unbilled,20048,1564454,419643,10917149,5000181,1200
dataflow_unbilled,20049,2285285,611859,17195957,6400353,1200
dataflow_unbilled,20050,1956835,546990,14121803,5875839,1200
dataflow_unbilled,20051,1902053,973265,24720537,10392696,1200
dataflow_unbilled,20052,1496663,329071,10337182,4702238,1200
dataflow_unbilled,20053,1610496,337639,11217339,4868053,1200
dataflow_unbilled,20054,2108065,650992,14003621,5404042,1200
dataflow_unbilled,20055,1434657,301815,9532539,4402959,1200
dataflow_unbilled,20056,1802515,508823,12266513,5245790,1200
dataflow_unbilled,20057,1829836,420653,12902003,5234320,1200
dataflow_unbilled,20058,1956074,602125,13324204,5479505,1200
dataflow_unbilled,20059,1844231,515280,12808403,5197455,1200
dataflow_unbilled,20060,1658149,468015,10561811,5003338,1200
dataflow_unbilled,20061,1502107,511245,8476199,4435017,1200
dataflow_unbilled,20062,1710327,467059,11085713,4893015,1200
dataflow_unbilled,20063,1910520,471741,13368269,5432419,1200
dataflow_unbilled,20064,2008851,488033,11839094,4782610,1200
dataflow_unbilled,20065,2088272,637034,18361334,6943781,1200
dataflow_unbilled,20066,1507124,413208,12121241,5670357,1200
dataflow_unbilled,20067,1722969,320216,11439288,4606059,1200
dataflow_unbilled,20068,1728134,353102,11325766,4954605,1200
dataflow_unbilled,20069,1734955,441177,11333218,4697767,1200
dataflow_unbilled,20070,1953416,506089,13266924,5437235,1200
dataflow_unbilled,20071,2046964,473035,13413500,5223376,1200
dataflow_unbilled,20072,1473832,273848,8112447,3892636,1200
dataflow_unbilled,20073,1728567,411855,11295870,4689507,1200
dataflow_unbilled,20074,1766184,607598,14123104,4985398,1200
dataflow_unbilled,20075,2055581,564704,15515568,5688455,1200
dataflow_unbilled,20076,1894064,656417,14382519,7023863,1200
dataflow_unbilled,20077,1532809,490214,9347621,4353327,1200
dataflow_unbilled,20078,1820766,579752,13899930,6072880,1200
dataflow_unbilled,20079,2101186,655018,15801150,6074437,1200
dataflow_unbilled,20080,2222560,579487,13005125,5069256,1200
dataflow_unbilled,20081,1965221,531054,10134358,4334343,1200
dataflow_unbilled,20082,1814062,377290,11413057,4709946,1200
dataflow_unbilled,20083,1664740,382021,9613854,4240056,1200
dataflow_unbilled,20084,1864314,533820,12014244,5000446,1200
dataflow_unbilled,20085,2389042,648519,15842012,6123249,1200
dataflow_unbilled,20086,2193525,640787,17703840,6666691,1200
dataflow_unbilled,20087,1631456,580712,9375866,4766519,1200
dataflow_unbilled,20088,1494071,332067,11889983,4545647,1200
dataflow_unbilled,20089,2122357,485323,14056662,5255680,1200
dataflow_unbilled,20090,2284684,622713,12223103,4832535,1200
dataflow_unbilled,20091,1891744,371223,11462861,4489482,1200
dataflow_unbilled,20092,1525524,285333,9390153,4046991,1200
dataflow_unbilled,20093,2018814,607533,11933543,4977084,1200
dataflow_unbilled,20094,1712548,322039,13226739,6119747,1200
dataflow_unbilled,20095,2017309,731903,13874283,5628519,1200
dataflow_unbilled,20096,1836079,636525,11362856,4886698,1200
dataflow_unbilled,20097,1597546,461130,9315862,4264986,1200
dataflow_unbilled,20098,1897649,487268,16270539,6046787,1200
dataflow_unbilled,20099,1609627,378919,9922512,4204926,1200
dataflow_unbilled,20100,2215000,545919,13594433,5084597,1200
dataflow_unbilled,20101,1830008,378485,10513105,4593725,1200
dataflow_unbilled,20102,2211600,696904,14208819,5540354,1200
dataflow_unbilled,20103,2076075,582112,13141306,5164726,1200
dataflow_unbilled,20104,1774903,359402,11767487,4727328,1200
dataflow_unbilled,20105,2063500,450726,13470832,5039878,1200
dataflow_unbilled,20106,1688108,653484,14732004,6628146,1200
dataflow_unbilled,20107,1961498,793400,19157643,7789509,1200
dataflow_unbilled,20108,1799802,523692,12972276,5407675,1200
dataflow_unbilled,20109,2234785,664309,14155303,5302672,1200
dataflow_unbilled,20110,1676322,516252,9782624,4511306,1200
dataflow_unbilled,20111,1801918,396444,11758823,4865255,1200
dataflow_unbilled,20112,1773964,347292,11639663,4860897,1200
dataflow_unbilled,20113,1411611,401816,8086838,4228770,1200
dataflow_unbilled,20114,1967160,630296,10563623,4492487,1200
dataflow_unbilled,20115,1950010,522572,12516847,5072049,1200
dataflow_unbilled,20116,1722072,264373,11014917,4324547,1200
dataflow_unbilled,20117,1627349,343932,8804061,3957220,1200
dataflow_unbilled,20118,1884156,548241,10307390,4235565,1200
dataflow_unbilled,20119,2271521,604644,15905050,5944752,1200
dataflow_unbilled,20120,1674096,328446,10643896,4465241,1200
dataflow_unbilled,20121,2315757,645814,15318619,5510433,1200
dataflow_unbilled,20122,1927989,475120,11308926,4840426,1200
dataflow_unbilled,20123,1595312,336263,10269875,4884868,1200
dataflow_unbilled,20124,1982785,399150,13422037,4983557,1200
dataflow_unbilled,20125,1788762,507131,10635657,4691819,1200
dataflow_unbilled,20126,1880004,533440,12604019,5209501,1200
dataflow_unbilled,20127,1563929,293557,9901292,4562546,1200
dataflow_unbilled,20128,1895390,594251,12264956,4949945,1200
dataflow_unbilled,20129,2036291,500051,12056196,4931802,1200
dataflow_unbilled,20130,1485739,293853,8335365,3668500,1200
dataflow_unbilled,20131,1943297,405383,11642019,4383041,1200
dataflow_unbilled,20132,1673290,391812,12229023,5348029,1200
dataflow_unbilled,20133,1920566,605896,13346226,5470807,1200
dataflow_unbilled,20134,1920198,552280,13795866,5393301,1200
dataflow_unbilled,20135,1733682,266158,10583308,4296909,1200
dataflow_unbilled,20136,1721981,568494,16773805,7340885,1200
dataflow_unbilled,20137,1812758,467839,10511551,4367870,1200
dataflow_unbilled,20138,1792282,421523,11093286,4974213,1200
dataflow_unbilled,20139,1213941,161211,6625900,3473888,1200
dataflow_unbilled,20140,2114955,466473,12410112,4792982,1200
dataflow_unbilled,20141,1986470,380072,11574330,4596150,1200
dataflow_unbilled,20142,1676863,384759,9029780,3943169,1200
dataflow_unbilled,20143,1719042,388837,9483868,4152596,1200
dataflow_unbilled,20144,1689593,484332,11172395,5038843,1200
dataflow_unbilled,20145,2000603,549288,14320298,5678749,1200
dataflow_unbilled,20146,1852298,523161,12992977,5432499,1200
dataflow_unbilled,20147,1893709,461432,10606982,4404986,1200
dataflow_unbilled,20148,2242748,673110,11821484,4601276,1200
dataflow_unbilled,20149,1881256,471857,10641393,4346990,1200
dataflow_unbilled,20150,1725510,465449,8997430,4377514,1200
dataflow_unbilled,20151,1873710,482685,10722563,4550009,1200
dataflow_unbilled,20152,1679057,354758,8918746,3890325,1200
dataflow_unbilled,20153,1814018,447831,12567995,5215049,1200
dataflow_unbilled,20154,1668494,455677,9989326,4586155,1200
dataflow_unbilled,20155,1436980,512236,8419086,4173011,1200
dataflow_unbilled,20156,1902142,432137,14503547,6149445,1200
dataflow_unbilled,20157,1854128,684354,13310094,5648517,1200
dataflow_unbilled,20158,1496874,341952,10042742,4658852,1200
dataflow_unbilled,20159,1767620,512873,11706254,5072990,1200
dataflow_unbilled,20160,1828199,516909,13766188,6101537,1200
dataflow_unbilled,20161,1744473,473215,13195943,5213642,1200
dataflow_unbilled,20162,1688017,553044,12194099,5244516,1200
dataflow_unbilled,20163,1803317,401528,14575740,5599253,1200
dataflow_unbilled,20164,1894403,499368,14121125,5564378,1200
dataflow_unbilled,20165,1562977,431280,10323266,5097331,1200
dataflow_unbilled,20166,1572226,499792,10648381,4898581,1200
dataflow_unbilled,20167,1898282,539249,13279888,5344929,1200
dataflow_unbilled,20168,1661673,463507,11613887,5314481,1200
dataflow_unbilled,20169,1604268,385667,11971852,5620290,1200
dataflow_unbilled,20170,1994240,545318,16251061,5734040,1200
dataflow_unbilled,20171,1761125,476694,12108580,5282040,1200
dataflow_unbilled,20172,1978069,591750,14712010,5430015,1200
dataflow_unbilled,20173,1883006,441041,13881972,5513577,1200
dataflow_unbilled,20174,1649733,400769,11493739,5069798,1200
dataflow_unbilled,20175,1827988,385292,12037059,5080932,1200
dataflow_unbilled,20176,1442947,299788,8548022,3979668,1200
dataflow_unbilled,20177,1443239,259650,7532610,3737408,1200
dataflow_unbilled,20178,1811910,435698,11588489,4732579,1200
dataflow_unbilled,20179,1847604,471452,11657034,5012677,1200
dataflow_unbilled,20180,1751392,433954,10102612,4297106,1200
dataflow_unbilled,20181,1800337,412642,10995299,4443092,1200
dataflow_unbilled,20182,1415406,363181,7286590,3758867,1200
dataflow_unbilled,20183,1962814,498101,11991381,4842985,1200
dataflow_unbilled,20184,1760821,743464,14408915,6229415,1200
dataflow_unbilled,20185,1912186,737320,15620896,6940027,1200
dataflow_unbilled,20186,1787752,372642,11165769,4657569,1200
dataflow_unbilled,20187,1590241,343947,9912682,4556034,1200
dataflow_unbilled,20188,1452662,291912,8595356,4068558,1200
dataflow_unbilled,20189,1519525,356733,9294970,4743383,1200
dataflow_unbilled,20190,1355427,240793,8249923,3929495,1200
dataflow_unbilled,20191,1952889,744485,16818650,6449445,1200
dataflow_unbilled,20192,2156101,592431,16086771,6086570,1200
dataflow_unbilled,20193,1816399,519242,12803712,5434841,1200
dataflow_unbilled,20194,1947676,520650,13692665,5421040,1200
dataflow_unbilled,20195,2033840,581620,14114686,5649158,1200
dataflow_unbilled,20196,1572287,332427,11004932,4925979,1200
dataflow_unbilled,20197,1656760,466469,11499546,4970183,1200
dataflow_unbilled,20198,1621108,475753,10868708,4802230,1200
dataflow_unbilled,20199,1654523,416145,10829903,4994484,1200
med_t100,20000,19246652,1156482,22705031,6179035,1200
med_t100,20001,18293968,292810,16513799,5067606,1200
med_t100,20002,21246208,720666,20964497,5767678,1200
med_t100,20003,16541388,517564,16886732,5263723,1200
med_t100,20004,18825166,706508,22838406,5674995,1200
med_t100,20005,24204756,1057288,27417605,6976653,1200
med_t100,20006,16914947,594448,21339702,7171457,1200
med_t100,20007,21137214,1505351,34143049,8507542,1200
med_t100,20008,23106377,1259747,27426396,7249393,1200
med_t100,20009,17596410,617084,19016613,5441919,1200
med_t100,20010,20774158,973583,30604669,7871716,1200
med_t100,20011,19203718,788972,21127000,5994612,1200
med_t100,20012,19875670,529684,19112661,5606545,1200
med_t100,20013,20617070,1029360,28140347,7500421,1200
med_t100,20014,19734188,814434,27893183,6492143,1200
med_t100,20015,17706081,646328,22978262,6663391,1200
med_t100,20016,20840630,972174,24490011,6522428,1200
med_t100,20017,20859256,1409018,23069067,7408288,1200
med_t100,20018,21045844,879278,24368587,6168544,1200
med_t100,20019,18922566,562726,19519967,5730280,1200
med_t100,20020,21891458,559559,19352165,4967965,1200
med_t100,20021,20118014,780018,16473961,4437024,1200
med_t100,20022,21017997,642271,18199403,4506642,1200
med_t100,20023,17378063,542990,14587044,4249530,1200
med_t100,20024,22682739,593162,19779587,5298081,1200
med_t100,20025,18047789,634208,13106278,3995056,1200
med_t100,20026,20120921,476728,15552743,4915838,1200
med_t100,20027,19976326,478777,17159337,4890229,1200
med_t100,20028,18466204,817016,31010637,7982418,1200
med_t100,20029,16339153,827202,21538936,6799822,1200
med_t100,20030,24728805,1415886,41958066,10917810,1200
med_t100,20031,22191508,1048635,25768592,6905832,1200
med_t100,20032,17525792,643304,18596017,5133727,1200
med_t100,20033,15904224,439809,15853213,5101207,1200
med_t100,20034,20425948,536721,21197723,5330483,1200
med_t100,20035,17920801,428665,14692904,4628335,1200
med_t100,20036,20749000,803419,20205666,5304712,1200
med_t100,20037,17719879,303837,16422830,4909824,1200
med_t100,20038,17597708,652262,16377481,4406124,1200
med_t100,20039,15816372,545584,14611719,4514796,1200
med_t100,20040,19132789,423487,17585811,4931500,1200
med_t100,20041,22827109,668814,22779445,5893750,1200
med_t100,20042,22340238,685336,24487185,5908359,1200
med_t100,20043,18340435,727132,22560827,5812123,1200
med_t100,20044,23382356,1802766,30240455,6957994,1200
med_t100,20045,24924432,1406552,32931732,7150139,1200
med_t100,20046,16276101,452061,18093340,5359256,1200
med_t100,20047,20484007,658741,20400994,5518510,1200
med_t100,20048,15883368,353409,15111969,5070503,1200
med_t100,20049,26296522,1032238,28674458,6870721,1200
med_t100,20050,22191806,1836318,55674114,11536870,1200
med_t100,20051,19091726,775950,20089537,6681950,1200
med_t100,20052,15373497,470654,14936635,4846316,1200
med_t100,20053,16886811,612723,16887162,5366553,1200
med_t100,20054,22401989,832251,22354904,6000703,1200
med_t100,20055,15071373,315031,13375986,4638735,1200
med_t100,20056,19012607,495797,17329210,5818102,1200
med_t100,20057,18288411,578361,18516927,5839999,1200
med_t100,20058,18855649,549264,19158506,5604778,1200
med_t100,20059,20015912,413036,21103406,5503677,1200
med_t100,20060,16835608,556811,15503960,4970073,1200
med_t100,20061,13898936,352163,11919981,4488370,1200
med_t100,20062,16181910,575257,16545659,5081110,1200
med_t100,20063,18321280,548722,21726322,6003124,1200
med_t100,20064,20375851,474379,16335739,4824989,1200
med_t100,20065,21562037,723741,24879683,6439661,1200
med_t100,20066,16497850,852659,22193215,6251037,1200
med_t100,20067,17801397,628516,18533608,5090953,1200
med_t100,20068,18707250,714525,23395308,5943926,1200
med_t100,20069,17741901,823427,21348175,5775249,1200
med_t100,20070,18581253,428593,18705748,5398926,1200
med_t100,20071,22176833,1066835,28965778,7048880,1200
med_t100,20072,13453233,221263,11555940,3991431,1200
med_t100,20073,16186515,544256,15555653,5094926,1200
med_t100,20074,17894143,684578,17085980,5474710,1200
med_t100,20075,20690911,601388,23722278,6131879,1200
med_t100,20076,17869582,675891,19831108,6070957,1200
med_t100,20077,13874859,490552,14220910,4724134,1200
med_t100,20078,19123533,698839,23309838,5991931,1200
med_t100,20079,22699484,1344426,27283327,7005785,1200
med_t100,20080,22750933,812230,24095370,6762475,1200
med_t100,20081,19732735,581327,19263501,6174019,1200
med_t100,20082,19405281,500456,19524194,5136381,1200
med_t100,20083,17856633,693987,20744660,5659463,1200
med_t100,20084,20832253,1040988,23775179,6002959,1200
med_t100,20085,25892283,996518,25233049,6286795,1200
med_t100,20086,21786558,907244,26473452,6879737,1200
med_t100,20087,14399625,414675,16657421,5097722,1200
med_t100,20088,15432256,363240,17243755,5195126,1200
med_t100,20089,24730589,1281918,26271727,7061497,1200
med_t100,20090,22622902,649888,20726026,5316413,1200
med_t100,20091,19467374,759823,19171307,4903079,1200
med_t100,20092,18711461,662078,16493843,4575332,1200
med_t100,20093,20794891,662063,18568190,4945033,1200
med_t100,20094,17214341,516278,19271419,5783988,1200
med_t100,20095,22308925,1303664,30862956,7257412,1200
med_t100,20096,17547587,997051,17790592,5108310,1200
med_t100,20097,16976445,669041,15160533,4483130,1200
med_t100,20098,17970689,485945,18430607,5945751,1200
med_t100,20099,16334385,445896,14067141,4289427,1200
med_t100,20100,26100677,735248,24096893,6052929,1200
med_t100,20101,18477164,428400,16370926,4771568,1200
med_t100,20102,24019616,1293925,27702881,5998460,1200
med_t100,20103,21675090,814522,19758495,5464909,1200
med_t100,20104,19322148,395217,16773064,6079982,1200
med_t100,20105,20997613,695511,20065995,5305762,1200
med_t100,20106,16039006,731562,28710132,7432419,1200
med_t100,20107,22097493,1660493,37615317,9222586,1200
med_t100,20108,20952591,590951,21740157,5646069,1200
med_t100,20109,23367123,1272761,25282581,5859703,1200
med_t100,20110,15743674,518384,14749457,4838344,1200
med_t100,20111,18187427,678105,19254603,5248577,1200
med_t100,20112,18272210,488830,16581963,5159389,1200
med_t100,20113,14676913,577366,15142582,4985918,1200
med_t100,20114,17054681,655550,15331130,4680927,1200
med_t100,20115,21703610,744055,20754905,5712270,1200
med_t100,20116,18884004,658808,19237306,5730631,1200
med_t100,20117,16905874,500509,14181304,4245991,1200
med_t100,20118,19982971,562982,15942663,4468105,1200
med_t100,20119,23692277,793113,23321694,6548777,1200
med_t100,20120,18569532,516959,16747798,5116193,1200
med_t100,20121,23156257,893615,28393896,6686818,1200
med_t100,20122,21254230,442045,19152520,5408609,1200
med_t100,20123,16060195,504041,16437331,4959883,1200
med_t100,20124,21189364,641759,20560243,5386677,1200
med_t100,20125,18501829,679772,17412251,5152634,1200
med_t100,20126,18534835,748122,20146749,5847665,1200
med_t100,20127,15831324,337911,16727574,5024552,1200
med_t100,20128,21761901,1256022,23319464,5968377,1200
med_t100,20129,23120185,755152,24141565,6168210,1200
med_t100,20130,14357289,406104,12152595,4649790,1200
med_t100,20131,22434228,799503,21835271,5062025,1200
med_t100,20132,17560861,757385,23183474,8089238,1200
med_t100,20133,19739372,735559,19253185,6060027,1200
med_t100,20134,20259779,670304,21696736,6025267,1200
med_t100,20135,18643002,481625,17775597,5381681,1200
med_t100,20136,16825086,493902,23120564,6984857,1200
med_t100,20137,18869031,691703,20776426,6476397,1200
med_t100,20138,20123899,670945,18272139,5500279,1200
med_t100,20139,12870564,293129,9661015,3520612,1200
med_t100,20140,23867794,646435,19138416,4901994,1200
med_t100,20141,20284345,547785,18752968,5018701,1200
med_t100,20142,17449039,496448,14925889,4262105,1200
med_t100,20143,17453543,626419,13958826,4372141,1200
med_t100,20144,16129532,444762,13098413,4236150,1200
med_t100,20145,18577593,695151,21057646,6108966,1200
med_t100,20146,17874494,549093,22462728,5999953,1200
med_t100,20147,20977985,752269,25009672,5703491,1200
med_t100,20148,23028458,1265545,20759432,5217860,1200
med_t100,20149,20740095,779410,19143557,4926656,1200
med_t100,20150,17680163,537260,15332086,4702990,1200
med_t100,20151,17928212,402880,15765046,4682127,1200
med_t100,20152,17221897,408287,12611603,4161746,1200
med_t100,20153,17345919,652153,17703264,4999247,1200
med_t100,20154,15701105,610407,19000900,5552008,1200
med_t100,20155,14070051,559986,15942055,5617756,1200
med_t100,20156,23427824,1375668,42059903,9823160,1200
med_t100,20157,18803859,845414,22263486,6324800,1200
med_t100,20158,15450916,639518,19422135,5850048,1200
med_t100,20159,17369782,829229,18297543,5570841,1200
med_t100,20160,20387891,716279,21520813,5969408,1200
med_t100,20161,18064617,691082,19433431,6095336,1200
med_t100,20162,16130712,812024,18216232,5252284,1200
med_t100,20163,17897763,443433,20418534,6049699,1200
med_t100,20164,20551279,598807,26783034,6174872,1200
med_t100,20165,13850674,333132,13614137,5118127,1200
med_t100,20166,16738346,629883,15808493,5066069,1200
med_t100,20167,19532158,668681,21632091,6260542,1200
med_t100,20168,17985535,558293,19431963,5717028,1200
med_t100,20169,16416788,456504,17109591,7883772,1200
med_t100,20170,21567412,903796,27539469,6765045,1200
med_t100,20171,17687014,527052,18607730,5600029,1200
med_t100,20172,21769156,793294,21803267,5942714,1200
med_t100,20173,20242502,558738,22520635,6171521,1200
med_t100,20174,17887609,667848,19971831,5767192,1200
med_t100,20175,18938617,635326,20046731,5530897,1200
med_t100,20176,14391675,304967,12483339,4091396,1200
med_t100,20177,15327909,340266,15846844,4682071,1200
med_t100,20178,20065979,580578,17624833,4715521,1200
med_t100,20179,20404049,596341,20099300,5412562,1200
med_t100,20180,19205851,821244,16583335,4918648,1200
med_t100,20181,17388455,632502,16729568,4894255,1200
med_t100,20182,11999160,325722,11649378,4006166,1200
med_t100,20183,21153959,1016273,28327281,6437800,1200
med_t100,20184,18078416,1030655,24760555,7587056,1200
med_t100,20185,21559155,1086640,26987192,6663884,1200
med_t100,20186,19763952,439593,17239721,5339867,1200
med_t100,20187,17748138,573645,15256150,4812201,1200
med_t100,20188,13687820,268623,11731377,4232971,1200
med_t100,20189,16860699,342673,13584006,4584596,1200
med_t100,20190,13129070,344953,11576270,4427213,1200
med_t100,20191,17941314,920906,27050305,7809134,1200
med_t100,20192,22461209,887682,25197885,6711408,1200
med_t100,20193,20217672,857252,23305498,5939006,1200
med_t100,20194,20180856,438308,21087115,5904524,1200
med_t100,20195,22208259,1126385,29863822,6439008,1200
med_t100,20196,18626528,704821,17791924,5665598,1200
med_t100,20197,16248613,396944,17397979,5343426,1200
med_t100,20198,17567450,529697,16581744,5445318,1200
med_t100,20199,16897537,479443,16270206,5323677,1200
ramp_split_over_re2,20000,1943719,703414,7520230,4762338,1200
ramp_split_over_re2,20001,1964063,614842,7486204,4711547,1200
ramp_split_over_re2,20002,1968393,483193,8402547,5122068,1200
ramp_split_over_re2,20003,1719529,354840,7715792,4740320,1200
ramp_split_over_re2,20004,1773154,369595,8171757,4709565,1200
ramp_split_over_re2,20005,2105035,571242,9173746,5498130,1200
ramp_split_over_re2,20006,1781148,362476,8385943,4586596,1200
ramp_split_over_re2,20007,1917538,565852,7202924,4969611,1200
ramp_split_over_re2,20008,2137110,634644,10136192,5559714,1200
ramp_split_over_re2,20009,1810452,505705,8151172,5153024,1200
ramp_split_over_re2,20010,2245978,638848,10105991,5621777,1200
ramp_split_over_re2,20011,1708001,538570,8250085,5131365,1200
ramp_split_over_re2,20012,1861715,521469,9250215,5713660,1200
ramp_split_over_re2,20013,1827289,728099,8852730,5767746,1200
ramp_split_over_re2,20014,1930825,619618,9097215,5776854,1200
ramp_split_over_re2,20015,1848088,502095,9940224,5793532,1200
ramp_split_over_re2,20016,1914986,496872,8732264,5051635,1200
ramp_split_over_re2,20017,1977310,537427,8707100,5210197,1200
ramp_split_over_re2,20018,1957903,574457,8910111,5288183,1200
ramp_split_over_re2,20019,1733164,414174,8884265,5799563,1200
ramp_split_over_re2,20020,2039311,392138,7727369,4614050,1200
ramp_split_over_re2,20021,1919248,430603,6308946,3979869,1200
ramp_split_over_re2,20022,1859617,240564,7338603,3947572,1200
ramp_split_over_re2,20023,1776896,360104,6326154,3705476,1200
ramp_split_over_re2,20024,2077516,332795,8333490,5218640,1200
ramp_split_over_re2,20025,1581167,319099,4756946,3542040,1200
ramp_split_over_re2,20026,1831942,371691,5966497,3779709,1200
ramp_split_over_re2,20027,1909471,305286,7045794,3966357,1200
ramp_split_over_re2,20028,1715262,309287,5906282,3720262,1200
ramp_split_over_re2,20029,1570161,675935,9632095,6798041,1200
ramp_split_over_re2,20030,2326567,948033,17070249,9439471,1200
ramp_split_over_re2,20031,2172359,894486,8297198,5270978,1200
ramp_split_over_re2,20032,1647014,469565,6609065,4502265,1200
ramp_split_over_re2,20033,1696907,408904,8915489,4702743,1200
ramp_split_over_re2,20034,2058493,513785,8493926,4715460,1200
ramp_split_over_re2,20035,1606722,269271,5467630,3741787,1200
ramp_split_over_re2,20036,1914344,330703,7880261,4487718,1200
ramp_split_over_re2,20037,1852505,325834,7765845,4386003,1200
ramp_split_over_re2,20038,1805905,329037,6353997,3888160,1200
ramp_split_over_re2,20039,1553275,312692,6527076,4240401,1200
ramp_split_over_re2,20040,1775827,290433,7248065,4364658,1200
ramp_split_over_re2,20041,2086918,539645,8016910,4623066,1200
ramp_split_over_re2,20042,2046872,601165,8516833,5562134,1200
ramp_split_over_re2,20043,1631782,278740,7706845,4770745,1200
ramp_split_over_re2,20044,1886707,570381,8008006,5029595,1200
ramp_split_over_re2,20045,2202159,651570,10037671,5651465,1200
ramp_split_over_re2,20046,1743164,506202,7879235,4949274,1200
ramp_split_over_re2,20047,1894415,492791,9002278,5178476,1200
ramp_split_over_re2,20048,1564454,355992,6754662,4590296,1200
ramp_split_over_re2,20049,2285285,566474,10843392,5790908,1200
ramp_split_over_re2,20050,1956835,862465,14588640,8323447,1200
ramp_split_over_re2,20051,1902053,473475,8289001,4833680,1200
ramp_split_over_re2,20052,1496663,288134,6304394,4503050,1200
ramp_split_over_re2,20053,1610496,357004,7077347,4546396,1200
ramp_split_over_re2,20054,2108065,623466,8548783,5188605,1200
ramp_split_over_re2,20055,1434657,350480,6047314,4133263,1200
ramp_split_over_re2,20056,1802515,449840,7497957,4823071,1200
ramp_split_over_re2,20057,1829836,458189,8850547,5049496,1200
ramp_split_over_re2,20058,1956074,585287,8121682,5152322,1200
ramp_split_over_re2,20059,1844231,510757,7647706,4762225,1200
ramp_split_over_re2,20060,1658149,458581,6376471,4523934,1200
ramp_split_over_re2,20061,1502107,468076,4908752,4091808,1200
ramp_split_over_re2,20062,1710327,431604,6878493,4615396,1200
ramp_split_over_re2,20063,1910520,446490,8437328,5090802,1200
ramp_split_over_re2,20064,2008851,456981,6940758,4241201,1200
ramp_split_over_re2,20065,2088272,576989,12173309,6679301,1200
ramp_split_over_re2,20066,1507124,349384,6440246,4401394,1200
ramp_split_over_re2,20067,1722969,523563,9629345,5764272,1200
ramp_split_over_re2,20068,1728134,407980,8901066,5199772,1200
ramp_split_over_re2,20069,1734955,482474,7316415,4346088,1200
ramp_split_over_re2,20070,1953416,490544,8599129,5027347,1200
ramp_split_over_re2,20071,2046964,474284,9146397,5287047,1200
ramp_split_over_re2,20072,1473832,286395,5122254,3676658,1200
ramp_split_over_re2,20073,1728567,369058,6935838,4227531,1200
ramp_split_over_re2,20074,1766184,544845,6850389,4474497,1200
ramp_split_over_re2,20075,2055581,483593,9099017,5174660,1200
ramp_split_over_re2,20076,1894064,718300,8690207,5396777,1200
ramp_split_over_re2,20077,1532809,435388,5742922,4120488,1200
ramp_split_over_re2,20078,1820766,448673,8377956,5093557,1200
ramp_split_over_re2,20079,2101186,648947,9773472,5729462,1200
ramp_split_over_re2,20080,2222560,697285,9840298,5849109,1200
ramp_split_over_re2,20081,1965221,546897,7565309,4204175,1200
ramp_split_over_re2,20082,1814062,373999,8105941,4767180,1200
ramp_split_over_re2,20083,1664740,359314,6323719,4147652,1200
ramp_split_over_re2,20084,1864314,478755,6875997,4479314,1200
ramp_split_over_re2,20085,2389042,597998,10105593,5378250,1200
ramp_split_over_re2,20086,2193525,581247,11222492,5816287,1200
ramp_split_over_re2,20087,1631456,535160,6300635,4523644,1200
ramp_split_over_re2,20088,1494071,321807,6565358,4085895,1200
ramp_split_over_re2,20089,2122357,387704,9540431,4959686,1200
ramp_split_over_re2,20090,2284684,635170,8405828,4847438,1200
ramp_split_over_re2,20091,1891744,364314,7342779,4056737,1200
ramp_split_over_re2,20092,1525524,259461,5560331,3844439,1200
ramp_split_over_re2,20093,2018814,511461,6825651,4073060,1200
ramp_split_over_re2,20094,1712548,311014,6932006,4457996,1200
ramp_split_over_re2,20095,2017309,654549,8395838,5358386,1200
ramp_split_over_re2,20096,1836079,680171,10737050,5949529,1200
ramp_split_over_re2,20097,1597546,467771,5531075,4124721,1200
ramp_split_over_re2,20098,1897649,368936,7856119,4584153,1200
ramp_split_over_re2,20099,1609627,278921,5968859,3850866,1200
ramp_split_over_re2,20100,2215000,447056,8738311,5335476,1200
ramp_split_over_re2,20101,1830008,536047,6854999,4274761,1200
ramp_split_over_re2,20102,2211600,998094,14245475,8103036,1200
ramp_split_over_re2,20103,2076075,494486,7875358,4493402,1200
ramp_split_over_re2,20104,1774903,343173,7268323,4514812,1200
ramp_split_over_re2,20105,2063500,404295,8655922,4637930,1200
ramp_split_over_re2,20106,1688108,443955,7110532,4785136,1200
ramp_split_over_re2,20107,1961498,726845,12842358,7505639,1200
ramp_split_over_re2,20108,1799802,414538,7714590,4713715,1200
ramp_split_over_re2,20109,2234785,621465,9084888,5093137,1200
ramp_split_over_re2,20110,1676322,380172,6396459,4346157,1200
ramp_split_over_re2,20111,1801918,361735,7235962,4336608,1200
ramp_split_over_re2,20112,1773964,341045,7376248,4594343,1200
ramp_split_over_re2,20113,1411611,408884,5381075,4754858,1200
ramp_split_over_re2,20114,1967160,614592,7434617,4244818,1200
ramp_split_over_re2,20115,1950010,489574,7073144,4324770,1200
ramp_split_over_re2,20116,1722072,260661,6724373,4106137,1200
ramp_split_over_re2,20117,1627349,340021,5416640,3576408,1200
ramp_split_over_re2,20118,1884156,503797,6940041,4236364,1200
ramp_split_over_re2,20119,2271521,516242,10658353,5710907,1200
ramp_split_over_re2,20120,1674096,337953,6688270,4354523,1200
ramp_split_over_re2,20121,2315757,676447,9888330,5528490,1200
ramp_split_over_re2,20122,1927989,448814,7235013,4562889,1200
ramp_split_over_re2,20123,1595312,324277,6925254,4124913,1200
ramp_split_over_re2,20124,1982785,461866,9722364,5279462,1200
ramp_split_over_re2,20125,1788762,527143,7357644,4920944,1200
ramp_split_over_re2,20126,1880004,422763,7300836,4497469,1200
ramp_split_over_re2,20127,1563929,269672,6099883,4172953,1200
ramp_split_over_re2,20128,1895390,454887,7280189,4370527,1200
ramp_split_over_re2,20129,2036291,404431,7266078,4421308,1200
ramp_split_over_re2,20130,1485739,273159,5125671,3473119,1200
ramp_split_over_re2,20131,1943297,543580,9704402,5799250,1200
ramp_split_over_re2,20132,1673290,558972,11138085,7146786,1200
ramp_split_over_re2,20133,1920566,498081,7789285,4871307,1200
ramp_split_over_re2,20134,1920198,494786,8052131,5124952,1200
ramp_split_over_re2,20135,1733682,332606,8918545,5109359,1200
ramp_split_over_re2,20136,1721981,507564,10813190,6998248,1200
ramp_split_over_re2,20137,1812758,410883,6774724,4214501,1200
ramp_split_over_re2,20138,1792282,420571,6748503,4593263,1200
ramp_split_over_re2,20139,1213941,161789,3916231,3443155,1200
ramp_split_over_re2,20140,2114955,441534,7820732,4402905,1200
ramp_split_over_re2,20141,1986470,338224,7418379,4233178,1200
ramp_split_over_re2,20142,1676863,351583,5494852,3607595,1200
ramp_split_over_re2,20143,1719042,360713,6052588,3905314,1200
ramp_split_over_re2,20144,1689593,512863,8462413,5227067,1200
ramp_split_over_re2,20145,2000603,516886,9534251,5311162,1200
ramp_split_over_re2,20146,1852298,425431,8369937,5061491,1200
ramp_split_over_re2,20147,1893709,401588,6315138,4039999,1200
ramp_split_over_re2,20148,2242748,643938,7451396,4435644,1200
ramp_split_over_re2,20149,1881256,436913,6336230,4140928,1200
ramp_split_over_re2,20150,1725510,446514,5776280,4049004,1200
ramp_split_over_re2,20151,1873710,426968,6770690,4090687,1200
ramp_split_over_re2,20152,1679057,334288,5454850,3734948,1200
ramp_split_over_re2,20153,1814018,385379,7323117,4494830,1200
ramp_split_over_re2,20154,1668494,464857,7650394,4749783,1200
ramp_split_over_re2,20155,1436980,641331,7480718,6247493,1200
ramp_split_over_re2,20156,1902142,726513,9414830,5718697,1200
ramp_split_over_re2,20157,1854128,652291,8131772,5085948,1200
ramp_split_over_re2,20158,1496874,320445,6421387,4444581,1200
ramp_split_over_re2,20159,1767620,475905,7250448,4689877,1200
ramp_split_over_re2,20160,1828199,567957,9382889,5222588,1200
ramp_split_over_re2,20161,1744473,438459,7598863,4969681,1200
ramp_split_over_re2,20162,1688017,502863,7715431,4826288,1200
ramp_split_over_re2,20163,1803317,355851,8905360,5200892,1200
ramp_split_over_re2,20164,1894403,452047,8714269,5126437,1200
ramp_split_over_re2,20165,1562977,395040,6547110,4503221,1200
ramp_split_over_re2,20166,1572226,458333,6183358,4328246,1200
ramp_split_over_re2,20167,1898282,494973,8378971,5206109,1200
ramp_split_over_re2,20168,1661673,453847,7093260,5048412,1200
ramp_split_over_re2,20169,1604268,440360,8510960,7093770,1200
ramp_split_over_re2,20170,1994240,458721,9373016,5115074,1200
ramp_split_over_re2,20171,1761125,517756,8742012,5239088,1200
ramp_split_over_re2,20172,1978069,488419,8604920,4823304,1200
ramp_split_over_re2,20173,1883006,468864,8721166,5070613,1200
ramp_split_over_re2,20174,1649733,373547,6853190,4496908,1200
ramp_split_over_re2,20175,1827988,307720,6978599,4112426,1200
ramp_split_over_re2,20176,1442947,218861,5283071,3604491,1200
ramp_split_over_re2,20177,1443239,245967,4629294,3605526,1200
ramp_split_over_re2,20178,1811910,431396,7011606,4487892,1200
ramp_split_over_re2,20179,1847604,533013,7166484,4780180,1200
ramp_split_over_re2,20180,1751392,428240,6142280,4080709,1200
ramp_split_over_re2,20181,1800337,441954,7075967,4160678,1200
ramp_split_over_re2,20182,1415406,336382,4277541,3520512,1200
ramp_split_over_re2,20183,1962814,491305,8037177,5574064,1200
ramp_split_over_re2,20184,1760821,749741,9648505,6394767,1200
ramp_split_over_re2,20185,1912186,540701,7464686,5218858,1200
ramp_split_over_re2,20186,1787752,386268,6662399,4561198,1200
ramp_split_over_re2,20187,1590241,316473,5928348,4050159,1200
ramp_split_over_re2,20188,1452662,244894,4999335,3702242,1200
ramp_split_over_re2,20189,1519525,543425,5731668,4144557,1200
ramp_split_over_re2,20190,1355427,253563,5380732,4534526,1200
ramp_split_over_re2,20191,1952889,453094,7868025,5388638,1200
ramp_split_over_re2,20192,2156101,556259,10133728,5887616,1200
ramp_split_over_re2,20193,1816399,536035,7242222,4822191,1200
ramp_split_over_re2,20194,1947676,516496,8788289,5224501,1200
ramp_split_over_re2,20195,2033840,540963,9076856,5137087,1200
ramp_split_over_re2,20196,1572287,339478,6456912,4749493,1200
ramp_split_over_re2,20197,1656760,369083,7092182,4651801,1200
ramp_split_over_re2,20198,1621108,461872,7084408,4842951,1200
ramp_split_over_re2,20199,1654523,389020,6630063,4702580,1200
