arm,group,noticed,median_s,p90_s
sel_m2_t100_privileged,hard_non_leak,371,0.284491762,0.487692809
sel_m2_t100_privileged,slow_leak,138,9.800313012,18.6606206556
sel_m2_t2000_privileged,hard_non_leak,372,1.3231334124999998,11.69055462610002
sel_m2_t2000_privileged,slow_leak,139,12.849640855,13.8151802426
sel_m2_t500_privileged,hard_non_leak,367,0.316022113,0.6468476018000001
sel_m2_t500_privileged,slow_leak,137,10.50645289,23.439143884200003
sel_med_t100_cut_off_privileged,hard_non_leak,367,0.257459414,0.4698163742
sel_med_t100_cut_off_privileged,slow_leak,105,9.593573949,17.80238203820002
sel_med_t100_every_off_privileged,hard_non_leak,367,0.257459414,0.4698163742
sel_med_t100_every_off_privileged,slow_leak,108,9.7080556005,18.6606206556
sel_med_t100_privileged,hard_non_leak,367,0.257459414,0.4698163742
sel_med_t100_privileged,slow_leak,107,9.70763258,18.055298782800005
sel_med_t100_subtick_off_privileged,hard_non_leak,366,0.255701766,0.4711493545
sel_med_t100_subtick_off_privileged,slow_leak,107,9.708478621,18.681619439800002
sel_med_t2000_cut_off_privileged,hard_non_leak,344,1.1794283265,1.9627244507999997
sel_med_t2000_cut_off_privileged,slow_leak,100,12.9527342355,13.8083376281
sel_med_t2000_every_off_privileged,hard_non_leak,365,1.242640907,2.743122189800002
sel_med_t2000_every_off_privileged,slow_leak,102,12.930178066,13.7977180923
sel_med_t2000_merge_off_privileged,hard_non_leak,364,1.066571248,1.8673025338
sel_med_t2000_merge_off_privileged,slow_leak,100,12.9527342355,13.8083376281
sel_med_t2000_privileged,hard_non_leak,362,1.0999495750000001,1.902586198
sel_med_t2000_privileged,slow_leak,99,12.930252232,13.800759929
sel_med_t2000_subtick_off_privileged,hard_non_leak,314,1.3144740769999999,6.007259397999967
sel_med_t2000_subtick_off_privileged,slow_leak,103,12.930252232,13.805899091
sel_med_t500_cut_off_privileged,hard_non_leak,356,0.2749301335,0.4890480495
sel_med_t500_cut_off_privileged,slow_leak,122,10.026534433999998,21.993094427600003
sel_med_t500_every_off_privileged,hard_non_leak,363,0.291100616,0.503438178
sel_med_t500_every_off_privileged,slow_leak,126,10.0797114625,22.602144735
sel_med_t500_merge_off_privileged,hard_non_leak,365,0.257459414,0.4699643838
sel_med_t500_merge_off_privileged,slow_leak,124,10.0427940105,21.9691214568
sel_med_t500_privileged,hard_non_leak,363,0.274542776,0.4876188618
sel_med_t500_privileged,slow_leak,124,10.0427940105,21.9691214568
sel_med_t500_subtick_off_privileged,hard_non_leak,348,0.2987846905,0.5120361451000001
sel_med_t500_subtick_off_privileged,slow_leak,124,10.065893143,22.840970263800003
sel_ramp_over_re2_privileged,hard_non_leak,365,0.510447433,5.019858799400001
sel_ramp_over_re2_privileged,slow_leak,137,5.458863327,6.7792257706
sel_ramp_split_over_re2_privileged,hard_non_leak,367,0.510447433,4.847125984400002
sel_ramp_split_over_re2_privileged,slow_leak,137,5.458863327,6.7792257706
sel_reanchor_privileged,hard_non_leak,364,0.5101995275,4.9978733557999995
sel_reanchor_privileged,slow_leak,64,14.21922446,17.1569312019
sel_rung_z2_privileged,hard_non_leak,352,0.598408848,5.309907102700002
sel_rung_z2_privileged,slow_leak,64,14.331205211499999,17.1569312019
sel_rung_z3_privileged,hard_non_leak,341,2.951276232,7.665321087
sel_rung_z3_privileged,slow_leak,64,16.105411058999998,21.843007324300007
