arm,noticed,anchor_ok,leak_noticed,leak_anchor_ok,anchor_site_ok,background,strict_prec,per_incident,plain_noticed,quality,substrate_s
all100L_m0_i0_r0_h15_t100,0.9949748743718593,0.9698492462311558,1.0,0.5681818181818182,0.9698492462311558,3.38,0.669103176834411,1.2179341657207718,0.9146919431279621,0.6582914572864321,0.00044866450000000005
all100L_m0_i0_r0_h15_t2000,1.0,0.9798994974874372,1.0,0.22727272727272727,0.9798994974874372,7.38,0.19307580174927114,4.911842603102535,1.0,0.7386934673366834,0.00432312442
all100L_m0_i0_r0_h15_t500,0.9949748743718593,0.9798994974874372,1.0,0.5227272727272727,0.9798994974874372,3.8,0.6157194060419867,1.3340900491865304,0.928436018957346,0.6733668341708543,0.0005466514100000001
all100L_m0_i0_r0_h6_t100,0.9949748743718593,0.9698492462311558,1.0,0.5681818181818182,0.9698492462311558,3.38,0.669103176834411,1.2179341657207718,0.9146919431279621,0.5879396984924623,0.00044165090000000006
all100L_m0_i0_r0_h6_t2000,1.0,0.9798994974874372,1.0,0.22727272727272727,0.9798994974874372,7.38,0.19307580174927114,4.911842603102535,1.0,0.678391959798995,0.00429743734
all100L_m0_i0_r0_h6_t500,0.9949748743718593,0.9798994974874372,1.0,0.5227272727272727,0.9798994974874372,3.8,0.6157194060419867,1.3340900491865304,0.928436018957346,0.592964824120603,0.0005388792
all100L_m0_i0_r30_h15_t100,0.9949748743718593,0.9698492462311558,0.9772727272727273,0.5681818181818182,0.9698492462311558,3.36,0.7249466950959488,1.1150208096859628,0.9146919431279621,0.6582914572864321,0.00042278998
all100L_m0_i0_r30_h15_t2000,1.0,0.9798994974874372,1.0,0.22727272727272727,0.9798994974874372,5.56,0.34253141598652675,2.7101778282255014,0.9990521327014218,0.7386934673366834,0.0023607359
all100L_m0_i0_r30_h15_t500,0.9949748743718593,0.9798994974874372,0.9772727272727273,0.5227272727272727,0.9798994974874372,3.78,0.6612592796260655,1.2330684827847143,0.928436018957346,0.6733668341708543,0.0005216629600000001
all100L_m0_i0_r30_h6_t100,0.9949748743718593,0.9698492462311558,0.9772727272727273,0.5681818181818182,0.9698492462311558,3.36,0.7249466950959488,1.1150208096859628,0.9146919431279621,0.5879396984924623,0.00041634992
all100L_m0_i0_r30_h6_t2000,1.0,0.9798994974874372,1.0,0.22727272727272727,0.9798994974874372,5.56,0.34253141598652675,2.7101778282255014,0.9990521327014218,0.6733668341708543,0.0023386069700000005
all100L_m0_i0_r30_h6_t500,0.9949748743718593,0.9798994974874372,0.9772727272727273,0.5227272727272727,0.9798994974874372,3.78,0.6612592796260655,1.2330684827847143,0.928436018957346,0.592964824120603,0.0005137508400000001
all100L_m0_i1_r0_h15_t100,0.9949748743718593,0.9698492462311558,0.8181818181818182,0.5227272727272727,0.9698492462311558,3.34,0.7350480322280756,1.0945894816496406,0.9146919431279621,0.6582914572864321,0.00041633725
all100L_m0_i1_r0_h15_t2000,1.0,0.9748743718592965,0.8181818181818182,0.18181818181818182,0.9748743718592965,3.89,0.6306741874832125,1.2614453272796065,0.9625592417061611,0.6984924623115578,0.00058542067
all100L_m0_i1_r0_h15_t500,0.9949748743718593,0.9798994974874372,0.8409090909090909,0.5227272727272727,0.9798994974874372,3.76,0.6698324022346369,1.2122587968217935,0.9279620853080569,0.6733668341708543,0.00051387373
all100L_m0_i1_r0_h6_t100,0.9949748743718593,0.9698492462311558,0.9545454545454546,0.5681818181818182,0.9698492462311558,3.36,0.7299785210187174,1.1059402194475974,0.9146919431279621,0.5879396984924623,0.00041631974000000003
all100L_m0_i1_r0_h6_t2000,1.0,0.9748743718592965,0.9090909090909091,0.20454545454545456,0.9748743718592965,4.01,0.5525328330206379,1.4615966704502459,0.9848341232227488,0.628140703517588,0.0007499717400000001
all100L_m0_i1_r0_h6_t500,0.9949748743718593,0.9798994974874372,0.9090909090909091,0.5227272727272727,0.9798994974874372,3.78,0.6666666666666666,1.221339387060159,0.928436018957346,0.592964824120603,0.00051149696
all100L_m0_i1_r30_h15_t100,0.9949748743718593,0.9698492462311558,0.8181818181818182,0.5227272727272727,0.9698492462311558,3.34,0.7350480322280756,1.0945894816496406,0.9146919431279621,0.6582914572864321,0.00041633725
all100L_m0_i1_r30_h15_t2000,1.0,0.9748743718592965,0.8181818181818182,0.18181818181818182,0.9748743718592965,3.89,0.6306741874832125,1.2614453272796065,0.9625592417061611,0.6984924623115578,0.00058542067
all100L_m0_i1_r30_h15_t500,0.9949748743718593,0.9798994974874372,0.8409090909090909,0.5227272727272727,0.9798994974874372,3.76,0.6698324022346369,1.2122587968217935,0.9279620853080569,0.6733668341708543,0.00051387373
all100L_m0_i1_r30_h6_t100,0.9949748743718593,0.9698492462311558,0.9545454545454546,0.5681818181818182,0.9698492462311558,3.36,0.7331278890600924,1.1006432084752176,0.9146919431279621,0.5879396984924623,0.00041319769000000003
all100L_m0_i1_r30_h6_t2000,1.0,0.9748743718592965,0.9090909090909091,0.20454545454545456,0.9748743718592965,4.01,0.5544834078606731,1.4559213015512675,0.9848341232227488,0.628140703517588,0.0007466832900000001
all100L_m0_i1_r30_h6_t500,0.9949748743718593,0.9798994974874372,0.9090909090909091,0.5227272727272727,0.9798994974874372,3.78,0.6681489716509171,1.2183125236473704,0.928436018957346,0.592964824120603,0.00050947316
all100L_m100_i0_r0_h15_t2000,1.0,0.964824120603015,1.0,0.22727272727272727,0.964824120603015,7.61,0.20031941592516542,4.687097994702989,1.0,0.7587939698492462,0.004220227190000001
all100L_m100_i0_r0_h6_t2000,1.0,0.964824120603015,1.0,0.22727272727272727,0.964824120603015,7.61,0.20031941592516542,4.687097994702989,1.0,0.678391959798995,0.00419416059
all100L_m100_i0_r30_h15_t2000,1.0,0.964824120603015,1.0,0.22727272727272727,0.964824120603015,5.79,0.36805263894722107,2.4835414301929624,0.9990521327014218,0.7587939698492462,0.0022229597000000003
all100L_m100_i0_r30_h6_t2000,1.0,0.964824120603015,1.0,0.22727272727272727,0.964824120603015,5.79,0.36805263894722107,2.4835414301929624,0.9990521327014218,0.6733668341708543,0.00219739186
all100L_m100_i1_r0_h15_t2000,0.9849246231155779,0.9447236180904522,0.8181818181818182,0.18181818181818182,0.9447236180904522,4.12,0.7410003185727939,1.0317820658342793,0.9540284360189574,0.7135678391959799,0.00044210093000000004
all100L_m100_i1_r0_h6_t2000,0.9949748743718593,0.9447236180904522,0.9090909090909091,0.20454545454545456,0.9447236180904522,4.24,0.6349292709466812,1.2304199772985245,0.9786729857819905,0.6231155778894473,0.00060694399
all100L_m100_i1_r30_h15_t2000,0.9849246231155779,0.9447236180904522,0.8181818181818182,0.18181818181818182,0.9447236180904522,4.12,0.7410003185727939,1.0317820658342793,0.9540284360189574,0.7135678391959799,0.00044210093000000004
all100L_m100_i1_r30_h6_t2000,0.9949748743718593,0.9447236180904522,0.9090909090909091,0.20454545454545456,0.9447236180904522,4.24,0.637530729308932,1.224744608399546,0.9786729857819905,0.6231155778894473,0.00060365828
all100L_m20_i0_r0_h15_t100,0.9949748743718593,0.964824120603015,1.0,0.5681818181818182,0.964824120603015,3.4,0.703016241299304,1.1759364358683315,0.9113744075829384,0.6633165829145728,0.00040364433
all100L_m20_i0_r0_h15_t500,0.9899497487437185,0.964824120603015,1.0,0.5227272727272727,0.964824120603015,3.91,0.67619825708061,1.2413923571698826,0.9251184834123223,0.6884422110552764,0.0004500203
all100L_m20_i0_r0_h6_t100,0.9949748743718593,0.964824120603015,1.0,0.5681818181818182,0.964824120603015,3.4,0.703016241299304,1.1759364358683315,0.9113744075829384,0.5879396984924623,0.00040006584000000007
all100L_m20_i0_r0_h6_t500,0.9899497487437185,0.964824120603015,1.0,0.5227272727272727,0.964824120603015,3.91,0.67619825708061,1.2413923571698826,0.9251184834123223,0.5979899497487438,0.00044621661000000004
all100L_m20_i0_r30_h15_t100,0.9949748743718593,0.964824120603015,0.9772727272727273,0.5681818181818182,0.964824120603015,3.38,0.7637051039697542,1.0730230798335225,0.9113744075829384,0.6633165829145728,0.00037776986
all100L_m20_i0_r30_h15_t500,0.9899497487437185,0.964824120603015,0.9772727272727273,0.5227272727272727,0.964824120603015,3.89,0.7296503085512783,1.1403707907680667,0.9251184834123223,0.6884422110552764,0.00042503265000000005
all100L_m20_i0_r30_h6_t100,0.9949748743718593,0.964824120603015,0.9772727272727273,0.5681818181818182,0.964824120603015,3.38,0.7637051039697542,1.0730230798335225,0.9113744075829384,0.5879396984924623,0.00037483722
all100L_m20_i0_r30_h6_t500,0.9899497487437185,0.964824120603015,0.9772727272727273,0.5227272727272727,0.964824120603015,3.89,0.7296503085512783,1.1403707907680667,0.9251184834123223,0.5979899497487438,0.00042098353000000004
all100L_m20_i1_r0_h15_t100,0.9949748743718593,0.964824120603015,0.8181818181818182,0.5227272727272727,0.964824120603015,3.36,0.7748556767158435,1.0525917517972,0.9113744075829384,0.6633165829145728,0.00037139628000000004
all100L_m20_i1_r0_h15_t500,0.9899497487437185,0.964824120603015,0.8409090909090909,0.5227272727272727,0.964824120603015,3.87,0.739988045427376,1.1195611048051457,0.9246445497630332,0.6884422110552764,0.00041745935
all100L_m20_i1_r0_h6_t100,0.9949748743718593,0.964824120603015,0.9545454545454546,0.5681818181818182,0.964824120603015,3.38,0.7692063492063492,1.063942489595157,0.9113744075829384,0.5879396984924623,0.00037518967
all100L_m20_i1_r0_h6_t500,0.9899497487437185,0.964824120603015,0.9090909090909091,0.5227272727272727,0.964824120603015,3.89,0.736061684460261,1.1286416950435112,0.9251184834123223,0.5979899497487438,0.00041917984000000005
all100L_m20_i1_r30_h15_t100,0.9949748743718593,0.964824120603015,0.8181818181818182,0.5227272727272727,0.964824120603015,3.36,0.7748556767158435,1.0525917517972,0.9113744075829384,0.6633165829145728,0.00037139628000000004
all100L_m20_i1_r30_h15_t500,0.9899497487437185,0.964824120603015,0.8409090909090909,0.5227272727272727,0.964824120603015,3.87,0.739988045427376,1.1195611048051457,0.9246445497630332,0.6884422110552764,0.00041745935
all100L_m20_i1_r30_h6_t100,0.9949748743718593,0.964824120603015,0.9545454545454546,0.5681818181818182,0.964824120603015,3.38,0.7726403061224489,1.0586454786227772,0.9113744075829384,0.5879396984924623,0.00037206763000000004
all100L_m20_i1_r30_h6_t500,0.9899497487437185,0.964824120603015,0.9090909090909091,0.5227272727272727,0.964824120603015,3.89,0.7378121284185494,1.1256148316307226,0.9251184834123223,0.5979899497487438,0.00041715606000000005
all100L_m50_i0_r0_h15_t100,0.9899497487437185,0.9597989949748744,1.0,0.5681818181818182,0.9597989949748744,3.44,0.7226941747572816,1.1169125993189557,0.909952606635071,0.6582914572864321,0.00037492981000000004
all100L_m50_i0_r0_h15_t2000,1.0,0.964824120603015,1.0,0.22727272727272727,0.964824120603015,7.59,0.20030257186081693,4.714718123344684,1.0,0.7437185929648241,0.00422979419
all100L_m50_i0_r0_h15_t500,0.9849246231155779,0.9597989949748744,1.0,0.5227272727272727,0.9597989949748744,3.93,0.7146240378922439,1.1293984108967083,0.923696682464455,0.6834170854271356,0.00039527645000000006
all100L_m50_i0_r0_h6_t100,0.9899497487437185,0.9597989949748744,1.0,0.5681818181818182,0.9597989949748744,3.44,0.7226941747572816,1.1169125993189557,0.909952606635071,0.5879396984924623,0.00037283129
all100L_m50_i0_r0_h6_t2000,1.0,0.964824120603015,1.0,0.22727272727272727,0.964824120603015,7.59,0.20030257186081693,4.714718123344684,1.0,0.6834170854271356,0.00420340917
all100L_m50_i0_r0_h6_t500,0.9849246231155779,0.9597989949748744,1.0,0.5227272727272727,0.9597989949748744,3.93,0.7146240378922439,1.1293984108967083,0.923696682464455,0.5879396984924623,0.00039177188
all100L_m50_i0_r30_h15_t100,0.9899497487437185,0.9597989949748744,0.9772727272727273,0.5681818181818182,0.9597989949748744,3.42,0.7882197220383852,1.0139992432841467,0.909952606635071,0.6582914572864321,0.00034905536
all100L_m50_i0_r30_h15_t2000,1.0,0.964824120603015,1.0,0.22727272727272727,0.964824120603015,5.77,0.36632016632016634,2.511539916761256,0.9990521327014218,0.7437185929648241,0.0022350259
all100L_m50_i0_r30_h15_t500,0.9849246231155779,0.9597989949748744,0.9772727272727273,0.5227272727272727,0.9597989949748744,3.91,0.7764554519137986,1.0283768444948922,0.923696682464455,0.6834170854271356,0.00037028884000000003
all100L_m50_i0_r30_h6_t100,0.9899497487437185,0.9597989949748744,0.9772727272727273,0.5681818181818182,0.9597989949748744,3.42,0.7882197220383852,1.0139992432841467,0.909952606635071,0.5879396984924623,0.00034760647
all100L_m50_i0_r30_h6_t2000,1.0,0.964824120603015,1.0,0.22727272727272727,0.964824120603015,5.77,0.36632016632016634,2.511539916761256,0.9990521327014218,0.678391959798995,0.0022098474500000004
all100L_m50_i0_r30_h6_t500,0.9849246231155779,0.9597989949748744,0.9772727272727273,0.5227272727272727,0.9597989949748744,3.91,0.7764554519137986,1.0283768444948922,0.923696682464455,0.5879396984924623,0.00036653886
all100L_m50_i1_r0_h15_t100,0.9899497487437185,0.9597989949748744,0.8181818181818182,0.5227272727272727,0.9597989949748744,3.4,0.8004045853000674,0.9935679152478244,0.909952606635071,0.6582914572864321,0.00034268523
all100L_m50_i1_r0_h15_t2000,0.9849246231155779,0.9447236180904522,0.8181818181818182,0.18181818181818182,0.9447236180904522,4.1,0.7286025521319639,1.0605372682557699,0.9578199052132701,0.6984924623115578,0.00045565709000000007
all100L_m50_i1_r0_h15_t500,0.9849246231155779,0.9597989949748744,0.8409090909090909,0.5227272727272727,0.9597989949748744,3.89,0.7886631716906947,1.0075671585319712,0.9232227488151659,0.6834170854271356,0.00036271586000000003
all100L_m50_i1_r0_h6_t100,0.9899497487437185,0.9597989949748744,0.9545454545454546,0.5681818181818182,0.9597989949748744,3.42,0.7941961307538359,1.0049186530457812,0.909952606635071,0.5879396984924623,0.00034796382000000005
all100L_m50_i1_r0_h6_t2000,0.9949748743718593,0.9447236180904522,0.9090909090909091,0.20454545454545456,0.9447236180904522,4.22,0.6264,1.259175179720015,0.9805687203791469,0.628140703517588,0.0006204475
all100L_m50_i1_r0_h6_t500,0.9849246231155779,0.9597989949748744,0.9090909090909091,0.5227272727272727,0.9597989949748744,3.91,0.7839506172839507,1.0166477487703367,0.923696682464455,0.5879396984924623,0.00036473554
all100L_m50_i1_r30_h15_t100,0.9899497487437185,0.9597989949748744,0.8181818181818182,0.5227272727272727,0.9597989949748744,3.4,0.8004045853000674,0.9935679152478244,0.909952606635071,0.6582914572864321,0.00034268523
all100L_m50_i1_r30_h15_t2000,0.9849246231155779,0.9447236180904522,0.8181818181818182,0.18181818181818182,0.9447236180904522,4.1,0.7286025521319639,1.0605372682557699,0.9578199052132701,0.6984924623115578,0.00045565709000000007
all100L_m50_i1_r30_h15_t500,0.9849246231155779,0.9597989949748744,0.8409090909090909,0.5227272727272727,0.9597989949748744,3.89,0.7886631716906947,1.0075671585319712,0.9232227488151659,0.6834170854271356,0.00036271586000000003
all100L_m50_i1_r30_h6_t100,0.9899497487437185,0.9597989949748744,0.9545454545454546,0.5681818181818182,0.9597989949748744,3.42,0.7979222520107239,0.9996216420734014,0.909952606635071,0.5879396984924623,0.00034484176
all100L_m50_i1_r30_h6_t2000,0.9949748743718593,0.9447236180904522,0.9090909090909091,0.20454545454545456,0.9447236180904522,4.22,0.6289156626506024,1.2534998108210367,0.9805687203791469,0.628140703517588,0.0006171618000000001
all100L_m50_i1_r30_h6_t500,0.9849246231155779,0.9597989949748744,0.9090909090909091,0.5227272727272727,0.9597989949748744,3.91,0.7859934853420195,1.0136208853575484,0.923696682464455,0.5879396984924623,0.00036271177000000006
all50L_m0_i0_r0_h15_t100,0.9899497487437185,0.9748743718592965,1.0,0.5681818181818182,0.9698492462311558,1.96,0.6853325753268903,1.2569050321604238,0.9227488151658768,0.6733668341708543,0.00046999432
all50L_m0_i0_r0_h15_t2000,1.0,0.9798994974874372,1.0,0.22727272727272727,0.9798994974874372,5.92,0.19570458031996493,4.9553537646613695,1.0,0.7437185929648241,0.0043258455300000005
all50L_m0_i0_r0_h15_t500,0.9899497487437185,0.9798994974874372,1.0,0.5227272727272727,0.9798994974874372,2.41,0.6218918226095873,1.3847900113507379,0.933649289099526,0.6884422110552764,0.0005666251600000001
all50L_m0_i0_r0_h6_t100,0.9899497487437185,0.9748743718592965,1.0,0.5681818181818182,0.9698492462311558,1.96,0.6853325753268903,1.2569050321604238,0.9227488151658768,0.5879396984924623,0.00046358516
all50L_m0_i0_r0_h6_t2000,1.0,0.9798994974874372,1.0,0.22727272727272727,0.9798994974874372,5.92,0.19570458031996493,4.9553537646613695,1.0,0.6834170854271356,0.00430307039
all50L_m0_i0_r0_h6_t500,0.9899497487437185,0.9798994974874372,1.0,0.5227272727272727,0.9798994974874372,2.41,0.6218918226095873,1.3847900113507379,0.933649289099526,0.592964824120603,0.0005620227700000001
all50L_m0_i0_r30_h15_t100,0.9899497487437185,0.9748743718592965,0.9772727272727273,0.5681818181818182,0.9698492462311558,1.94,0.7432182490752158,1.1539916761256148,0.9227488151658768,0.6733668341708543,0.00044412550000000003
all50L_m0_i0_r30_h15_t2000,1.0,0.9798994974874372,1.0,0.22727272727272727,0.9798994974874372,4.09,0.34781477627471385,2.7540673477109348,0.9990521327014218,0.7386934673366834,0.0023672292400000006
all50L_m0_i0_r30_h15_t500,0.9899497487437185,0.9798994974874372,0.9772727272727273,0.5227272727272727,0.9798994974874372,2.39,0.6679515418502202,1.2837684449489217,0.933649289099526,0.6884422110552764,0.0005416429
all50L_m0_i0_r30_h6_t100,0.9899497487437185,0.9748743718592965,0.9772727272727273,0.5681818181818182,0.9698492462311558,1.94,0.7432182490752158,1.1539916761256148,0.9227488151658768,0.5879396984924623,0.00043828774
all50L_m0_i0_r30_h6_t2000,1.0,0.9798994974874372,1.0,0.22727272727272727,0.9798994974874372,4.09,0.34781477627471385,2.7540673477109348,0.9990521327014218,0.6733668341708543,0.00234681551
all50L_m0_i0_r30_h6_t500,0.9899497487437185,0.9798994974874372,0.9772727272727273,0.5227272727272727,0.9798994974874372,2.39,0.6679515418502202,1.2837684449489217,0.933649289099526,0.592964824120603,0.0005368940600000001
all50L_m0_i1_r0_h15_t100,0.9899497487437185,0.9748743718592965,0.8181818181818182,0.5227272727272727,0.9698492462311558,1.92,0.753527751646284,1.133938706015891,0.9227488151658768,0.6733668341708543,0.00043776077000000005
all50L_m0_i1_r0_h15_t2000,0.9949748743718593,0.9748743718592965,0.8409090909090909,0.20454545454545456,0.9748743718592965,2.43,0.6453456722917801,1.298146046159667,0.9639810426540284,0.6934673366834171,0.00058481971
all50L_m0_i1_r0_h15_t500,0.9899497487437185,0.9798994974874372,0.7954545454545454,0.5227272727272727,0.9798994974874372,2.37,0.676552881925014,1.2625804010594022,0.933649289099526,0.6884422110552764,0.0005344672
all50L_m0_i1_r0_h6_t100,0.9899497487437185,0.9748743718592965,0.9545454545454546,0.5681818181818182,0.9698492462311558,1.95,0.7482929857231533,1.145289443813848,0.9227488151658768,0.5879396984924623,0.00043865216
all50L_m0_i1_r0_h6_t2000,1.0,0.9748743718592965,0.9318181818181818,0.22727272727272727,0.9748743718592965,2.54,0.5642789373814042,1.4990541051835036,0.985781990521327,0.6231155778894473,0.00075074944
all50L_m0_i1_r0_h6_t500,0.9899497487437185,0.9798994974874372,0.8863636363636364,0.5227272727272727,0.9798994974874372,2.4,0.6732370905052748,1.2720393492243662,0.933649289099526,0.592964824120603,0.00053541866
all50L_m0_i1_r30_h15_t100,0.9899497487437185,0.9748743718592965,0.8181818181818182,0.5227272727272727,0.9698492462311558,1.92,0.753527751646284,1.133938706015891,0.9227488151658768,0.6733668341708543,0.00043776077000000005
all50L_m0_i1_r30_h15_t2000,0.9949748743718593,0.9748743718592965,0.8409090909090909,0.20454545454545456,0.9748743718592965,2.43,0.6453456722917801,1.298146046159667,0.9639810426540284,0.6934673366834171,0.00058481971
all50L_m0_i1_r30_h15_t500,0.9899497487437185,0.9798994974874372,0.7954545454545454,0.5227272727272727,0.9798994974874372,2.37,0.676552881925014,1.2625804010594022,0.933649289099526,0.6884422110552764,0.0005344672
all50L_m0_i1_r30_h6_t100,0.9899497487437185,0.9748743718592965,0.9545454545454546,0.5681818181818182,0.9698492462311558,1.94,0.7520274485339987,1.1396140749148695,0.9227488151658768,0.5879396984924623,0.00043490136
all50L_m0_i1_r30_h6_t2000,1.0,0.9748743718592965,0.9318181818181818,0.22727272727272727,0.9748743718592965,2.54,0.5662937395858129,1.4933787362845252,0.985781990521327,0.6231155778894473,0.00074819413
all50L_m0_i1_r30_h6_t500,0.9899497487437185,0.9798994974874372,0.8863636363636364,0.5227272727272727,0.9798994974874372,2.39,0.6749234622877818,1.2690124858115777,0.933649289099526,0.592964824120603,0.0005330701400000001
all50L_m100_i0_r0_h15_t2000,1.0,0.9698492462311558,1.0,0.22727272727272727,0.9698492462311558,6.09,0.20453668698402902,4.67347710934544,1.0,0.7587939698492462,0.0041921851500000005
all50L_m100_i0_r0_h6_t2000,1.0,0.9698492462311558,1.0,0.22727272727272727,0.9698492462311558,6.09,0.20453668698402902,4.67347710934544,1.0,0.678391959798995,0.00416707388
all50L_m100_i0_r30_h15_t2000,1.0,0.9698492462311558,1.0,0.22727272727272727,0.9698492462311558,4.27,0.3805004314063848,2.4695421869088157,0.9990521327014218,0.7537688442211056,0.0021797575000000002
all50L_m100_i0_r30_h6_t2000,1.0,0.9698492462311558,1.0,0.22727272727272727,0.9698492462311558,4.27,0.3805004314063848,2.4695421869088157,0.9990521327014218,0.6683417085427136,0.00215460053
all50L_m100_i1_r0_h15_t2000,0.9899497487437185,0.9597989949748744,0.8409090909090909,0.20454545454545456,0.9597989949748744,2.61,0.7981682496607869,1.0166477487703367,0.9545023696682464,0.7035175879396985,0.00039702967
all50L_m100_i1_r0_h6_t2000,1.0,0.9597989949748744,0.9318181818181818,0.22727272727272727,0.9597989949748744,2.72,0.6772805507745266,1.216042376087779,0.9786729857819905,0.6080402010050251,0.0005604788800000001
all50L_m100_i1_r30_h15_t2000,0.9899497487437185,0.9597989949748744,0.8409090909090909,0.20454545454545456,0.9597989949748744,2.61,0.7981682496607869,1.0166477487703367,0.9545023696682464,0.7035175879396985,0.00039702967
all50L_m100_i1_r30_h6_t2000,1.0,0.9597989949748744,0.9318181818181818,0.22727272727272727,0.9597989949748744,2.72,0.6802074330164217,1.2103670071888006,0.9786729857819905,0.6080402010050251,0.0005575935200000001
all50L_m20_i0_r0_h15_t100,0.9899497487437185,0.964824120603015,1.0,0.5681818181818182,0.9597989949748744,2.02,0.737000300571085,1.182368520620507,0.918957345971564,0.6733668341708543,0.00039741539000000004
all50L_m20_i0_r0_h15_t500,0.9899497487437185,0.9748743718592965,1.0,0.5227272727272727,0.9748743718592965,2.52,0.7069793727041537,1.243662504729474,0.9298578199052133,0.6934673366834171,0.00043309983000000004
all50L_m20_i0_r0_h6_t100,0.9899497487437185,0.964824120603015,1.0,0.5681818181818182,0.9597989949748744,2.02,0.737000300571085,1.182368520620507,0.918957345971564,0.5879396984924623,0.00039324172
all50L_m20_i0_r0_h6_t500,0.9899497487437185,0.9748743718592965,1.0,0.5227272727272727,0.9748743718592965,2.52,0.7069793727041537,1.243662504729474,0.9298578199052133,0.5879396984924623,0.00042844867000000003
all50L_m20_i0_r30_h15_t100,0.9899497487437185,0.964824120603015,0.9772727272727273,0.5681818181818182,0.9597989949748744,2.0,0.803144448083852,1.079455164585698,0.918957345971564,0.6733668341708543,0.00037154659
all50L_m20_i0_r30_h15_t500,0.9899497487437185,0.9748743718592965,0.9772727272727273,0.5227272727272727,0.9748743718592965,2.5,0.7651376146788991,1.142640938327658,0.9298578199052133,0.6934673366834171,0.00040811217
all50L_m20_i0_r30_h6_t100,0.9899497487437185,0.964824120603015,0.9772727272727273,0.5681818181818182,0.9597989949748744,2.0,0.803144448083852,1.079455164585698,0.918957345971564,0.5879396984924623,0.00036801628000000005
all50L_m20_i0_r30_h6_t500,0.9899497487437185,0.9748743718592965,0.9772727272727273,0.5227272727272727,0.9748743718592965,2.5,0.7651376146788991,1.142640938327658,0.9298578199052133,0.5879396984924623,0.00040321291
all50L_m20_i1_r0_h15_t100,0.9899497487437185,0.964824120603015,0.8181818181818182,0.5227272727272727,0.9597989949748744,1.98,0.8152101400933957,1.0594021944759742,0.918957345971564,0.6733668341708543,0.00036526196000000004
all50L_m20_i1_r0_h15_t500,0.9899497487437185,0.9748743718592965,0.7954545454545454,0.5227272727272727,0.9748743718592965,2.48,0.7764632627646326,1.1214528944381386,0.9298578199052133,0.6934673366834171,0.00040085962
all50L_m20_i1_r0_h6_t100,0.9899497487437185,0.964824120603015,0.9545454545454546,0.5681818181818182,0.9597989949748744,2.01,0.8089739359947212,1.070752932273931,0.918957345971564,0.5879396984924623,0.0003687683
all50L_m20_i1_r0_h6_t500,0.9899497487437185,0.9748743718592965,0.8863636363636364,0.5227272727272727,0.9748743718592965,2.51,0.7719135802469136,1.1309118426031026,0.9298578199052133,0.5879396984924623,0.00040196388000000003
all50L_m20_i1_r30_h15_t100,0.9899497487437185,0.964824120603015,0.8181818181818182,0.5227272727272727,0.9597989949748744,1.98,0.8152101400933957,1.0594021944759742,0.918957345971564,0.6733668341708543,0.00036526196000000004
all50L_m20_i1_r30_h15_t500,0.9899497487437185,0.9748743718592965,0.7954545454545454,0.5227272727272727,0.9748743718592965,2.48,0.7764632627646326,1.1214528944381386,0.9298578199052133,0.6934673366834171,0.00040085962
all50L_m20_i1_r30_h6_t100,0.9899497487437185,0.964824120603015,0.9545454545454546,0.5681818181818182,0.9597989949748744,2.0,0.8132669983416252,1.0650775633749527,0.918957345971564,0.5879396984924623,0.00036501748
all50L_m20_i1_r30_h6_t500,0.9899497487437185,0.9748743718592965,0.8863636363636364,0.5227272727272727,0.9748743718592965,2.5,0.7740637573506655,1.127884979190314,0.9298578199052133,0.5879396984924623,0.00039961535
all50L_m50_i0_r0_h15_t100,0.9849246231155779,0.9597989949748744,1.0,0.5681818181818182,0.9547738693467337,2.02,0.7635327635327636,1.1188043889519486,0.9180094786729858,0.678391959798995,0.00036454953000000003
all50L_m50_i0_r0_h15_t2000,1.0,0.9698492462311558,1.0,0.22727272727272727,0.9698492462311558,6.07,0.2049218031278749,4.7056375331063185,1.0,0.7537688442211056,0.004205136030000001
all50L_m50_i0_r0_h15_t500,0.9849246231155779,0.9698492462311558,1.0,0.5227272727272727,0.9698492462311558,2.5,0.7510027769207035,1.1316685584562998,0.9293838862559242,0.6984924623115578,0.00037996971000000006
all50L_m50_i0_r0_h6_t100,0.9849246231155779,0.9597989949748744,1.0,0.5681818181818182,0.9547738693467337,2.02,0.7635327635327636,1.1188043889519486,0.9180094786729858,0.5879396984924623,0.00036147695000000006
all50L_m50_i0_r0_h6_t2000,1.0,0.9698492462311558,1.0,0.22727272727272727,0.9698492462311558,6.07,0.2049218031278749,4.7056375331063185,1.0,0.6934673366834171,0.00418005415
all50L_m50_i0_r0_h6_t500,0.9849246231155779,0.9698492462311558,1.0,0.5227272727272727,0.9698492462311558,2.5,0.7510027769207035,1.1316685584562998,0.9293838862559242,0.5879396984924623,0.00037600467
all50L_m50_i0_r30_h15_t100,0.9849246231155779,0.9597989949748744,0.9772727272727273,0.5681818181818182,0.9547738693467337,2.0,0.836048526863085,1.0158910329171396,0.9180094786729858,0.678391959798995,0.00033868074000000003
all50L_m50_i0_r30_h15_t2000,1.0,0.9698492462311558,1.0,0.22727272727272727,0.9698492462311558,4.25,0.37913883757282935,2.5017026106696933,0.9990521327014218,0.7487437185929648,0.0021960766
all50L_m50_i0_r30_h15_t500,0.9849246231155779,0.9698492462311558,0.9772727272727273,0.5227272727272727,0.9698492462311558,2.48,0.8189771197846568,1.0306469920544836,0.9293838862559242,0.6984924623115578,0.00035498208000000006
all50L_m50_i0_r30_h6_t100,0.9849246231155779,0.9597989949748744,0.9772727272727273,0.5681818181818182,0.9547738693467337,2.0,0.836048526863085,1.0158910329171396,0.9180094786729858,0.5879396984924623,0.00033625528000000006
all50L_m50_i0_r30_h6_t2000,1.0,0.9698492462311558,1.0,0.22727272727272727,0.9698492462311558,4.25,0.37913883757282935,2.5017026106696933,0.9990521327014218,0.6834170854271356,0.00217088408
all50L_m50_i0_r30_h6_t500,0.9849246231155779,0.9698492462311558,0.9772727272727273,0.5227272727272727,0.9698492462311558,2.48,0.8189771197846568,1.0306469920544836,0.9293838862559242,0.5879396984924623,0.00035076895000000005
all50L_m50_i1_r0_h15_t100,0.9849246231155779,0.9597989949748744,0.8181818181818182,0.5227272727272727,0.9547738693467337,1.98,0.8494699646643109,0.9958380628074158,0.9180094786729858,0.678391959798995,0.00033240097
all50L_m50_i1_r0_h15_t2000,0.9899497487437185,0.9597989949748744,0.8409090909090909,0.20454545454545456,0.9597989949748744,2.59,0.7835697789508413,1.0488081725312146,0.9578199052132701,0.6984924623115578,0.00041303987
all50L_m50_i1_r0_h15_t500,0.9849246231155779,0.9698492462311558,0.7954545454545454,0.5227272727272727,0.9698492462311558,2.46,0.8325326012354153,1.009458948164964,0.9293838862559242,0.6984924623115578,0.00034772984
all50L_m50_i1_r0_h6_t100,0.9849246231155779,0.9597989949748744,0.9545454545454546,0.5681818181818182,0.9547738693467337,2.01,0.8424729304924904,1.0071888006053726,0.9180094786729858,0.5879396984924623,0.00033701374
all50L_m50_i1_r0_h6_t2000,1.0,0.9597989949748744,0.9318181818181818,0.22727272727272727,0.9597989949748744,2.7,0.6676940319417204,1.248202799848657,0.9805687203791469,0.628140703517588,0.00057593751
all50L_m50_i1_r0_h6_t500,0.9849246231155779,0.9698492462311558,0.8863636363636364,0.5227272727272727,0.9698492462311558,2.49,0.8269884432358939,1.0189178963299281,0.9293838862559242,0.5879396984924623,0.00034952026
all50L_m50_i1_r30_h15_t100,0.9849246231155779,0.9597989949748744,0.8181818181818182,0.5227272727272727,0.9547738693467337,1.98,0.8494699646643109,0.9958380628074158,0.9180094786729858,0.678391959798995,0.00033240097
all50L_m50_i1_r30_h15_t2000,0.9899497487437185,0.9597989949748744,0.8409090909090909,0.20454545454545456,0.9597989949748744,2.59,0.7835697789508413,1.0488081725312146,0.9578199052132701,0.6984924623115578,0.00041303987
all50L_m50_i1_r30_h15_t500,0.9849246231155779,0.9698492462311558,0.7954545454545454,0.5227272727272727,0.9698492462311558,2.46,0.8325326012354153,1.009458948164964,0.9293838862559242,0.6984924623115578,0.00034772984
all50L_m50_i1_r30_h6_t100,0.9849246231155779,0.9597989949748744,0.9545454545454546,0.5681818181818182,0.9547738693467337,2.0,0.8472075869336143,1.0015134317063943,0.9180094786729858,0.5879396984924623,0.00033326290000000006
all50L_m50_i1_r30_h6_t2000,1.0,0.9597989949748744,0.9318181818181818,0.22727272727272727,0.9597989949748744,2.7,0.6705120990433314,1.2425274309496783,0.9805687203791469,0.628140703517588,0.0005730521400000001
all50L_m50_i1_r30_h6_t500,0.9849246231155779,0.9698492462311558,0.8863636363636364,0.5227272727272727,0.9698492462311558,2.48,0.8295260825093761,1.0158910329171396,0.9293838862559242,0.5879396984924623,0.00034717175
dep100L_m0_i0_r0_h15_t2000,1.0,0.9798994974874372,1.0,0.22727272727272727,0.9798994974874372,4.94,0.19517982944011866,4.915247824441922,1.0,0.7437185929648241,0.00428593534
dep100L_m0_i0_r0_h15_t500,0.9899497487437185,0.9798994974874372,1.0,0.5227272727272727,0.9798994974874372,1.51,0.6411214953271028,1.3598183881952326,0.9232227488151659,0.678391959798995,0.0005257275300000001
dep100L_m0_i0_r0_h6_t2000,1.0,0.9798994974874372,1.0,0.22727272727272727,0.9798994974874372,4.94,0.19517982944011866,4.915247824441922,1.0,0.678391959798995,0.00426171179
dep100L_m0_i0_r0_h6_t500,0.9899497487437185,0.9798994974874372,1.0,0.5227272727272727,0.9798994974874372,1.51,0.6411214953271028,1.3598183881952326,0.9232227488151659,0.5829145728643216,0.00051994466
dep100L_m0_i0_r30_h15_t2000,1.0,0.9798994974874372,1.0,0.22727272727272727,0.9798994974874372,3.11,0.3511562625317471,2.7128263337116914,0.9981042654028436,0.7437185929648241,0.00230138523
dep100L_m0_i0_r30_h15_t500,0.9899497487437185,0.9798994974874372,0.9772727272727273,0.5227272727272727,0.9798994974874372,1.49,0.6907364787111623,1.2587968217934167,0.9232227488151659,0.678391959798995,0.00050075013
dep100L_m0_i0_r30_h6_t2000,1.0,0.9798994974874372,1.0,0.22727272727272727,0.9798994974874372,3.11,0.3511562625317471,2.7128263337116914,0.9981042654028436,0.6733668341708543,0.00227788565
dep100L_m0_i0_r30_h6_t500,0.9899497487437185,0.9798994974874372,0.9772727272727273,0.5227272727272727,0.9798994974874372,1.49,0.6907364787111623,1.2587968217934167,0.9232227488151659,0.5829145728643216,0.00049482094
dep100L_m0_i1_r0_h15_t2000,0.9899497487437185,0.9748743718592965,0.7954545454545454,0.18181818181818182,0.9748743718592965,1.47,0.6668568168853394,1.2709042754445705,0.957345971563981,0.6884422110552764,0.00052701486
dep100L_m0_i1_r0_h15_t500,0.9899497487437185,0.9798994974874372,0.8181818181818182,0.5,0.9798994974874372,1.47,0.7001170275014629,1.2376087779038971,0.9232227488151659,0.678391959798995,0.00049301897
dep100L_m0_i1_r0_h6_t2000,1.0,0.9748743718592965,0.9318181818181818,0.20454545454545456,0.9748743718592965,1.6,0.5771597341865616,1.4767309875141885,0.9853080568720379,0.6180904522613065,0.0006972472
dep100L_m0_i1_r0_h6_t500,0.9899497487437185,0.9798994974874372,0.9318181818181818,0.5227272727272727,0.9798994974874372,1.5,0.6964596633778294,1.2470677260688612,0.9232227488151659,0.5829145728643216,0.0004928775900000001
dep100L_m0_i1_r30_h15_t2000,0.9899497487437185,0.9748743718592965,0.7954545454545454,0.18181818181818182,0.9748743718592965,1.47,0.6668568168853394,1.2709042754445705,0.957345971563981,0.6884422110552764,0.00052701486
dep100L_m0_i1_r30_h15_t500,0.9899497487437185,0.9798994974874372,0.8181818181818182,0.5,0.9798994974874372,1.47,0.7001170275014629,1.2376087779038971,0.9232227488151659,0.678391959798995,0.00049301897
dep100L_m0_i1_r30_h6_t2000,1.0,0.9748743718592965,0.9318181818181818,0.20454545454545456,0.9748743718592965,1.6,0.5797280593325093,1.4699205448354142,0.9853080568720379,0.6180904522613065,0.00069284089
dep100L_m0_i1_r30_h6_t500,0.9899497487437185,0.9798994974874372,0.9318181818181818,0.5227272727272727,0.9798994974874372,1.49,0.6982833866744254,1.2440408626560726,0.9232227488151659,0.5829145728643216,0.0004905290800000001
dep100L_m100_i0_r0_h15_t2000,1.0,0.9748743718592965,1.0,0.22727272727272727,0.9748743718592965,4.99,0.20574424792612303,4.645856980703746,1.0,0.7587939698492462,0.00415943286
dep100L_m100_i0_r0_h6_t2000,1.0,0.9748743718592965,1.0,0.22727272727272727,0.9748743718592965,4.99,0.20574424792612303,4.645856980703746,1.0,0.6834170854271356,0.00413391626
dep100L_m100_i0_r30_h15_t2000,1.0,0.9748743718592965,1.0,0.22727272727272727,0.9748743718592965,3.16,0.38759231905465286,2.441922058267121,0.9981042654028436,0.7587939698492462,0.0021317565
dep100L_m100_i0_r30_h6_t2000,1.0,0.9748743718592965,1.0,0.22727272727272727,0.9748743718592965,3.16,0.38759231905465286,2.441922058267121,0.9981042654028436,0.678391959798995,0.0021062183300000004
dep100L_m100_i1_r0_h15_t2000,0.9849246231155779,0.9597989949748744,0.7954545454545454,0.18181818181818182,0.9597989949748744,1.52,0.8353025420694593,0.9992432841468029,0.9511848341232227,0.6984924623115578,0.00035582645000000005
dep100L_m100_i1_r0_h6_t2000,1.0,0.9597989949748744,0.9318181818181818,0.20454545454545456,0.9597989949748744,1.65,0.6993424985056784,1.2035565645100266,0.9800947867298578,0.6180904522613065,0.00052424804
dep100L_m100_i1_r30_h15_t2000,0.9849246231155779,0.9597989949748744,0.7954545454545454,0.18181818181818182,0.9597989949748744,1.52,0.8353025420694593,0.9992432841468029,0.9511848341232227,0.6984924623115578,0.00035582645000000005
dep100L_m100_i1_r30_h6_t2000,1.0,0.9597989949748744,0.9318181818181818,0.20454545454545456,0.9597989949748744,1.65,0.703125,1.1967461218312523,0.9800947867298578,0.6180904522613065,0.0005202733
dep100L_m20_i0_r0_h15_t500,0.9899497487437185,0.9698492462311558,1.0,0.5227272727272727,0.9698492462311558,1.54,0.7385253183298786,1.2194475974271661,0.9213270142180094,0.6884422110552764,0.00040573780000000004
dep100L_m20_i0_r0_h6_t500,0.9899497487437185,0.9698492462311558,1.0,0.5227272727272727,0.9698492462311558,1.54,0.7385253183298786,1.2194475974271661,0.9213270142180094,0.5778894472361809,0.00040294337000000005
dep100L_m20_i0_r30_h15_t500,0.9899497487437185,0.9698492462311558,0.9772727272727273,0.5227272727272727,0.9698492462311558,1.52,0.8024453024453024,1.11842603102535,0.9213270142180094,0.6884422110552764,0.00038075496000000003
dep100L_m20_i0_r30_h6_t500,0.9899497487437185,0.9698492462311558,0.9772727272727273,0.5227272727272727,0.9698492462311558,1.52,0.8024453024453024,1.11842603102535,0.9213270142180094,0.5778894472361809,0.00037771506
dep100L_m20_i1_r0_h15_t500,0.9899497487437185,0.9698492462311558,0.8181818181818182,0.5,0.9698492462311558,1.5,0.8150819672131148,1.0972379871358304,0.9213270142180094,0.6884422110552764,0.00037324214
dep100L_m20_i1_r0_h6_t500,0.9899497487437185,0.9698492462311558,0.9318181818181818,0.5227272727272727,0.9698492462311558,1.53,0.8099415204678363,1.1066969353007945,0.9213270142180094,0.5778894472361809,0.00037622292
dep100L_m20_i1_r30_h15_t500,0.9899497487437185,0.9698492462311558,0.8181818181818182,0.5,0.9698492462311558,1.5,0.8150819672131148,1.0972379871358304,0.9213270142180094,0.6884422110552764,0.00037324214
dep100L_m20_i1_r30_h6_t500,0.9899497487437185,0.9698492462311558,0.9318181818181818,0.5227272727272727,0.9698492462311558,1.52,0.8123167155425219,1.1036700718880061,0.9213270142180094,0.5778894472361809,0.00037387440000000003
dep100L_m50_i0_r0_h15_t2000,1.0,0.9748743718592965,1.0,0.22727272727272727,0.9748743718592965,4.98,0.20562568178276452,4.667423382519864,1.0,0.7487437185929648,0.00416767701
dep100L_m50_i0_r0_h15_t500,0.9849246231155779,0.964824120603015,1.0,0.5227272727272727,0.964824120603015,1.56,0.781747320558623,1.1059402194475974,0.9203791469194312,0.6884422110552764,0.00035441903000000007
dep100L_m50_i0_r0_h6_t2000,1.0,0.9748743718592965,1.0,0.22727272727272727,0.9748743718592965,4.98,0.20562568178276452,4.667423382519864,1.0,0.6834170854271356,0.00414246292
dep100L_m50_i0_r0_h6_t500,0.9849246231155779,0.964824120603015,1.0,0.5227272727272727,0.964824120603015,1.56,0.781747320558623,1.1059402194475974,0.9203791469194312,0.5728643216080402,0.00035201481
dep100L_m50_i0_r30_h15_t2000,1.0,0.9748743718592965,1.0,0.22727272727272727,0.9748743718592965,3.15,0.3858775271022561,2.463488460083239,0.9981042654028436,0.7487437185929648,0.00214061636
dep100L_m50_i0_r30_h15_t500,0.9849246231155779,0.964824120603015,0.9772727272727273,0.5227272727272727,0.964824120603015,1.54,0.8565836298932384,1.0049186530457812,0.9203791469194312,0.6884422110552764,0.00032943617
dep100L_m50_i0_r30_h6_t2000,1.0,0.9748743718592965,1.0,0.22727272727272727,0.9748743718592965,3.15,0.3858775271022561,2.463488460083239,0.9981042654028436,0.678391959798995,0.0021155369
dep100L_m50_i0_r30_h6_t500,0.9849246231155779,0.964824120603015,0.9772727272727273,0.5227272727272727,0.964824120603015,1.54,0.8565836298932384,1.0049186530457812,0.9203791469194312,0.5728643216080402,0.00032678647
dep100L_m50_i1_r0_h15_t2000,0.9849246231155779,0.9597989949748744,0.7954545454545454,0.18181818181818182,0.9597989949748744,1.51,0.8224561403508772,1.0211880438895196,0.9545023696682464,0.6884422110552764,0.00036523801000000006
dep100L_m50_i1_r0_h15_t500,0.9849246231155779,0.964824120603015,0.8181818181818182,0.5,0.964824120603015,1.52,0.8717296511627907,0.9837306091562619,0.9203791469194312,0.6884422110552764,0.00032192371000000004
dep100L_m50_i1_r0_h6_t2000,1.0,0.9597989949748744,0.9318181818181818,0.20454545454545456,0.9597989949748744,1.64,0.6908610049955921,1.225501324252743,0.9819905213270143,0.6180904522613065,0.00053344523
dep100L_m50_i1_r0_h6_t500,0.9849246231155779,0.964824120603015,0.9318181818181818,0.5227272727272727,0.964824120603015,1.55,0.8654676258992806,0.9931895573212258,0.9203791469194312,0.5728643216080402,0.00032529472
dep100L_m50_i1_r30_h15_t2000,0.9849246231155779,0.9597989949748744,0.7954545454545454,0.18181818181818182,0.9597989949748744,1.51,0.8224561403508772,1.0211880438895196,0.9545023696682464,0.6884422110552764,0.00036523801000000006
dep100L_m50_i1_r30_h15_t500,0.9849246231155779,0.964824120603015,0.8181818181818182,0.5,0.964824120603015,1.52,0.8717296511627907,0.9837306091562619,0.9203791469194312,0.6884422110552764,0.00032192371000000004
dep100L_m50_i1_r30_h6_t2000,1.0,0.9597989949748744,0.9318181818181818,0.20454545454545456,0.9597989949748744,1.64,0.6945347119645495,1.218690881573969,0.9819905213270143,0.6180904522613065,0.00052947049
dep100L_m50_i1_r30_h6_t500,0.9849246231155779,0.964824120603015,0.9318181818181818,0.5227272727272727,0.964824120603015,1.54,0.8682785997834717,0.9901626939084374,0.9203791469194312,0.5728643216080402,0.00032294622
dep50L_m0_i0_r0_h15_t100,0.9899497487437185,0.964824120603015,1.0,0.5681818181818182,0.9597989949748744,0.67,0.6924643584521385,1.2750662126371548,0.9118483412322275,0.6633165829145728,0.00045705407
dep50L_m0_i0_r0_h15_t2000,1.0,0.9798994974874372,1.0,0.22727272727272727,0.9798994974874372,4.27,0.19650946899368735,4.933030646992054,1.0,0.7437185929648241,0.0042918111900000005
dep50L_m0_i0_r0_h15_t500,0.9899497487437185,0.9798994974874372,1.0,0.5227272727272727,0.9798994974874372,0.85,0.644927536231884,1.377601210745365,0.9241706161137441,0.678391959798995,0.0005393549
dep50L_m0_i0_r0_h6_t100,0.9899497487437185,0.964824120603015,1.0,0.5681818181818182,0.9597989949748744,0.67,0.6924643584521385,1.2750662126371548,0.9118483412322275,0.5778894472361809,0.00045210795000000004
dep50L_m0_i0_r0_h6_t2000,1.0,0.9798994974874372,1.0,0.22727272727272727,0.9798994974874372,4.27,0.19650946899368735,4.933030646992054,1.0,0.678391959798995,0.004267946030000001
dep50L_m0_i0_r0_h6_t500,0.9899497487437185,0.9798994974874372,1.0,0.5227272727272727,0.9798994974874372,0.85,0.644927536231884,1.377601210745365,0.9241706161137441,0.5829145728643216,0.00053390061
dep50L_m0_i0_r30_h15_t100,0.9899497487437185,0.964824120603015,0.9772727272727273,0.5681818181818182,0.9597989949748744,0.65,0.7524502055011065,1.1721528566023458,0.9118483412322275,0.6633165829145728,0.00043119021000000005
dep50L_m0_i0_r30_h15_t2000,1.0,0.9798994974874372,1.0,0.22727272727272727,0.9798994974874372,2.44,0.35397399812357594,2.7306091562618238,0.9981042654028436,0.7437185929648241,0.0023100489
dep50L_m0_i0_r30_h15_t500,0.9899497487437185,0.9798994974874372,0.9772727272727273,0.5227272727272727,0.9798994974874372,0.83,0.695111368238357,1.276579644343549,0.9241706161137441,0.678391959798995,0.00051437753
dep50L_m0_i0_r30_h6_t100,0.9899497487437185,0.964824120603015,0.9772727272727273,0.5681818181818182,0.9597989949748744,0.65,0.7524502055011065,1.1721528566023458,0.9118483412322275,0.5778894472361809,0.00042681167
dep50L_m0_i0_r30_h6_t2000,1.0,0.9798994974874372,1.0,0.22727272727272727,0.9798994974874372,2.44,0.35397399812357594,2.7306091562618238,0.9981042654028436,0.6733668341708543,0.00228745878
dep50L_m0_i0_r30_h6_t500,0.9899497487437185,0.9798994974874372,0.9772727272727273,0.5227272727272727,0.9798994974874372,0.83,0.695111368238357,1.276579644343549,0.9241706161137441,0.5829145728643216,0.00050877853
dep50L_m0_i1_r0_h15_t100,0.9899497487437185,0.964824120603015,0.8409090909090909,0.5227272727272727,0.9597989949748744,0.63,0.7632679318108717,1.1524782444192205,0.9118483412322275,0.6633165829145728,0.00042477858
dep50L_m0_i1_r0_h15_t2000,0.9899497487437185,0.9748743718592965,0.7954545454545454,0.18181818181818182,0.9748743718592965,0.8,0.6741508347725964,1.2841468028755203,0.9582938388625593,0.6884422110552764,0.0005320733600000001
dep50L_m0_i1_r0_h15_t500,0.9899497487437185,0.9798994974874372,0.7954545454545454,0.5,0.9798994974874372,0.81,0.7048263684520306,1.255013242527431,0.9241706161137441,0.678391959798995,0.00050656458
dep50L_m0_i1_r0_h6_t100,0.9899497487437185,0.964824120603015,0.9545454545454546,0.5681818181818182,0.9597989949748744,0.66,0.7579617834394905,1.1630722663639803,0.9118483412322275,0.5778894472361809,0.00042695224
dep50L_m0_i1_r0_h6_t2000,1.0,0.9748743718592965,0.9545454545454546,0.20454545454545456,0.9748743718592965,0.92,0.5828373015873016,1.4907302307983352,0.985781990521327,0.6180904522613065,0.00070209159
dep50L_m0_i1_r0_h6_t500,0.9899497487437185,0.9798994974874372,0.9318181818181818,0.5227272727272727,0.9798994974874372,0.84,0.7009045812664138,1.2648505486189936,0.9241706161137441,0.5829145728643216,0.00050683946
dep50L_m0_i1_r30_h15_t100,0.9899497487437185,0.964824120603015,0.8409090909090909,0.5227272727272727,0.9597989949748744,0.63,0.7632679318108717,1.1524782444192205,0.9118483412322275,0.6633165829145728,0.00042477858
dep50L_m0_i1_r30_h15_t2000,0.9899497487437185,0.9748743718592965,0.7954545454545454,0.18181818181818182,0.9748743718592965,0.8,0.6741508347725964,1.2841468028755203,0.9582938388625593,0.6884422110552764,0.0005320733600000001
dep50L_m0_i1_r30_h15_t500,0.9899497487437185,0.9798994974874372,0.7954545454545454,0.5,0.9798994974874372,0.81,0.7048263684520306,1.255013242527431,0.9241706161137441,0.678391959798995,0.00050656458
dep50L_m0_i1_r30_h6_t100,0.9899497487437185,0.964824120603015,0.9545454545454546,0.5681818181818182,0.9597989949748744,0.65,0.7618437900128041,1.157396897465002,0.9118483412322275,0.5778894472361809,0.00042320141
dep50L_m0_i1_r30_h6_t2000,1.0,0.9748743718592965,0.9545454545454546,0.20454545454545456,0.9748743718592965,0.92,0.5853051058530511,1.4842981460461597,0.985781990521327,0.6180904522613065,0.0006985804900000001
dep50L_m0_i1_r30_h6_t500,0.9899497487437185,0.9798994974874372,0.9318181818181818,0.5227272727272727,0.9798994974874372,0.83,0.7027501462843768,1.261823685206205,0.9241706161137441,0.5829145728643216,0.00050449095
dep50L_m100_i0_r0_h15_t2000,1.0,0.9748743718592965,1.0,0.22727272727272727,0.9748743718592965,4.37,0.20727673649393605,4.639046538024972,1.0,0.7587939698492462,0.00414982823
dep50L_m100_i0_r0_h6_t2000,1.0,0.9748743718592965,1.0,0.22727272727272727,0.9748743718592965,4.37,0.20727673649393605,4.639046538024972,1.0,0.6733668341708543,0.00412357992
dep50L_m100_i0_r30_h15_t2000,1.0,0.9748743718592965,1.0,0.22727272727272727,0.9748743718592965,2.54,0.39267563527653215,2.4351116155883465,0.9981042654028436,0.7587939698492462,0.0021174227
dep50L_m100_i0_r30_h6_t2000,1.0,0.9748743718592965,1.0,0.22727272727272727,0.9748743718592965,2.54,0.39267563527653215,2.4351116155883465,0.9981042654028436,0.6683417085427136,0.0020909999
dep50L_m100_i1_r0_h15_t2000,0.9849246231155779,0.964824120603015,0.7954545454545454,0.18181818181818182,0.964824120603015,0.9,0.8621452266863251,0.9924328414680288,0.9516587677725118,0.6984924623115578,0.00034250724
dep50L_m100_i1_r0_h6_t2000,1.0,0.964824120603015,0.9545454545454546,0.20454545454545456,0.964824120603015,1.02,0.7183960820324456,1.1975028376844494,0.9805687203791469,0.6080402010050251,0.00050927415
dep50L_m100_i1_r30_h15_t2000,0.9849246231155779,0.964824120603015,0.7954545454545454,0.18181818181818182,0.964824120603015,0.9,0.8621452266863251,0.9924328414680288,0.9516587677725118,0.6984924623115578,0.00034250724
dep50L_m100_i1_r30_h6_t2000,1.0,0.964824120603015,0.9545454545454546,0.20454545454545456,0.964824120603015,1.02,0.7221538461538461,1.191070752932274,0.9805687203791469,0.6080402010050251,0.0005058600900000001
dep50L_m20_i0_r0_h15_t100,0.9899497487437185,0.9547738693467337,1.0,0.5681818181818182,0.949748743718593,0.68,0.7783783783783784,1.164207340143776,0.909478672985782,0.6633165829145728,0.00036944020000000003
dep50L_m20_i0_r0_h15_t500,0.9899497487437185,0.9748743718592965,1.0,0.5227272727272727,0.9748743718592965,0.9,0.7525556223692123,1.2243662504729473,0.9218009478672986,0.6884422110552764,0.00040034451000000004
dep50L_m20_i0_r0_h6_t100,0.9899497487437185,0.9547738693467337,1.0,0.5681818181818182,0.949748743718593,0.68,0.7783783783783784,1.164207340143776,0.909478672985782,0.5778894472361809,0.00036665084000000005
dep50L_m20_i0_r0_h6_t500,0.9899497487437185,0.9748743718592965,1.0,0.5227272727272727,0.9748743718592965,0.9,0.7525556223692123,1.2243662504729473,0.9218009478672986,0.5778894472361809,0.00039710097
dep50L_m20_i0_r30_h15_t100,0.9899497487437185,0.9547738693467337,0.9772727272727273,0.5681818181818182,0.949748743718593,0.66,0.8526645768025078,1.061293984108967,0.909478672985782,0.6633165829145728,0.00034357627000000006
dep50L_m20_i0_r30_h15_t500,0.9899497487437185,0.9748743718592965,0.9772727272727273,0.5227272727272727,0.9748743718592965,0.88,0.8187765783447825,1.1233446840711312,0.9218009478672986,0.6884422110552764,0.00037536167000000003
dep50L_m20_i0_r30_h6_t100,0.9899497487437185,0.9547738693467337,0.9772727272727273,0.5681818181818182,0.949748743718593,0.66,0.8526645768025078,1.061293984108967,0.909478672985782,0.5778894472361809,0.00034143027000000005
dep50L_m20_i0_r30_h6_t500,0.9899497487437185,0.9748743718592965,0.9772727272727273,0.5227272727272727,0.9748743718592965,0.88,0.8187765783447825,1.1233446840711312,0.9218009478672986,0.5778894472361809,0.00037186997
dep50L_m20_i1_r0_h15_t100,0.9899497487437185,0.9547738693467337,0.8409090909090909,0.5227272727272727,0.949748743718593,0.64,0.8665246716364927,1.0416193719258418,0.909478672985782,0.6633165829145728,0.00033734528000000004
dep50L_m20_i1_r0_h15_t500,0.9899497487437185,0.9748743718592965,0.7954545454545454,0.5,0.9748743718592965,0.86,0.8322214809873248,1.1017782822550133,0.9218009478672986,0.6884422110552764,0.00036776839000000005
dep50L_m20_i1_r0_h6_t100,0.9899497487437185,0.9547738693467337,0.9545454545454546,0.5681818181818182,0.949748743718593,0.67,0.8595505617977528,1.0522133938706015,0.909478672985782,0.5778894472361809,0.00034187171000000003
dep50L_m20_i1_r0_h6_t500,0.9899497487437185,0.9748743718592965,0.9318181818181818,0.5227272727272727,0.9748743718592965,0.89,0.8265609514370664,1.111615588346576,0.9218009478672986,0.5778894472361809,0.00037037815000000003
dep50L_m20_i1_r30_h15_t100,0.9899497487437185,0.9547738693467337,0.8409090909090909,0.5227272727272727,0.949748743718593,0.64,0.8665246716364927,1.0416193719258418,0.909478672985782,0.6633165829145728,0.00033734528000000004
dep50L_m20_i1_r30_h15_t500,0.9899497487437185,0.9748743718592965,0.7954545454545454,0.5,0.9748743718592965,0.86,0.8322214809873248,1.1017782822550133,0.9218009478672986,0.6884422110552764,0.00036776839000000005
dep50L_m20_i1_r30_h6_t100,0.9899497487437185,0.9547738693467337,0.9545454545454546,0.5681818181818182,0.949748743718593,0.66,0.864406779661017,1.0465380249716232,0.909478672985782,0.5778894472361809,0.00033812090000000006
dep50L_m20_i1_r30_h6_t500,0.9899497487437185,0.9748743718592965,0.9318181818181818,0.5227272727272727,0.9748743718592965,0.88,0.8290258449304175,1.1085887249337874,0.9218009478672986,0.5778894472361809,0.00036802962000000004
dep50L_m50_i0_r0_h15_t100,0.9899497487437185,0.9547738693467337,1.0,0.5681818181818182,0.949748743718593,0.69,0.8055274688237277,1.0964812712826333,0.9085308056872038,0.6633165829145728,0.00033754794000000004
dep50L_m50_i0_r0_h15_t2000,1.0,0.9748743718592965,1.0,0.22727272727272727,0.9748743718592965,4.34,0.20714509558132246,4.665153234960273,1.0,0.7487437185929648,0.00415992254
dep50L_m50_i0_r0_h15_t500,0.9849246231155779,0.9698492462311558,1.0,0.5227272727272727,0.9698492462311558,0.9,0.7989400463729712,1.1082103670071888,0.9208530805687204,0.6884422110552764,0.00034861158000000004
dep50L_m50_i0_r0_h6_t100,0.9899497487437185,0.9547738693467337,1.0,0.5681818181818182,0.949748743718593,0.69,0.8055274688237277,1.0964812712826333,0.9085308056872038,0.5778894472361809,0.00033535952000000006
dep50L_m50_i0_r0_h6_t2000,1.0,0.9748743718592965,1.0,0.22727272727272727,0.9748743718592965,4.34,0.20714509558132246,4.665153234960273,1.0,0.6834170854271356,0.00413418053
dep50L_m50_i0_r0_h6_t500,0.9849246231155779,0.9698492462311558,1.0,0.5227272727272727,0.9698492462311558,0.9,0.7989400463729712,1.1082103670071888,0.9208530805687204,0.5728643216080402,0.00034594855
dep50L_m50_i0_r30_h15_t100,0.9899497487437185,0.9547738693467337,0.9772727272727273,0.5681818181818182,0.949748743718593,0.67,0.8874860750092833,0.9935679152478244,0.9085308056872038,0.6633165829145728,0.00031168402000000003
dep50L_m50_i0_r30_h15_t2000,1.0,0.9748743718592965,1.0,0.22727272727272727,0.9748743718592965,2.51,0.39061574896388396,2.4612183125236475,0.9981042654028436,0.7487437185929648,0.0021290453500000003
dep50L_m50_i0_r30_h15_t500,0.9849246231155779,0.9698492462311558,0.9772727272727273,0.5227272727272727,0.9698492462311558,0.88,0.8770909090909091,1.0071888006053726,0.9208530805687204,0.6884422110552764,0.00032362872
dep50L_m50_i0_r30_h6_t100,0.9899497487437185,0.9547738693467337,0.9772727272727273,0.5681818181818182,0.949748743718593,0.67,0.8874860750092833,0.9935679152478244,0.9085308056872038,0.5778894472361809,0.00031014271000000005
dep50L_m50_i0_r30_h6_t2000,1.0,0.9748743718592965,1.0,0.22727272727272727,0.9748743718592965,2.51,0.39061574896388396,2.4612183125236475,0.9981042654028436,0.678391959798995,0.00210284988
dep50L_m50_i0_r30_h6_t500,0.9849246231155779,0.9698492462311558,0.9772727272727273,0.5227272727272727,0.9698492462311558,0.88,0.8770909090909091,1.0071888006053726,0.9208530805687204,0.5728643216080402,0.00032071751
dep50L_m50_i1_r0_h15_t100,0.9899497487437185,0.9547738693467337,0.8409090909090909,0.5227272727272727,0.949748743718593,0.65,0.9029935581659719,0.9738933030646992,0.9085308056872038,0.6633165829145728,0.00030545526000000004
dep50L_m50_i1_r0_h15_t2000,0.9849246231155779,0.964824120603015,0.7954545454545454,0.18181818181818182,0.964824120603015,0.87,0.8459877653832314,1.0185395384033296,0.9545023696682464,0.6884422110552764,0.00035453404
dep50L_m50_i1_r0_h15_t500,0.9849246231155779,0.9698492462311558,0.7954545454545454,0.5,0.9698492462311558,0.86,0.8933481976960238,0.9856223987892546,0.9208530805687204,0.6884422110552764,0.00031603547
dep50L_m50_i1_r0_h6_t100,0.9899497487437185,0.9547738693467337,0.9545454545454546,0.5681818181818182,0.949748743718593,0.68,0.8951310861423221,0.9844873250094589,0.9085308056872038,0.5778894472361809,0.00031058901
dep50L_m50_i1_r0_h6_t2000,1.0,0.964824120603015,0.9545454545454546,0.20454545454545456,0.964824120603015,0.99,0.7077707770777077,1.2236095346197502,0.9819905213270143,0.6180904522613065,0.00052079508
dep50L_m50_i1_r0_h6_t500,0.9849246231155779,0.9698492462311558,0.9318181818181818,0.5227272727272727,0.9698492462311558,0.89,0.8863970588235294,0.9954597048808173,0.9208530805687204,0.5728643216080402,0.00031922607000000003
dep50L_m50_i1_r30_h15_t100,0.9899497487437185,0.9547738693467337,0.8409090909090909,0.5227272727272727,0.949748743718593,0.65,0.9029935581659719,0.9738933030646992,0.9085308056872038,0.6633165829145728,0.00030545526000000004
dep50L_m50_i1_r30_h15_t2000,0.9849246231155779,0.964824120603015,0.7954545454545454,0.18181818181818182,0.964824120603015,0.87,0.8459877653832314,1.0185395384033296,0.9545023696682464,0.6884422110552764,0.00035453404
dep50L_m50_i1_r30_h15_t500,0.9849246231155779,0.9698492462311558,0.7954545454545454,0.5,0.9698492462311558,0.86,0.8933481976960238,0.9856223987892546,0.9208530805687204,0.6884422110552764,0.00031603547
dep50L_m50_i1_r30_h6_t100,0.9899497487437185,0.9547738693467337,0.9545454545454546,0.5681818181818182,0.949748743718593,0.67,0.9005275056518462,0.9788119561104806,0.9085308056872038,0.5778894472361809,0.00030683816
dep50L_m50_i1_r30_h6_t2000,1.0,0.964824120603015,0.9545454545454546,0.20454545454545456,0.964824120603015,0.99,0.7113992762364294,1.2171774498675747,0.9819905213270143,0.6180904522613065,0.00051738103
dep50L_m50_i1_r30_h6_t500,0.9849246231155779,0.9698492462311558,0.9318181818181818,0.5227272727272727,0.9698492462311558,0.88,0.8893397270379934,0.9924328414680288,0.9208530805687204,0.5728643216080402,0.00031687755
latch_m0_i0_r0_h15_t100,1.0,0.9849246231155779,1.0,0.5681818181818182,0.9849246231155779,5.6,0.48373743347131876,1.7075293227393114,0.9464454976303317,0.6834170854271356,0.0008450102900000001
latch_m0_i0_r0_h6_t100,1.0,0.9849246231155779,1.0,0.5681818181818182,0.9849246231155779,5.6,0.48373743347131876,1.7075293227393114,0.9464454976303317,0.6030150753768844,0.0008305851
latch_m0_i0_r30_h15_t100,1.0,0.9849246231155779,0.9772727272727273,0.5681818181818182,0.9849246231155779,5.58,0.5113565326109606,1.6046159667045024,0.9464454976303317,0.6834170854271356,0.0008191398000000001
latch_m0_i0_r30_h6_t100,1.0,0.9849246231155779,0.9772727272727273,0.5681818181818182,0.9849246231155779,5.58,0.5113565326109606,1.6046159667045024,0.9464454976303317,0.6030150753768844,0.00080468445
latch_m0_i1_r0_h15_t100,1.0,0.9849246231155779,0.7954545454545454,0.5,0.9849246231155779,5.56,0.5154138513513513,1.5815361331819902,0.9459715639810427,0.6834170854271356,0.0008105111400000001
latch_m0_i1_r0_h6_t100,1.0,0.9849246231155779,0.9318181818181818,0.5454545454545454,0.9849246231155779,5.58,0.5135135135135135,1.59477866061294,0.9464454976303317,0.6030150753768844,0.00080375336
latch_m0_i1_r30_h15_t100,1.0,0.9849246231155779,0.7954545454545454,0.5,0.9849246231155779,5.56,0.5154138513513513,1.5815361331819902,0.9459715639810427,0.6834170854271356,0.0008105111400000001
latch_m0_i1_r30_h6_t100,1.0,0.9849246231155779,0.9318181818181818,0.5454545454545454,0.9849246231155779,5.58,0.5150241647404917,1.58948164964056,0.9464454976303317,0.6030150753768844,0.0008004706400000001
latch_m20_i0_r0_h15_t100,1.0,0.9798994974874372,1.0,0.5681818181818182,0.9798994974874372,5.52,0.6237185461323392,1.4150586454786227,0.943127962085308,0.6884422110552764,0.0005630835600000001
latch_m20_i0_r0_h6_t100,1.0,0.9798994974874372,1.0,0.5681818181818182,0.9798994974874372,5.52,0.6237185461323392,1.4150586454786227,0.943127962085308,0.6080402010050251,0.0005563810500000001
latch_m20_i0_r30_h15_t100,1.0,0.9798994974874372,0.9772727272727273,0.5681818181818182,0.9798994974874372,5.5,0.6662518666002987,1.312145289443814,0.943127962085308,0.6884422110552764,0.0005372129900000001
latch_m20_i0_r30_h6_t100,1.0,0.9798994974874372,0.9772727272727273,0.5681818181818182,0.9798994974874372,5.5,0.6662518666002987,1.312145289443814,0.943127962085308,0.6080402010050251,0.0005310036500000001
latch_m20_i1_r0_h15_t100,1.0,0.9798994974874372,0.7954545454545454,0.5,0.9798994974874372,5.48,0.6735777496839443,1.2890654559213015,0.942654028436019,0.6884422110552764,0.00052882235
latch_m20_i1_r0_h6_t100,1.0,0.9798994974874372,0.9318181818181818,0.5454545454545454,0.9798994974874372,5.5,0.6698396793587175,1.3023079833522513,0.943127962085308,0.6080402010050251,0.00053036328
latch_m20_i1_r30_h15_t100,1.0,0.9798994974874372,0.7954545454545454,0.5,0.9798994974874372,5.48,0.6735777496839443,1.2890654559213015,0.942654028436019,0.6884422110552764,0.00052882235
latch_m20_i1_r30_h6_t100,1.0,0.9798994974874372,0.9318181818181818,0.5454545454545454,0.9798994974874372,5.5,0.6721970839617899,1.2970109723798713,0.943127962085308,0.6080402010050251,0.00052724122
latch_m50_i0_r0_h15_t100,1.0,0.9748743718592965,1.0,0.5681818181818182,0.9748743718592965,5.48,0.6825957100190062,1.1861520998864927,0.9412322274881516,0.6934673366834171,0.00042808128000000004
latch_m50_i0_r0_h6_t100,1.0,0.9748743718592965,1.0,0.5681818181818182,0.9748743718592965,5.48,0.6825957100190062,1.1861520998864927,0.9412322274881516,0.6030150753768844,0.00042308738000000005
latch_m50_i0_r30_h15_t100,1.0,0.9748743718592965,0.9772727272727273,0.5681818181818182,0.9748743718592965,5.46,0.7374596655910824,1.0832387438516837,0.9412322274881516,0.6934673366834171,0.00040221145
latch_m50_i0_r30_h6_t100,1.0,0.9748743718592965,0.9772727272727273,0.5681818181818182,0.9748743718592965,5.46,0.7374596655910824,1.0832387438516837,0.9412322274881516,0.6030150753768844,0.00039763725000000003
latch_m50_i1_r0_h15_t100,1.0,0.9748743718592965,0.7954545454545454,0.5,0.9748743718592965,5.44,0.747459653317394,1.0601589103291713,0.9407582938388626,0.6934673366834171,0.00039382348
latch_m50_i1_r0_h6_t100,1.0,0.9748743718592965,0.9318181818181818,0.5454545454545454,0.9748743718592965,5.46,0.7422406148389004,1.073401437760121,0.9412322274881516,0.6030150753768844,0.00039711057000000005
latch_m50_i1_r30_h15_t100,1.0,0.9748743718592965,0.7954545454545454,0.5,0.9748743718592965,5.44,0.747459653317394,1.0601589103291713,0.9407582938388626,0.6934673366834171,0.00039382348
latch_m50_i1_r30_h6_t100,1.0,0.9748743718592965,0.9318181818181818,0.5454545454545454,0.9748743718592965,5.46,0.7453250222617988,1.0681044267877413,0.9412322274881516,0.6030150753768844,0.0003939885
reanchor,0.9698492462311558,0.949748743718593,0.45454545454545453,0.0,0.9396984924623115,6.55,0.6714864083285136,1.0605372682557699,0.9459715639810427,0.5829145728643216,0.00047800599000000004
rung_z2,0.9095477386934674,0.8844221105527639,0.4318181818181818,0.0,0.8693467336683417,8.92,0.6132183908045977,0.9791903140370791,0.8947867298578199,0.5376884422110553,0.00047288464000000007
rung_z3,0.8844221105527639,0.8542713567839196,0.4090909090909091,0.0,0.8492462311557789,3.99,0.7499087258123402,0.8853575482406356,0.8597156398104265,0.4824120603015075,0.00034333324
