source,seed,incident,family,mode,critical,onset_ns,first_at_ns,observations,attached_elsewhere
diag,32002,11,split_brain,mimics_plain,False,186460168667,186460414267,91,True
diag,32006,1,slow_leak,unknown,True,40641577201,41977145900,52,True
diag,32006,20,slow_leak,unknown,False,479578866548,480943084032,70,True
diag,32009,25,slow_leak,unknown,True,503935626872,505435899886,40,True
diag,32010,23,slow_leak,unknown,False,471435877562,472462498285,67,True
diag,32010,26,slow_leak,unknown,True,508451510203,509259633160,46,True
diag,32011,3,slow_leak,unknown,True,127139993500,128481428574,53,True
diag,32012,29,split_brain,mimics_plain,True,511618112769,511618870776,53,True
diag,32014,2,slow_leak,unknown,False,35775916649,37135104706,68,True
diag,32014,3,slow_leak,unknown,True,44712644735,45796930721,48,True
diag,32014,12,slow_leak,unknown,True,245746670118,247185282703,50,True
diag,32015,25,split_brain,contradicts_early,False,444727107026,444728041100,91,True
diag,32015,26,slow_leak,unknown,False,451920778221,452876379527,71,True
diag,32016,1,slow_leak,unknown,False,32797769127,33846123346,87,True
diag,32016,6,cascade,mimics_plain,True,111729406707,111729891211,62,True
diag,32016,7,slow_leak,unknown,False,133033364503,134389100053,66,True
diag,32020,11,split_brain,mimics_plain,True,189847959512,189848136678,60,True
diag,32028,25,slow_leak,unknown,True,493153893278,494211798611,51,True
diag,32030,26,slow_leak,unknown,False,477790980599,478925024892,71,True
diag,32031,8,split_brain,mimics_plain,False,427416548616,427416700375,79,True
diag,32034,14,split_brain,mimics_plain,True,476034497231,476034843796,57,True
diag,32039,0,split_brain,mimics_plain,True,16884288638,16884872699,50,True
diag,32040,20,slow_leak,unknown,False,406903475784,408338992662,69,True
diag,32042,2,slow_leak,unknown,False,23356631484,24343183659,56,True
diag,32047,30,split_brain,contradicts_early,True,485193824729,485194430687,46,True
diag,32047,34,slow_leak,unknown,False,522160394521,523456773790,60,True
diag,32049,4,compound,contradicts_early,False,44762147524,44762875721,88,True
diag,32050,24,slow_leak,unknown,False,501855003249,503115495331,60,True
diag,32051,7,slow_leak,unknown,True,189624333854,190592187451,53,True
diag,32052,8,slow_leak,unknown,True,160025615451,160901044267,39,True
diag,32054,7,slow_leak,unknown,False,143823683231,144625791845,92,True
diag,32054,25,cascade,contradicts_early,True,500158078078,500158658926,63,True
diag,32054,26,slow_leak,unknown,False,529922246397,531362857049,65,True
diag,32056,8,slow_leak,unknown,False,209662137726,210697513064,92,True
diag,32056,12,slow_leak,unknown,True,268957554515,269872214695,46,True
diag,32056,17,slow_leak,unknown,False,326986656316,328335031184,58,True
diag,32056,29,split_brain,mimics_plain,False,463901410678,463901453963,88,True
diag,32060,8,slow_leak,unknown,False,278255130425,279639543097,62,True
diag,32061,5,cascade,mimics_plain,False,62777782573,62777892059,75,True
diag,32061,9,slow_leak,unknown,True,106617443036,107704122400,47,True
diag,32064,16,cascade,contradicts_early,False,397237433301,397237473379,67,True
diag,32065,6,cascade,contradicts_early,True,67073761142,67074302647,69,True
diag,32065,12,compound,contradicts_early,False,165142432626,165143131088,60,True
diag,32067,0,split_brain,mimics_plain,True,35719695068,35719973145,60,True
diag,32070,4,slow_leak,unknown,False,59167068615,60023521029,68,True
diag,32070,13,slow_leak,unknown,False,210458496923,211359367824,99,True
diag,32073,13,cascade,mimics_plain,False,251416595220,251416854124,85,True
diag,32080,19,slow_leak,unknown,True,481029511358,482427423732,54,True
diag,32082,6,cascade,mimics_plain,False,134129428724,134129561165,125,True
diag,32083,1,slow_leak,unknown,True,108672327041,109972624523,45,True
diag,32085,1,slow_leak,unknown,True,10596814655,11760402750,55,True
diag,32089,9,compound,mimics_plain,False,294031604140,294032081416,72,True
diag,32090,7,slow_leak,unknown,True,310904207693,312063974854,55,True
diag,32092,24,slow_leak,unknown,False,523567463149,525038277164,67,True
diag,32093,0,slow_leak,unknown,True,483589797,1510632746,51,True
diag,32093,7,slow_leak,unknown,False,161861831397,163300339998,61,True
diag,32093,17,slow_leak,unknown,False,316608623085,317792603633,83,True
diag,32093,27,slow_leak,unknown,False,500858116271,501902619689,62,True
diag,32095,16,slow_leak,unknown,True,391014899108,391868692759,53,True
diag,32097,13,slow_leak,unknown,False,251912853357,253236389725,87,True
heldout,20002,11,split_brain,mimics_plain,False,167881928708,167882098739,94,True
heldout,20008,28,cascade,contradicts_early,True,416752614077,416753468937,51,True
heldout,20010,0,slow_leak,unknown,False,45392796423,46604929130,86,True
heldout,20010,6,slow_leak,unknown,False,189221671384,190166191064,76,True
heldout,20010,29,slow_leak,unknown,False,521135761526,522368573307,65,True
heldout,20012,2,cascade,mimics_plain,False,94548985669,94549717154,62,True
heldout,20013,1,slow_leak,unknown,False,63641733290,64613360443,74,True
heldout,20013,9,slow_leak,unknown,True,258390613627,259299088206,50,True
heldout,20013,16,slow_leak,unknown,False,425873920285,427155277666,105,True
heldout,20016,10,slow_leak,unknown,False,154589813507,156002972107,74,True
heldout,20016,21,slow_leak,unknown,False,373314608202,374560777465,76,True
heldout,20018,5,slow_leak,unknown,False,122856441434,124141333266,89,True
heldout,20020,5,slow_leak,unknown,True,85023525743,86313549135,56,True
heldout,20021,27,slow_leak,unknown,False,532274373543,533430193019,59,True
heldout,20022,8,compound,contradicts_early,False,124252772027,124253298069,98,True
heldout,20024,26,slow_leak,unknown,True,398379911421,399664802759,46,True
heldout,20027,15,slow_leak,unknown,False,339636320713,340859553187,76,True
heldout,20027,21,slow_leak,unknown,True,470875756345,472320052789,44,True
heldout,20028,19,cascade,mimics_plain,False,467499899721,467500869434,95,True
heldout,20030,31,split_brain,mimics_plain,True,373937808294,373938725886,60,True
heldout,20031,18,slow_leak,unknown,False,316499799252,317852812814,54,True
heldout,20031,28,slow_leak,unknown,False,494899051309,495726766587,74,True
heldout,20034,6,slow_leak,unknown,False,103254203864,104183566691,61,True
heldout,20034,13,slow_leak,unknown,False,297588433937,298949732390,95,True
heldout,20038,9,slow_leak,unknown,False,214698716503,215623219528,61,True
heldout,20041,0,slow_leak,unknown,False,36355628362,37795167792,61,True
heldout,20041,7,slow_leak,unknown,False,127820288553,129216552004,80,True
heldout,20045,9,slow_leak,unknown,False,91425601732,92700747033,69,True
heldout,20045,22,compound,contradicts_early,False,262531445610,262531799979,85,True
heldout,20046,17,slow_leak,unknown,False,478204947607,479426021934,79,True
heldout,20049,12,slow_leak,unknown,False,187241523101,188432290891,74,True
heldout,20050,3,split_brain,mimics_plain,False,54002649321,54003542703,73,True
heldout,20052,16,compound,contradicts_early,False,340157305091,340157703736,80,True
heldout,20053,10,compound,contradicts_early,True,206042098421,206042223342,49,True
heldout,20057,27,split_brain,contradicts_early,False,515466476698,515467206970,82,True
heldout,20062,19,slow_leak,unknown,True,422606457689,424094459572,40,True
heldout,20063,5,slow_leak,unknown,True,131072726179,132487266614,46,True
heldout,20063,21,slow_leak,unknown,True,363238191012,364734274711,50,True
heldout,20063,24,cascade,mimics_plain,True,465916474125,465917371854,63,True
heldout,20066,11,slow_leak,unknown,True,274194281802,275300314301,44,True
heldout,20066,14,slow_leak,unknown,True,379669220058,380993547110,50,True
heldout,20068,0,slow_leak,unknown,False,159164335,1557374609,88,True
heldout,20068,6,slow_leak,unknown,False,168337224703,169690000665,86,True
heldout,20068,20,slow_leak,unknown,False,487900960401,488838042336,93,True
heldout,20071,20,slow_leak,unknown,False,379648020210,380475906823,84,True
heldout,20073,4,split_brain,contradicts_early,False,99757297839,99758256751,85,True
heldout,20075,2,slow_leak,unknown,True,18583317829,19965945689,50,True
heldout,20078,28,slow_leak,unknown,True,537900211850,539069896100,45,True
heldout,20079,10,slow_leak,unknown,False,105996103379,107022430590,93,True
heldout,20079,26,slow_leak,unknown,False,429584702428,430733988299,63,True
heldout,20080,32,slow_leak,unknown,False,520748611204,521971024309,71,True
heldout,20082,1,slow_leak,unknown,False,65976541789,67069214244,95,True
heldout,20083,14,slow_leak,unknown,False,316426746235,317556479765,100,True
heldout,20084,14,slow_leak,unknown,True,269414410049,270798912491,37,True
heldout,20084,16,compound,mimics_plain,False,313967311670,313967583976,66,True
heldout,20085,20,compound,contradicts_early,False,284385776951,284386128311,101,True
heldout,20085,25,compound,mimics_plain,False,385473505318,385474397354,70,True
heldout,20086,31,compound,mimics_plain,False,473225046310,473225811155,96,True
heldout,20087,1,slow_leak,unknown,True,27516779632,28329636678,47,True
heldout,20088,2,slow_leak,unknown,False,80639763502,81598161324,90,True
heldout,20095,1,slow_leak,unknown,False,9586007986,10418481490,89,True
heldout,20100,24,slow_leak,unknown,False,447451648001,448886839310,93,True
heldout,20102,21,slow_leak,unknown,False,437845619266,439261085638,99,True
heldout,20110,10,split_brain,contradicts_early,True,281478889522,281479560052,57,True
heldout,20110,18,slow_leak,unknown,False,435222561315,436652136853,54,True
heldout,20111,10,slow_leak,unknown,True,154609201712,155749244959,48,True
heldout,20112,16,compound,contradicts_early,False,276071634460,276071660757,84,True
heldout,20115,21,slow_leak,unknown,False,416473682138,417875814861,78,True
heldout,20116,4,slow_leak,unknown,False,82903138298,83890481359,101,True
heldout,20116,21,slow_leak,unknown,False,427128674364,428516330475,90,True
heldout,20119,43,slow_leak,unknown,False,513162804295,514478339610,76,True
heldout,20121,32,cascade,mimics_plain,False,498713415303,498714240680,86,True
heldout,20122,19,slow_leak,unknown,False,356048202319,357541136673,72,True
heldout,20123,11,slow_leak,unknown,False,263015752860,264190556508,78,True
heldout,20123,21,split_brain,contradicts_early,True,522343929740,522344083146,54,True
heldout,20126,22,split_brain,mimics_plain,True,486712808889,486713052890,59,True
heldout,20127,14,slow_leak,unknown,True,363908766491,365069747768,52,True
heldout,20131,7,slow_leak,unknown,False,91287574166,92471480123,73,True
heldout,20132,22,cascade,mimics_plain,True,528639567919,528640365266,47,True
heldout,20135,6,cascade,contradicts_early,False,100232597756,100232967337,80,True
heldout,20141,20,slow_leak,unknown,False,368539868884,370037386774,98,True
heldout,20146,3,slow_leak,unknown,True,46698204360,48049355981,37,True
heldout,20148,21,slow_leak,unknown,False,370802179208,371661246533,98,True
heldout,20149,4,slow_leak,unknown,False,98007414597,98943387670,73,True
heldout,20150,13,slow_leak,unknown,True,274559286739,275748784409,50,True
heldout,20150,16,slow_leak,unknown,False,374106738520,375197044407,76,True
heldout,20151,1,slow_leak,unknown,True,44129705119,44958635057,52,True
heldout,20153,1,slow_leak,unknown,True,54095021335,55009971690,38,True
heldout,20153,13,slow_leak,unknown,True,198210684086,199493769451,59,True
heldout,20154,0,cascade,contradicts_early,True,2796367164,2796608432,77,True
heldout,20154,12,cascade,contradicts_early,True,394997734396,394998276556,65,True
heldout,20154,17,slow_leak,unknown,False,429652771218,430870523673,80,True
heldout,20158,10,slow_leak,unknown,False,359086678302,360491379356,56,True
heldout,20160,23,cascade,mimics_plain,False,446378158429,446378986823,128,True
heldout,20165,20,slow_leak,unknown,False,539260574348,540300791443,57,True
heldout,20174,6,split_brain,mimics_plain,True,165880232372,165880443322,51,True
heldout,20175,17,cascade,contradicts_early,False,337655448622,337656355837,75,True
heldout,20177,4,slow_leak,unknown,False,107496302264,108902375697,63,True
heldout,20179,18,slow_leak,unknown,False,441678655962,442516062904,102,True
heldout,20185,6,slow_leak,unknown,False,175587706469,176715988622,67,True
heldout,20186,1,cascade,contradicts_early,True,52497592181,52497820686,66,True
heldout,20186,20,slow_leak,unknown,False,411457530268,412406426051,75,True
heldout,20192,9,slow_leak,unknown,True,128757273224,130189262181,42,True
heldout,20194,2,slow_leak,unknown,False,22331184210,23775547859,67,True
heldout,20195,0,slow_leak,unknown,False,62831352876,64098348607,82,True
heldout,20195,16,cascade,mimics_plain,True,283925584959,283925989639,65,True
