setting,a,b,diff,se_at_200_streams,streams_for_margin_0.10,streams_for_margin_0.05
b2.5-rho0,oracle_escalation_privileged,always_d14,0.274194,0.0336334,194,775
b2.5-rho0,always_d14,ablation_hidden_rules,-0.206989,0.0277722,133,529
b2.5-rho0,oracle_escalation_privileged,ablation_hidden_rules,0.0672043,0.0352696,213,852
b2.5-rho0.7,oracle_escalation_privileged,always_d16,0.290323,0.0294615,149,595
b2.5-rho0.7,always_d16,ablation_hidden_rules,-0.180108,0.0273215,128,512
b2.5-rho0.7,oracle_escalation_privileged,ablation_hidden_rules,0.110215,0.0370638,236,941
b5-rho0,oracle_escalation_privileged,always_d16,0.473118,0.0312404,168,669
b5-rho0,always_d16,ablation_hidden_rules,0.0403226,0.0266659,122,488
b5-rho0,oracle_escalation_privileged,ablation_hidden_rules,0.513441,0.0304519,159,636
b5-rho0.7,oracle_escalation_privileged,always_d14,0.462366,0.0277846,133,529
b5-rho0.7,always_d14,ablation_hidden_rules,0.061828,0.0268868,124,496
b5-rho0.7,oracle_escalation_privileged,ablation_hidden_rules,0.524194,0.0297784,152,608
b8-rho0,oracle_escalation_privileged,always_d14,0.344086,0.0255124,112,446
b8-rho0,always_d14,ablation_hidden_rules,0.225806,0.0300847,155,620
b8-rho0,oracle_escalation_privileged,ablation_hidden_rules,0.569892,0.0271268,127,505
b8-rho0.7,oracle_escalation_privileged,always_d16,0.306452,0.0248681,106,424
b8-rho0.7,always_d16,ablation_hidden_rules,0.266129,0.0280147,135,538
b8-rho0.7,oracle_escalation_privileged,ablation_hidden_rules,0.572581,0.0270359,126,501
