arm,in_r6_record,in_replay,results_identical,incidents_identical,results_sha256,incidents_sha256,identical
ablation_hidden_rules,True,True,True,True,ad47ed8049f1e70d1ee80c688854334cc8ffe1cd6aaf1fd647fc08f53e2f9653,8018e50126a37e657d482db184a8cf8c56e6ec6bff5b38c1e1a2d85a015ced7b,True
alw_coc_d00250_n064_d16,True,True,True,True,d413cfbc23e7b57a10ffb33de5752bb5f55ef066036173f20b6a640a244877dc,823c1cd84aa34a863b6f180d6f755776e90be18c6abc3671d18642d001019715,True
alw_coc_d00250_n128_d14,True,True,True,True,d27a6b01afbb11c8f8ca40ab89e4c35d94330de7aff663881a2b2969482f245c,f38c6c780b90070c9053870f732ef8eb610901fc511b29f997726802d40d6c8f,True
alw_coc_d00250_n256_d14,True,True,True,True,e2826042f978113d1404ba754c66c0b495cb4546b2d928011d15b5adab44600d,2870a10664363f01813499152260f963c6fb3c6cfe6cb161a46b80d6635f880e,True
alw_coc_d00500_n256_d18,True,True,True,True,84de6b09ac48041c90c80cfcb8a56312d30cd175a6d82e08fa59c0dc4a2a0968,0a9d01000ed33015a0a0a8a5c46d0b63db5f629232b7f3e83ac1b93e41cee675,True
alw_coc_d01000_n128_d16,True,True,True,True,65f1f1886d5611b7ad626ed29e5def046646383109b21f8c020316208a9c1d22,6b2e7df395bf138f8bcff4386277d54abcc28d31f87d7ea7b6967dbe2aea1af6,True
alw_coc_d01000_n256_d16,True,True,True,True,ef6ed142ddbf2415d03b48ae7fb99e42bbb8f40284647aead30ba20e6fb8e8c1,736758b20a390152fc0bae1758dcac6bf515abb93d26cdd664160bcc61a401b1,True
alw_coc_d02000_n128_d16,True,True,True,True,0adab73bf8ff837aa029b5f20bddb36235f4e20ae397a7f8cc76eb6bfd5e29d9,f83de149726c672b302c797978c3f4a939d1d9650ba562cd1ef30b5db8b9a161,True
alw_coc_d02000_n256_d16,True,True,True,True,c61353f3344d1c3e00a585dcdea0a579f6ebcbbb9a98850032ec73192436d9c7,936f7e58ceb92f84137bc6ee7726c540528c038182e06edab9d16afae185b9bc,True
alw_coc_d04000_n256_d16,True,True,True,True,11cbfafa9ebd40ed230d1606744cb3bffb34adb10aa968d3328c6635a6fdf055,405efd4ce0e12f118f1067c572df5fa3a3102aae99d74e371cf19e880b13a5a5,True
alw_coc_d08000_n256_d14,True,True,True,True,808fa2f9d209eabdcf09b5aee1bf8b3c77e489b73cb793b2f1d156e88a5903ea,e773b7677025cb0737b9a156609842592281818b3eac00dd43adbff6c8a7f821,True
alw_coc_d16000_n256_d14,True,True,True,True,6a9841e493fd574997713ace1f1ee789c6496594fba2c3882bca87e666f9d8c0,ddff331d38e95810e8a537c1534202f56cebb1eef697bbc0c4a5071f1711f7d4,True
alw_nbh_k0_n064_d20,True,True,True,True,acc08ffc219b3a2337c4ccb76bdaeba7b4fc6c65e701e61c10e799d04e78c1b7,f65902028552b4065d8d2802e5640fbc7f0f6ff179abf91a7106a59719253190,True
alw_nbh_k1_n128_d18,True,True,True,True,d5df19d06c57f0d342063c7ce521fbb003fbc8dd78ee874bbc1a153ebfb9b4d0,20cfce8b83d8613c9c8ca4c52efdb17e662e12f30e19489d4205c7fd68eb6ec1,True
alw_nbh_k1_n256_d18,True,True,True,True,e17da2f94329dc82cbf7f94c7652ed49aa1c5e640f6e580a320dbb9d5d072e05,166e535b17548de3ed3dace0bb32b73df102a39c1c9000752681a9b5ba3525ed,True
alw_nbh_k2_n256_d16,True,True,True,True,1a69fc5f5290008e1b5e320839c82ef1a7814df3fdc60a872de8e3903375392f,bb15e70b1a72324b8e0477560718024684510425d04333c10514571674f68e44,True
alw_nbh_k3_n128_d14,True,True,True,True,ccf2738f7fdcf574a7d57a990848dcb4b6745b26588603b6154e0ff2e55b1714,0fe70989dd9dd3057e5af2bff7e76fa4791b8896420eee1887307060fdc1f97e,True
alw_nbh_k3_n256_d16,True,True,True,True,1c97e1c64270da00291f0611b030f0f9d19b7b53feeae3ed63eebd0b9e6fb820,894927eb19d1ae83917563b23de34817ded95a40131ef68d217014193793a878,True
alw_nbh_k4_n256_d16,True,True,True,True,4af0a2060e797dbd9e1aba20b7c856f1bd1b42501fa8ca552cbdd878d0cc165b,6b78ace0ee33aa1d0c381dbce5221092fc26fd154c7c63782fd57b142c4421df,True
alw_rung_d16,True,True,True,True,ca384cff0273a3e56783361ff0b91ebd7b643c7116ad102c0cc79842917ae793,5f176c887fdc74d9fa1e2d0d8994a979a6fed879e56cdb451c6b50a765f9a890,True
alw_win_w05_n008_d08,True,True,True,True,20e7df64e1906548bb01d4ed7bd98bc7b976a1794641426bf04f1c8a2bee07b4,139e1d363a43031cc53a72e7863d482c2b8b9b9820cce4e1746e8eb995d2f767,True
alw_win_w05_n016_d08,True,True,True,True,83bcb0cf6100020568587e8107e43ab8daa74ff6f1bd8338a8cbcfac6dbb5834,da7316eea29e8354582197429ade38cee1d3d144920c16eb463ee8b64b829c6a,True
alw_win_w05_n032_d08,True,True,True,True,005c72eda61b6ddbb29e431e136b44b46efa059b39881e7c0877066147f997f3,3f679ea6b8d169df614f128be26fff3790a04f2a2c10f6478045e2b5d210a6e8,True
alw_win_w05_n064_d12,True,True,True,True,810fc317b88597085c4950db74b0bed68766b78a31aa9ceedf48a0fbc8d87ee5,7466d09059a3c9b9d4548481e0b35e08aa5fa8307fd86432a0f80e4e61c93550,True
alw_win_w10_n064_d12,True,True,True,True,0c633020bf485132551acb13f95e5c27faea102638dea91e7300d685d21ba84d,38ae98d4ce6e53b438c7353075b4c99bcc37bc21dc587b1bd422fd93ee657b49,True
alw_win_w10_n128_d12,True,True,True,True,65fd29cef7ab1f1e6641816570926ddfed2a4eaad7888e8c6ba6ca159c84411a,d52acfca65136f564a3ea37b7cee850969821f7b5795b0c44d6f9da2f240bea9,True
alw_win_w20_n128_d16,True,True,True,True,7322022c8659dd5e0264197ad7d2be01a99a275ef3b807cb7c72d7d565cf25b9,85f5d425a26a75534f3b82364061f4b1982ba846a3485c34f9b777bc868f5098,True
alw_win_w20_n256_d18,True,True,True,True,8adfa046ea28d1880a6a445c57a47caf60cc5a65ff8245519b66b6aa1406cbbc,941d91c92bde5922502efe965c87cf8682033b1e707242e3e6b10564adbace8e,True
alw_win_w40_n256_d16,True,True,True,True,cf09c26a848e142de10da6a298d14a61214d9947805a19ae79dd88eab71b9470,54686f4654286f1eccf0a3f5796f63fbcc0fafa5e8f82dbe0266c9fdbc02be95,True
alw_win_w80_n512_d16,True,True,True,True,1f3485cf6fbf4c198d95c152dd1fc3fb7cff6e664960a6e2defa467b1efe9751,c3a0405c88497a39a01d6bfbaab06ec4cbee4ec2f26daa51707e2aaf61df7e83,True
never_escalate,True,True,True,True,ef9145f81632c10bd93d0253636ad6ab70fa0d3a0b5b7990729303d4ac3a32d5,3fa18edd31bd14a7e87b6a966a0d62084e8c31921c6cbea4e2e360eb3c210b54,True
oracle_escalation_privileged,True,True,True,True,e704f989d8e22eb72b4c40b7a0c17f4983696928e7445456546cfa75dec10bb6,f07589c411ee12ccec4665915c38546961927083005f5985287218ae7c2f533a,True
oracle_selection_context_d16_privileged,True,True,True,True,7bf13b5b998af8ac5b134a5e9544509133672212bc40aee1c7477addd9dec661,a128a0b20a145c9c3be2706a6e3ab146be0a6e287638f5185b78a9c71075db17,True
sel_coc_d00250_n064_privileged,True,True,True,True,4d45328e0a574d0ee16d3f3b478763531eec781bf4d2361389ae3d0e60a714fd,6a03a24fbc0f5c713216b3ddd827133791115deba800a08dae90364fb710b6f0,True
sel_coc_d00250_n128_privileged,True,True,True,True,eafe2b83403976e636b445ea9c948c7c85c0d55ed7acdb2a37a144daa0ec3d0d,e8dc570af43d833c9a436c3d0fda2624f16d94ad219376faaa12d19b64b7eb3d,True
sel_coc_d00250_n256_privileged,True,True,True,True,62ae58593303b64462d7386f157f0db2f907d6862ea0fae125aae9c4bc279e6e,eb3d6d6c134fffdf169a6281bf1ba4324791573a6b5274fef3cd90bbb07f3f0b,True
sel_coc_d00500_n256_privileged,True,True,True,True,98dcad15f7150e57f1453d8a4b0a5d5da18c5e5c7f9fddcd00aa0147cb513c46,38557b47c1a7b6066274bffd16656cd071f91417e9d5414843f397cb40d86490,True
sel_coc_d01000_n128_privileged,True,True,True,True,bfe09ad14bfb524009ace7b2d17b152d2bd16ae92efc8728e927a298c580c8e8,71f78842e3b0185aa1ba75b6a18b107ed272eabc69083d1d1aeeb86683082353,True
sel_coc_d01000_n256_privileged,True,True,True,True,bdd3d79e265a8d06029d538d05d143c3bb456c9190c282ce2a1d5e4d353c4f6c,5eababbaef093ccf8f8e9efab860cb637b178d4a699b2abf10959c2ed0e730e6,True
sel_coc_d02000_n128_privileged,True,True,True,True,b5fa48fde7e549ce4dcacd1f59f619fb016d2ef19bfb2a42f6bf5a3cfe6cb8f5,1e6fd68664ff453902aafe56491029202c74bf9242045f94e5c339b705b7478f,True
sel_coc_d02000_n256_privileged,True,True,True,True,025929f5d4780206ab53b55155aba4d9cc63ef9c1000f38284cf4a59b7af675b,a309349ceb78b3401a03a33003a6f545db165e4024a27675ac4d3ecb2f14666a,True
sel_coc_d04000_n256_privileged,True,True,True,True,5fc83b4ce04fb871f55579f9d53b55f383ac64ed14753542c135daadeeef292b,6b9f007c9e44678aacc8baf65cf8dee53e5ec6682d4b75e8dcc3ccb0a2237f9f,True
sel_coc_d08000_n256_privileged,True,True,True,True,63b40680583d76c8b9433f204980da4a11e6e4ddedee97abe9bf0a3d931a9224,35a4d73d654e0f114d9992bf58712f4d3411e85c05b19a4ae67e6aa6f09e11d5,True
sel_coc_d16000_n256_privileged,True,True,True,True,4f7e91f5ddfcaef6a8bd3f93e8665f2a24187b961aea80d26bc15866b7c99bed,b2259ea8ee8e52c8d1e91fdab851686ae48ff14abca833920c3df5de4d68d94c,True
sel_nbh_k0_n064_privileged,True,True,True,True,29d5889aac2e508445a52c736c15ceab78d170e98519a274cecca094dd91c979,2272aaf7e45f49062de0f53ddc8b18258fc084831b0f5aa5eaf29290927f9893,True
sel_nbh_k1_n128_privileged,True,True,True,True,c0e8032dc43578458d13f9020a52551438f432e52e01c54e99664ca813ce057e,e9d968443e216821f3a94af279684e63e96ca6ad54404ba771685689aae7b2a6,True
sel_nbh_k1_n256_privileged,True,True,True,True,951e88ae04bc6e1ac4b0347c98fde60c4666cb9193aa4693a5378193d7e6d84f,feb0e57b969a144e19e06dfe1458bc030759beb5b2423338b68e69ac569a6928,True
sel_nbh_k2_n256_privileged,True,True,True,True,cf3faa40e1153d83662d072695c2494fa5d472d1cea093dc6b5cb0539e9a0c5f,efa954a8cef859737d7faefa32ea78d7e075525be4f290cf4cc7bc9a6842b419,True
sel_nbh_k3_n128_privileged,True,True,True,True,764972e240eadaedd87609c71085b341592bb4e781c8424b43cbc1b0f54908e3,98445db49893e7df24ca7b178cf5465e8e61412989cc47de0ef45bc6d5244b27,True
sel_nbh_k3_n256_privileged,True,True,True,True,ccacfe3b2f3bafad14b7f73648c9dee1e082cd4c55f2da9d6486779c6afa96f2,e02964d615ed85e987f6108ea8a19b036bdafb61698daa46c8f2ff5680306be8,True
sel_nbh_k4_n256_privileged,True,True,True,True,43c6dcbcb6d016d74cae44bd8a09d243eb0f1135c7744d75df5fa0fb3097d292,a19c27f6ee92915deb217e90d71485082881e32b4cf410eea909b8448cc5d92f,True
sel_rung_privileged,True,True,True,True,53f1b32f1b31a2b6727a057a0b03d18fa80de9943278630dae3d99056eaa4006,c6811d2db177be1de566cd97bb6083f7f27dd84bd87b377c4e46af0408beb6df,True
sel_win_w05_n008_privileged,True,True,True,True,5a22038c7083f959eeef97b28051e164d923573ac197dd4014008b597bda4a2d,d3eed92d8f5368f40519c1585e3934da05ecf08c87b8193c20461268039aa922,True
sel_win_w05_n016_privileged,True,True,True,True,096f421b72514999bfe06a53b1d7339c3ed3dbca718c3d9ec8b9764a95a34bc9,78315b1f26866e10788184cc7b8a9a34fb7543b1346d5a4304aca7f986a50e43,True
sel_win_w05_n032_privileged,True,True,True,True,a50dc50a6c22d9fabc3dcc59d8690e5f9d73c265742204ff054afa63e4cb8c15,965e1f4f432a2a2ce5b6eaa032094f2eb54059a2a0662e769ec240c99d2d8850,True
sel_win_w05_n064_privileged,True,True,True,True,c82c3c3901019590a8521c1082ae30a88a14389eb39eaf50553a8106a0f8edc8,e414aefe7f1ee669b2bc36cb465c12991096390b9180a242861ca0a5916bc4bb,True
sel_win_w10_n064_privileged,True,True,True,True,fac392add0d49b79ae34b7b7b1502989240008e08edf02c6318820fdac38913d,bbba3b5c6340a905db227a4f9cbc70b800fa7ddf5b87d94a9dc7ce3526877c62,True
sel_win_w10_n128_privileged,True,True,True,True,5d844089436758e22d7963b01658a9976bc6d0e08ff344b047a924146f7e1516,c28291d89e2ce0fc081ce38b9b4c6f44406193e31c37eaef2780865fa03c7299,True
sel_win_w20_n128_privileged,True,True,True,True,fb5e21ad832a80a57f3fad2bb6a19a84c221befe8583e19a38ebc79b2fb45930,c59f9280f5dc8180ebe0f58bf2407aa520b19a8849f976bf1e6331e17c0b0ec6,True
sel_win_w20_n256_privileged,True,True,True,True,037246c13722cfbfd7151d1fece1713c2c03d47caab22aaa0498d00ce8df93ee,c0450b30fed05a564d692bc6429fafcd19f5f4a0f2643a298ca875796ddf33d0,True
sel_win_w40_n256_privileged,True,True,True,True,ac57de1faf2694fa1650e78ab60b70ecd0783d056db3ddb0b23fc23ef494f327,15eb8ac03ae2ce88349eb0292405c5f3cffa9ef0ff21776806671892f14f3f53,True
sel_win_w80_n512_privileged,True,True,True,True,0fe91ed2501793d0cabfb53bdd4a70bc50ad5d1aec5fbf268400ba97039757d1,5a072f9c34944a98e41a3a8fe5b98dbc9f91f7006e85b0a158599ceaeddbb234,True
