set,n_incidents,level,correct,A,boot_lo,boot_hi
hard,28,0,26,0.928571,0.857143,1
hard,28,50,20,0.714286,0.571429,0.857143
hard,28,100,14,0.5,0.357143,0.642857
hard,28,200,12,0.428571,0.285714,0.571429
hard,28,400,10,0.357143,0.214286,0.5
hard,28,control,2,0.0714286,0,0.142857
hard,28,delta_hat [90%],,0.441,0.2365,0.877
plain,10,0,10,1,1,1
plain,10,50,8,0.8,0.6,1
plain,10,100,7,0.7,0.5,0.9
plain,10,200,6,0.6,0.3,0.8
plain,10,400,3,0.3,0.1,0.6
plain,10,control,1,0.1,0,0.3
plain,10,delta_hat [90%],,0.357,0.158,0.8235
