tier,level,wrong_answers,measure,count,share_of_wrong
hard,50,19,trace_cites_a_lookalike_ff,11,0.5789473684210527
hard,50,19,lookalike_ff,8,0.42105263157894735
hard,50,19,only_own,8,0.42105263157894735
hard,50,19,full_own,19,1.0
hard,50,19,lookalike_ff_or_only_own,8,0.42105263157894735
hard,100,30,trace_cites_a_lookalike_ff,19,0.6333333333333333
hard,100,30,lookalike_ff,18,0.6
hard,100,30,only_own,21,0.7
hard,100,30,full_own,30,1.0
hard,100,30,lookalike_ff_or_only_own,21,0.7
hard,200,27,trace_cites_a_lookalike_ff,25,0.9259259259259259
hard,200,27,lookalike_ff,19,0.7037037037037037
hard,200,27,only_own,19,0.7037037037037037
hard,200,27,full_own,26,0.9629629629629629
hard,200,27,lookalike_ff_or_only_own,19,0.7037037037037037
hard,400,21,trace_cites_a_lookalike_ff,20,0.9523809523809523
hard,400,21,lookalike_ff,17,0.8095238095238095
hard,400,21,only_own,20,0.9523809523809523
hard,400,21,full_own,16,0.7619047619047619
hard,400,21,lookalike_ff_or_only_own,20,0.9523809523809523
plain,50,3,trace_cites_a_lookalike_ff,2,0.6666666666666666
plain,50,3,lookalike_ff,0,0.0
plain,50,3,only_own,0,0.0
plain,50,3,full_own,0,0.0
plain,50,3,lookalike_ff_or_only_own,0,0.0
plain,100,4,trace_cites_a_lookalike_ff,4,1.0
plain,100,4,lookalike_ff,1,0.25
plain,100,4,only_own,1,0.25
plain,100,4,full_own,0,0.0
plain,100,4,lookalike_ff_or_only_own,1,0.25
plain,200,6,trace_cites_a_lookalike_ff,6,1.0
plain,200,6,lookalike_ff,3,0.5
plain,200,6,only_own,3,0.5
plain,200,6,full_own,0,0.0
plain,200,6,lookalike_ff_or_only_own,3,0.5
plain,400,9,trace_cites_a_lookalike_ff,9,1.0
plain,400,9,lookalike_ff,5,0.5555555555555556
plain,400,9,only_own,6,0.6666666666666666
plain,400,9,full_own,0,0.0
plain,400,9,lookalike_ff_or_only_own,6,0.6666666666666666
