dir,arm,results_sha256,incidents_sha256
r9-heldout-b5-rho0.7-d0.0055,oracle_escalation_privileged,feceb85625f6f71abf171a813ccbdc1c8069b21e5dd3ce55a4451f41216e3cc0,2300cfe9ac8ce048ce949c507835e6ab1ddf8e012ccd03a008ab8fb230b35adc
r9-heldout-b5-rho0.7-d0.0055,oracle_selection_context_d16_privileged,4cda8a80469b378f81d286f6284de68fa668e175378b5bef149539b0dd0a1788,9e885f27ee7421d3c3d74cb9b0f723132867cab052d5a462518d3bc612eee845
r9-heldout-b5-rho0.7-d0.0055,sel_coc_d02000_n256_privileged,fe987a679943fa1de0602941f66850314482b9aee7368c0c2dc2ab8b4900f36a,a4d006904bb102e408a420cee4ab44f1c3393400cdaae1f81d5ae6a4b79b0f37
r9-heldout-b5-rho0.7-d0.0055,sel_coc_d04000_n256_privileged,5b9b4a41b84cb924e8366b510dbaae572fe5732d9667210696417cd70de56e1a,5d5fce54de3d73de17d681ee601c3d8ca0a45099841fbb5cc5b3c8a54656f83f
r9-heldout-b5-rho0.7-d0.0055,sel_coc_d08000_n256_privileged,e2fdff19730cec0618d3a315caefddf19fed4c468c19c8629ff370e45f3ae285,b5629f6f7d7f66944f219a969032b08d9082bcac993630b738ff3161f061cc29
r9-heldout-b5-rho0.7-d0.0055,sel_coc_d16000_n256_privileged,b4ac05d5930a5933eda6e613035cce59021b560a3d2e2af652ee3687a21e763f,d4c03561fe7ccfec5793d26ed453113beff52909a1f4b76a0a9257644e4b61c3
r9-heldout-b5-rho0.7-d0.0055,sel_nbh_k2_n256_privileged,9db2f2a33e28faeba7f5db7bef1e64fd8102bd340971486a295d1e24c4cd86bd,32e26eff1b19477813e5e9337eb85cbdfa24a9c55b8cf9b323f2a422575695be
r9-heldout-b5-rho0.7-d0.0055,sel_nbh_k3_n128_privileged,218c53dc5535160cc1b5b688897a72207f1ab9781b3afb9012c4e20ff85acccc,aa66d161ca4a39b2283be4b527f5f2512ad85802e6ab34a51f1707e06b7e1848
r9-heldout-b5-rho0.7-d0.0055,sel_nbh_k3_n256_privileged,d9a92dd3bb588c41db8c3145db1cc3cb80adebf9f56c5b9d2ed1648bde1175b7,e91eb902f12bc004e4c4a5fa6004d922e5d9994c222df3bad241dbdeadaabdd1
r9-heldout-b5-rho0.7-d0.0055,sel_nbh_k4_n256_privileged,b9078b4cd06704dbbd62ef6335ed2f06fa8899c1a1907a6a7b01442d4483634a,ce401afc4848e197435902a619e3ea80733ac1f4abac16d72662c33208597dca
r9-heldout-b5-rho0.7-d0.0055,sel_rung_privileged,17656b799b9b3da35b16573556966a798eebbf39c57966c584a1303ceadbce11,2077ccba36c8c0235daac854b4e6baf051629fe0ecbf5531821c625e1b361179
r9-heldout-b5-rho0.7-d0.0055,sel_win_w20_n128_privileged,67e4cf33fbb8fd5441736cb143f86604f36fc4481249e6b0114a8a4750b32be4,d64e8011e016ae7b2f4bb85236a2efafea132e273f392983db257b740a0d504d
r9-heldout-b5-rho0.7-d0.0055,sel_win_w20_n256_privileged,e38c60a4db76ebe4dde20836c1ed83b4c911d4f7fa88075f85bc300ef4d0f42a,a02f376692630f41ac76996ec2b8efe802909c76775e9b71bf3bf657ef1bcd81
r9-heldout-b5-rho0.7-d0.0055,sel_win_w40_n256_privileged,1dcfa314f2abb36f7a8f12b3ae2024275986d6b0736be893dd71c6b950aa26c4,39db96bf43c2206844f79304a13de3302abd367851334ba564a6c410b011ee36
r9-heldout-b5-rho0.7-d0.0055,sel_win_w80_n512_privileged,ddff95edcb302cd4b7b344b4565792d01bd201abed9cae8ad794492f3ed1b122,c35e27ff4ec05c575d579b67f6ac3d65a2020f9f403cc59db3c260fbaf83f79b
r9-heldout-b5-rho0.7-d0.0135,oracle_escalation_privileged,935de98ce829c020e22b9f8aace277def06f1ec5a93a900cd67acd7cf977f331,9370d2b39ade4b9ef46928b0b9f0c810616d7c2845f10159c0df41fdd717aa1c
r9-heldout-b5-rho0.7-d0.0135,oracle_selection_context_d16_privileged,81a7afcfbab5972baf333537abf1ad4244fd11f0572fc804a5385a0b20883644,2c7f99b99e085d8f55b165801acfe55c079ce64026734224ac2704137b79fc71
r9-heldout-b5-rho0.7-d0.0135,sel_coc_d02000_n256_privileged,6d34682a5fb5c9b61e711d93e653cd3c3aff1b0aaabd31ffc15e882dee8e1c9e,91c38c6de18d9c43bf4e3409d2757f724f04a3c09b5a50c2d853d490338d2612
r9-heldout-b5-rho0.7-d0.0135,sel_coc_d04000_n256_privileged,8ff90594b52faaf155e04130801107e09d3603f0a8eeb714d3cf9a9ad6ab5aa2,87d2294521d22be0c9351cd4a92735e6d32bcd9da23249d4d20e43e384be10e5
r9-heldout-b5-rho0.7-d0.0135,sel_coc_d08000_n256_privileged,8a32518005a17d05b55dd8ea4c53dffb963c77171338e2c151ab98e0b322aff3,24d615c0e7d2dae75836fdd6aa55821501223c22e8d5cc628a06c0530bf8c5e3
r9-heldout-b5-rho0.7-d0.0135,sel_coc_d16000_n256_privileged,eaae42888ba68bec0a049a7f859d06a6de0d1dc387b09dff96d0022df19faecd,c872083f97f6c611d808c727f501cd9cff00f02383c550d3ebf0feebb8ea18ff
r9-heldout-b5-rho0.7-d0.0135,sel_nbh_k2_n256_privileged,9cd013292dd118ee8afabb585182bac03bd8ce5efad74f4d780058ce9130b41c,6d8423727d511a3a1ff069cb7c2677cabb958ca2b90110384095d2a69858c675
r9-heldout-b5-rho0.7-d0.0135,sel_nbh_k3_n128_privileged,e0c944751f5717114749a67a1a42865f0d7ed617e73204b820743dd0dc62a23c,c054a9ed508fed945ad5fe3021ff621fc165423e52a251bcd750057d501e8441
r9-heldout-b5-rho0.7-d0.0135,sel_nbh_k3_n256_privileged,5064bb7b2f4d030e8cdd7e85fa0fe0483ffbabbe5c5af1da9ef91260f17949d2,19bb7144978f6718c837e4c7055aa00f0e9b9d387d4a8f3d6a5d0f58df2b6de6
r9-heldout-b5-rho0.7-d0.0135,sel_nbh_k4_n256_privileged,5aa3fcdcb7e4e63c4ec42cff546e911907eccc7c16e3b3fcfc62bbc23602cd53,b547f32d62ac9eb37d3f86401c9cbe2f6a654d6a51adeba30ffb8f16ca23cd09
r9-heldout-b5-rho0.7-d0.0135,sel_rung_privileged,2b8e4a2f9880dc2ea2ec0607462c5adabbd9eb4158ca5e01908f87d4e6c8745a,afe16fb406fed770774b35dbae06bfd58a937093b1eed9a0bf99ff286549c0c0
r9-heldout-b5-rho0.7-d0.0135,sel_win_w20_n256_privileged,4972c2190766a015c4f573f8689fdc327282fe0b1e52cfacf6f6ca659597e742,78dab61fca475b20f005d70a09cc7e2e695c968d1cfe3e882d236afa343e5b76
r9-heldout-b5-rho0.7-d0.0135,sel_win_w40_n256_privileged,65c76bc69bd029d5ffd0821d478a3adab5d4570c30a5a04c8d637a524dd815ad,d7ab68891a2e02270889cc8c6779ea72cafdf3df862c71466e71e14c4714c68c
r9-heldout-b5-rho0.7-d0.0135,sel_win_w40_n512_privileged,e8d7ab848c77d5b9931e57238df827d3158fd6a29ed303ba25e056916a91e3b7,0775206dfb3e4c04797c31bd5ae2425c926316501541be6ec3007b512e76da1b
r9-heldout-b5-rho0.7-d0.0135,sel_win_w80_n512_privileged,089a38098af12c69055737ce6e2dcd1389701cc77f5ea4e906afd0fe6bf1c46a,8e021e1ca85cffddfad1059e22f22d8dbf80e02f0e2935a2d337948c83ea693a
r9-heldout-b5-rho0.7-d0.0225,oracle_escalation_privileged,4b6560870d83176516a7cbae5de90cf22dea3102cd6064a90262f3673f6f4792,3fe709e270590e6c6686cdf590cf70f9e779ad2f2c7899e10aff3721a3dec8e1
r9-heldout-b5-rho0.7-d0.0225,oracle_selection_context_d16_privileged,a475c40b312f431021726496aa03bfe3149394e5999c7fd52236f1c6d833bba1,7fdbb0f9738c648237a7cf6d63c564f1ff0a88c93ce2c39baafb01518114ed40
r9-heldout-b5-rho0.7-d0.0225,sel_coc_d02000_n256_privileged,ab5658a27dc1cb150e2e7789c64a335d015c48bcad703c09cb7c6db4a14f4d28,24988533df1a837ea70267c9ddfde72f98fcad95f3071e729d5f0292fc82fb97
r9-heldout-b5-rho0.7-d0.0225,sel_coc_d04000_n256_privileged,e578b46287dcbe658b10e7f5fd2dd07af86d0675cddb2c76d75b7a8422153e1f,7f9640795702db3d792f11facb4557ab71ca49341c520ee76a52ff83244fc54d
r9-heldout-b5-rho0.7-d0.0225,sel_coc_d08000_n256_privileged,33860a3b6545adf864fddcce431538aaae55a70e3dedd6a9ec5aaa3a2c978317,664413504dbc43ebdba8a289c7bdea334175f75885ac432accff35b59a090965
r9-heldout-b5-rho0.7-d0.0225,sel_coc_d16000_n256_privileged,15bdabecd369cc71861aa33f4779e445f34b19c77941afcdfd2a7a73ffd5eb99,220e63ef9f969f04601a18802155654d4c5b8ddc10d38b769fb27d06d8aa3e0a
r9-heldout-b5-rho0.7-d0.0225,sel_nbh_k1_n256_privileged,39b46a4bb611c1b0bfe3846875d5d00a2a1e306197ff9fe374c7bfc3e8e64b1a,9c012774e3f7f6a48cc1b407c2c04d5fd91c5e91cb70443bbe99f3fc8b8aa360
r9-heldout-b5-rho0.7-d0.0225,sel_nbh_k2_n256_privileged,33394ab25c0635d0aa11d24d82956703d052c894fe38a9600010a50768f7b0b0,660c2f9a27654e380fd6c1489588cee481f54348ee1c4a812e84de8208cb1daa
r9-heldout-b5-rho0.7-d0.0225,sel_nbh_k3_n256_privileged,934a11505a5ce5884ebd68fb1374de21b68bcf9e2d8d40785627c36b1b5e7924,4cfaa4675919f5d9d18cff1ed20dc4f9eb0387b8da570b80193eabebe12222f2
r9-heldout-b5-rho0.7-d0.0225,sel_nbh_k4_n256_privileged,8392332a7905135f20283a6351c88fe808d1de85fc46e96383974f16b0028579,20ceb9b5016a1381cd3275214c1d3c2e7ca1e004a85d54b2f168f1aa6e75a574
r9-heldout-b5-rho0.7-d0.0225,sel_rung_privileged,90b0a8d81e4d22a6aba11f3c1ffb9d323b253c4de628780669a556a038320b88,74a5f4705371bbc71061f00c9701e99c69114c86977d3f60fa9a38504c31206d
r9-heldout-b5-rho0.7-d0.0225,sel_win_w20_n256_privileged,d6ca14a560c61a9bc08fc1064d78bddaed00ea830f3f8b10526ef6ee7bc01553,4f1aa5f30d0234a36bd9acdde3b10120750629a2cb463238e6e4f2df48cb4a72
r9-heldout-b5-rho0.7-d0.0225,sel_win_w40_n256_privileged,2f32a87a697b0dd906cf9c785deb0c3b59d63aca2a4ba0f7b9c8bab21c837bd6,c8cc0150d4a024399477414da20794b9300924da83ca279e9c7931ce37e69e89
r9-heldout-b5-rho0.7-d0.0225,sel_win_w40_n512_privileged,aa93227ba216f22ecaa8b31c13f0a4610e28aa17a6c051aacd6a08cc6c4af77c,4187252b1eb302f4e13103396f93b0056e060ec2d7cf1d0311e872bba6a4afa9
r9-heldout-b5-rho0.7-d0.0225,sel_win_w80_n512_privileged,66191b1d952163f866970ca458393e9e9ca2d348ff693332986f9ee522866eea,ac0bb3708abf2f0e56624cd7ae32844cd214a83ab08d2d63a39cb05d6672f603
r9-tune-b5-rho0.7-d0.0055,oracle_escalation_privileged,26722c55a9afa748ce9f17d7a1af91c7666bc3f93b24919d2f5d8c5f20061669,333ffd552dffc208427fd39fe1702cb2f89bc3e0ec1bc05d328bddf0d08d0467
r9-tune-b5-rho0.7-d0.0055,oracle_selection_context_d16_privileged,ca3a30356b6a90dfee3c3d323d1414a4ca9b66195e39dde95e2de5dcc51e439f,b3275c3ec9eee4454e7bff60a71a1e73bb7c909be698dd47d73cc3d9f2c1fac6
r9-tune-b5-rho0.7-d0.0055,sel_coc_d00250_n064_privileged,30caa0fdac72dc21d72dfaff44e09c4d029f5fee7fb12d2c814e91f3ff50d815,f29bb81b489fe8bba2f9871c1e1c5c29ae87771f46436417a483d008c11b4dc8
r9-tune-b5-rho0.7-d0.0055,sel_coc_d00250_n128_privileged,1da03e12e123cbbcfcf57b1789e5106c3ece1d54a9c39a298c5d81ccf397105e,f6bc1a5efccd03870407085ed2ef17c39631f98c168f256fa4a1548e30f04f27
r9-tune-b5-rho0.7-d0.0055,sel_coc_d00250_n256_privileged,f86dea373b15ef88b3fa03fab4544833eacc4ba64ea76a2372948bb52d11f700,ac2d943abebd414aaf229ca182ac629ed43af8ab5375f6a1b93cee6889536efa
r9-tune-b5-rho0.7-d0.0055,sel_coc_d00500_n064_privileged,b93b1bc5fbc44cbf41254fdc7940685d8c5f6433021b66d42dffcc3c23a1ed3e,fee8ee443a64738b68d56409ba6794e5520241bf970549b34aa744834129c8d7
r9-tune-b5-rho0.7-d0.0055,sel_coc_d00500_n128_privileged,1dc7337cecf5ada461c3a452b371dbdadafba1e2eefccc2247aa6539c2d47be0,6b521e5ae0c69e2dcb8076ad985c315740b1e0ce1b50b24b20def085a7163228
r9-tune-b5-rho0.7-d0.0055,sel_coc_d00500_n256_privileged,70f45d39f928a564ceb197d96082dbc7db542f57923a89b80b47baeb64511e2d,2601b99786115fc6595b0d4ce18a3243f772768b46c9c4917f10cd039956ebbe
r9-tune-b5-rho0.7-d0.0055,sel_coc_d01000_n064_privileged,db9a493be7924701a1e9cbfdea27361e99252ddee68e75f853f742e05e09584b,06ade5d096370e9508760a85ef7c14fac65a6db489e020b16138b33d4acf6e32
r9-tune-b5-rho0.7-d0.0055,sel_coc_d01000_n128_privileged,2741b2989dc72b34bdd475bebe540dd99fed69684463d10c6e39c776d29feb66,de34bb1adee5e5b194a7aa1423a1308b7617cfd889d2d462fee8acb14893426d
r9-tune-b5-rho0.7-d0.0055,sel_coc_d01000_n256_privileged,78e10b6dc06248fb94da445821e73ba45e4b6209a893a43c1f2be1465b3e61b7,916227c6ca0e635f8d5f8e6695ee28587408dca03b41022b44e4e1b5800d29e1
r9-tune-b5-rho0.7-d0.0055,sel_coc_d02000_n064_privileged,1b77ca3149d5f61f4e6eac3200ea671de1d2da360e6b26f49e15f42833681b99,e3dd3684b554bf1a4b1be5b981459a251a0908b333230b9adda7a5432dd4a0ae
r9-tune-b5-rho0.7-d0.0055,sel_coc_d02000_n128_privileged,cea2f992ff8f6127b6a81f6e4f2ef0c8de7d949162ea87a2c1cb2ec4537918bf,51d60836e1dff8c86e620b81c23987d8943c83ab3a2a6c61d69ccb2c51165cba
r9-tune-b5-rho0.7-d0.0055,sel_coc_d02000_n256_privileged,ffb8d4f288ce1027cadd0e0daab9b15b8f9d2833e3619dc0f1142d7f250262fc,b8616023adcacc0aa20350e2efa9de55ab71f6c032e87b1281d2b72732e6ac4e
r9-tune-b5-rho0.7-d0.0055,sel_coc_d04000_n064_privileged,b6a48800e07e1c48bee1e41e931d9ff9e7be074932b86da14508809f056b8831,a6a874dd13b697a5c6e8f5b9504b26f8c202c6e167d4cc6bbdb51e0cf7cb7c4e
r9-tune-b5-rho0.7-d0.0055,sel_coc_d04000_n128_privileged,7b334475ac5cd830f593d6342f83699479433ff3fc8c6ba5dedd0a7acae0dd0a,9d939d2f897be1d0ae7546df89b9f1a79a910d5ce5f559d5fad83d7543719007
r9-tune-b5-rho0.7-d0.0055,sel_coc_d04000_n256_privileged,b138ef135bc96d8e3e62a283686b1a1daac048e74be3f9b9346add716999e07f,f42c117e5beacd97f99edea33e24d9f99d637171500990ab295c14e33d8efbea
r9-tune-b5-rho0.7-d0.0055,sel_coc_d08000_n064_privileged,f1d4876149bc9e318d3820985abb477000b0385f74afbf3bfab7aa5fb1f7b7cb,33d4388b6bf97336aeffbe360d45578ed9f6f5ac769195c21ba00b4806b87da9
r9-tune-b5-rho0.7-d0.0055,sel_coc_d08000_n128_privileged,dcacd4bd1231aa0f53f3a746e6907f79ca2d11330cc9e56bb451f9bf4d43b568,32c40e4a9ad32621367a4919109e995ba7a0f56a605a9d0d89a9e450223af1a8
r9-tune-b5-rho0.7-d0.0055,sel_coc_d08000_n256_privileged,d2247864c3359785c194e151f777aff4d019f8bb0cc82d5d3abeaa2042e5b74a,6249e11f554f2d9f54d0588dfeb4f52c294495190f658977ebdcd494131a8574
r9-tune-b5-rho0.7-d0.0055,sel_coc_d16000_n064_privileged,9efbeceaa60dd0f994941d339d5673cdd62c059a12ee75d1dd5817c5a091125b,03f48f4208c1383528f2e0af61d10f5d211beb56e9e0ec36802ca07fad4bdb13
r9-tune-b5-rho0.7-d0.0055,sel_coc_d16000_n128_privileged,7e762c1d4fd1992551add625442568de5d61a99a611be003705ea586da3ba24b,21129faf709e43352081add5c87280d666044568926a617b5a2779351f56b4da
r9-tune-b5-rho0.7-d0.0055,sel_coc_d16000_n256_privileged,b805a42a87cd7d84b8a07e681cce2dbbf10ba901233b76a8b0e9ae2f58ea00b0,e3341336a5a7f8f33ad2dac85f8b82a3a0e72c3d0f5c28af91a9c176ba70df91
r9-tune-b5-rho0.7-d0.0055,sel_nbh_k0_n064_privileged,8bcae965ab14ff3f6f795e8803eca44ea53a6aae311a92723ff33f2c8d1db7f1,a70c6e2b40c043b6ef07e821763ef2cb08b05938aecdc2151b0371d346a00065
r9-tune-b5-rho0.7-d0.0055,sel_nbh_k0_n128_privileged,21855062289ec6ff8768f9930ed3f1596c73045f24c290cef9aca5ee6ee7aefd,345fe148cbd6e78b5b6242b244993825c544153cc07e13988744057af587544c
r9-tune-b5-rho0.7-d0.0055,sel_nbh_k0_n256_privileged,42a6c561569d0f7d54d36d515b3c2d780dc42e9fd9c2f9ed4103c1d4ae70fee5,7b806e583e7054ada1ce4607a602ed3cac476f1abad8d56f3fdb2dcfa799a575
r9-tune-b5-rho0.7-d0.0055,sel_nbh_k1_n064_privileged,265eddea5ab87da1805ad8a07db744557fe12c924f9cc69be67c6810668a7f9b,262a918dfc0c6630784daff3990a96b0e186ba128a978264ec70b62837c1a671
r9-tune-b5-rho0.7-d0.0055,sel_nbh_k1_n128_privileged,9858d6735a4c283efc7ebff59388d31095d2358d2fd7a15eee2e104706cf19db,6ade02c363602eab5ebd9c1cfba180f44a037eb17db512d421c90a679e81c860
r9-tune-b5-rho0.7-d0.0055,sel_nbh_k1_n256_privileged,34ecd734d5b41433598db43a209796748f7cef6c268ca06610be948fed460198,116e435ffb68dd2f9f4df6512fd1b7ab4677bc0b0baaf8befdeada02a7985028
r9-tune-b5-rho0.7-d0.0055,sel_nbh_k2_n064_privileged,76fbf693d2677eaa6eca4fe3d229c91f545388d3ee48d48563ae816d18666ae9,5ca89b8ae335601304411968eace5e3acb787867b7fb9c008727cfdf826b0436
r9-tune-b5-rho0.7-d0.0055,sel_nbh_k2_n128_privileged,3cad9d8c6460d79ab7b2dc160a991375b2e78451906ce2c5309d67d2f609914e,bcda63205fc8d34a1b3a3c670578d723abbf9d50a02f747ee2da527c0e2ed75c
r9-tune-b5-rho0.7-d0.0055,sel_nbh_k2_n256_privileged,ba9934e1733bcfebdf4d6c19a318201e6329040beda518a9476152ef554dc893,1e72b4fa22fa0a2e77ab7694543e6d50b73b097c9c0eb8fa44108e21d5a7c253
r9-tune-b5-rho0.7-d0.0055,sel_nbh_k3_n064_privileged,96b6786484a0272830161ebb0169de8d7b371baa5d42268aec32ee4cccbbb535,45c40b7a859081c0496012f519a13bf3b92fdc0141fd5d256670c8a7e36a2642
r9-tune-b5-rho0.7-d0.0055,sel_nbh_k3_n128_privileged,63475fb4b1d14f77680a18b1c01539270b4f43050e6ba3dac088c5f7ee0ab591,5b4c540b925b9643279a841fb376189ec3ebd691ba164f2aa8192caf11b331c4
r9-tune-b5-rho0.7-d0.0055,sel_nbh_k3_n256_privileged,946b07fc14cc67eb991a25333fbf86e2baea3cf582ddf1a94a0e17ff30b7d628,766bb41fe7c5fe7debb92b5ee59290121eb663ab3ec19026c69796e274b8e4a6
r9-tune-b5-rho0.7-d0.0055,sel_nbh_k4_n064_privileged,74822fb576746d9e8ad0dc1286791a877ab0c486968eb3da1b20bd7ce31cc921,81d0f2dbd992f6aa1fba06579d18b39f6f2915b46f6e9434a99641c761cc0a37
r9-tune-b5-rho0.7-d0.0055,sel_nbh_k4_n128_privileged,6b396ebf6441467c6699cdbf68872e940dde91190af385f1e7382a5b86a65df2,00b96fc3ab13842a27530fd3c714e32c88edb1a5811842addca56540f4092155
r9-tune-b5-rho0.7-d0.0055,sel_nbh_k4_n256_privileged,14a04413dab0cfca27a68dec51b5ceb6a46ba51561e8b4ab6b76a3d6e292c8cc,d64ab2574e45f9fd01c35c7399046a98287b95d6d90d3c73042d65af3dde3ba4
r9-tune-b5-rho0.7-d0.0055,sel_nbh_k6_n064_privileged,2c3518afccf9a774e83d06996469a0f823dfc7da36d1580525f857d62dcc4faa,0258ea540547dcdcc4be05a09d21770560e7686bc5f569182513ccc6e31950ec
r9-tune-b5-rho0.7-d0.0055,sel_nbh_k6_n128_privileged,38615cb259aec220faee4e7edddb550bea2454fdc680500611be28c4f39b069c,1768d8e8838c1db5ae40ea6e2ee74e0b67efd550d01b70e0e589e21324da9958
r9-tune-b5-rho0.7-d0.0055,sel_nbh_k6_n256_privileged,d68831b0bcdaaf4d42258ffc940c2c248e9a61fdea46d3204d0fa553962e899d,edf76131e8d085fb1baea72f3b71a2a6c58efaa197515988e226db132943a26c
r9-tune-b5-rho0.7-d0.0055,sel_rung_privileged,2f476aa5f6b32d2e7b952ce4e22cc501bc57e547cb2b5b2dafaa6503e1342aa9,8f3737892e1d91c6aff1ce182259a854ee1b2e1a6a8cf1c8612af37aebfa19ef
r9-tune-b5-rho0.7-d0.0055,sel_win_w05_n008_privileged,d04cb76bd1806176b8280b950964119e3ae179a92cb23a871da09f299cf53fe0,004ff273c17c0b5428e83cb4ac701d9b2c56c8f09a15a750d0a197d064510c7a
r9-tune-b5-rho0.7-d0.0055,sel_win_w05_n016_privileged,b158eb6c460607e3481046458f0d16f955d85e8f34082ce4311f1e359b18f34a,a41ff8260803c149925869d7d9aa99ca95364d9d061159ca7124064e689d7122
r9-tune-b5-rho0.7-d0.0055,sel_win_w05_n032_privileged,b8f100ddd1644691beb1be15c6cc1bf3b2d229d7217fa194fad2ec1cb2fee017,3ca48540388972eca4df1081a7fc3e2b2a12442442539092136eac0fda9bef21
r9-tune-b5-rho0.7-d0.0055,sel_win_w05_n064_privileged,27d80c5758cc5018573be1ed42dece35e0aec9ab4505d31071b48ede94305952,01e2b706395c96e4f4e2bd1f66fc4b10bbba6c2794eae2312ca68c0d05639e9a
r9-tune-b5-rho0.7-d0.0055,sel_win_w05_n128_privileged,2f1668c65418c2898d01d414d96a24f2e576d15ff261ccecd81e982f2afa9e6f,07efdfb229f1bd1a49a8fbc61ab00172affd6e9ade56e5e8186d8c95098f9883
r9-tune-b5-rho0.7-d0.0055,sel_win_w05_n256_privileged,2d50b09d5fd0a6d6bfd0afd7aea933846ec82b09409dd80990eae7d1ab9aa54b,f51e97ad0932e65d41949eaa870c7107bb20946b19f53375196cab58a1c0570a
r9-tune-b5-rho0.7-d0.0055,sel_win_w05_n512_privileged,1551ff71938cd8c2b5e141b2ca7dd2669cfc698dfb27700e823849d1728a6d61,5468c3efe5628e53fd479938f584c5ad04daba7e96b79a7e60d8993dba30cacf
r9-tune-b5-rho0.7-d0.0055,sel_win_w10_n008_privileged,7205c0029258f2edad916985f79756eb14485e8ee5d5f48ec9121717a7638728,42c2050b3dd602a91958cf713909b020c20282c67c6d156c15865b5a5fe1f5e0
r9-tune-b5-rho0.7-d0.0055,sel_win_w10_n016_privileged,f87eabd356049c1a4b05487bc44df4008662872bc107fc13fdd626a3dfaf34f2,347c34ddf0a60d9cdbf57536e1ede022fe94e06c86dd8cf2da18cabc51bba39e
r9-tune-b5-rho0.7-d0.0055,sel_win_w10_n032_privileged,968172404840270f24461314af14c7b38a4466c80d63c17442059e3243aa92ba,36230a8b925c8b4e090dd7bf440416cf17ad8112655668df7d6b46e34acd1223
r9-tune-b5-rho0.7-d0.0055,sel_win_w10_n064_privileged,556b2ccfbd9286a5531dc257de3294cdce4d4d2efa5c41ffb75ac072cfc216a4,45f73b313d557ba844b30264dd165a29641c08ff21f5007d6a3896f0b98b0f2b
r9-tune-b5-rho0.7-d0.0055,sel_win_w10_n128_privileged,c16a0e2ddf40f03e7ab75c5c298b8b52e94949c758a7256db7be8d733b7c448b,ce63fdc69616496800c42538703a83d994c596f88e16392308386cddff0e3aa0
r9-tune-b5-rho0.7-d0.0055,sel_win_w10_n256_privileged,2c75c9be6499eaf061e1c331aa2def43d2266ccad5f16cedca75e368b141cdc7,e5a0f09de30640da20db629439c9560675ab3cfe72901e6a0dba909d9eca5ded
r9-tune-b5-rho0.7-d0.0055,sel_win_w10_n512_privileged,aff7535eb2e06c37a80223192d51c50c777facb73b0082ffe24a05420b9a7ab8,b62f04dad399c00cf92f9865e2261d232bd238e750872219332152d8c863c94e
r9-tune-b5-rho0.7-d0.0055,sel_win_w20_n008_privileged,7bc102af5b2fd53a4eafcf6ce963767467807e1b55df56a27569756d798b94a7,95ba915d13d57dedf91631046d29be512f02eea781f42b1a76afc35a6e36f6e4
r9-tune-b5-rho0.7-d0.0055,sel_win_w20_n016_privileged,75e5e4f99bf702ab11b4a907a1d7b321477ada58c99c4f0e331575634c91f669,e76ecc0db631c2ce7fa0450b6b5e72993f67bae90aeb5aa36ff9c0172432e9e7
r9-tune-b5-rho0.7-d0.0055,sel_win_w20_n032_privileged,9b3936d8c2d36cc7ff8501195e1602179fe6b2cf664ef89a2e6830a231107fe3,3187adf5001577001becfa5b6a30cd20aaf9c8bb4f5f621688465d9c1bd20bf0
r9-tune-b5-rho0.7-d0.0055,sel_win_w20_n064_privileged,7f8046d6f60c7d982a378f9ca1077800dcfc66a600f5e02e113c577989faaee9,8217e75d13d568d1735cff4e1978c15dbaf6cce149d86a9f0ca6b39eae5f08fe
r9-tune-b5-rho0.7-d0.0055,sel_win_w20_n128_privileged,574e79f38599765e7ab2d5ad2abe215bf26185a5e7c1af513be7784f90be2c51,dac951a2db155d316daed7d7d7518a1eb218303a2abfddeb22a6fdd468195c34
r9-tune-b5-rho0.7-d0.0055,sel_win_w20_n256_privileged,9f271295228322274704cb38101fe2b593030b0fce9b8a9753c772d16a15bb0a,d77734f9eae68c14a261389a4ffb12dbbd9720e1baca4d5aa0ca0af8caa55522
r9-tune-b5-rho0.7-d0.0055,sel_win_w20_n512_privileged,3c7494b3ccf093c0c59bfdbc3a485f52ee6bcf2f05eee6a70d19fde0e5f683b1,e012477ed94529fe8e5c9e942719e814becd4918483d08e27e03cde07f4b13b8
r9-tune-b5-rho0.7-d0.0055,sel_win_w40_n008_privileged,d75f47bc09b122de3b8e7d271e0009867b9aa7a2016161fd02029c482a89fca7,e87e0fe4bf5a9586c58f79649521b2ab669130f298b215c43ac539cb920817d9
r9-tune-b5-rho0.7-d0.0055,sel_win_w40_n016_privileged,ffc615c9167bea6d11b9688d0435f691ac838ff1d643ed5baf9eb3e46ab6e1b6,8a75c0d808612bf103eb60427fa96243a1e789f0a992a6a0ee0670301fa2774a
r9-tune-b5-rho0.7-d0.0055,sel_win_w40_n032_privileged,f351e1ffd12bc2320ff3d25751a3a6ca98e1c1d80e1ee1aba1627d65671ec851,8098014458d7965eb6f03cb6a1b79ae08c5066c242c12d8c58b53d1394280f95
r9-tune-b5-rho0.7-d0.0055,sel_win_w40_n064_privileged,2ab5e10eb8ac9a1fc2fb831d613020b1d5b41b1977fa48e4e36d5246af8446c2,a597ebce4825bf7bc213b380291294b26a429d2b234e3a68b0f132362db302cd
r9-tune-b5-rho0.7-d0.0055,sel_win_w40_n128_privileged,6a2346f3ec1914e67dcd7dfc47f39f1df000498f1f70958e430db566cededb4a,084b5dd4c3af385d0d1a4045cab5e408b9e54bf95eb2235407d7fa8ec6052857
r9-tune-b5-rho0.7-d0.0055,sel_win_w40_n256_privileged,23244d5b2a1bb75ef04368ab954b98642dadb50c4e05dec63dab4798cc59974a,ab253e2a9fed1d162ee0d83ac15cfeb9297b0bc6723eb214e0f26236c260fd36
r9-tune-b5-rho0.7-d0.0055,sel_win_w40_n512_privileged,7822bef4bfa87acf621686d0ea2da90496be1b64ab02cf091ee23384224077db,a7c0bcd39956a653034606449148900655215c5f17218afb5678795b9df8e35e
r9-tune-b5-rho0.7-d0.0055,sel_win_w80_n008_privileged,6001e34e8d39ca986ba1d0030e0eb616abb829b5193b64d0b4d9a55b5f2ff87e,1676da3f8c75a864744a85bbb63f3ce0b0f15d78a5060033b2aca672e411bf55
r9-tune-b5-rho0.7-d0.0055,sel_win_w80_n016_privileged,65c982bdaff16f688e60860e41b4ecc92c90d381c5f1d3bdcd82a5d8d2fcfbb6,432253fa486ece06ad2ff15776fcd6d56e01e04c8a08d69ddbba695ea9de336b
r9-tune-b5-rho0.7-d0.0055,sel_win_w80_n032_privileged,146cb4bb4548390cc2fd7ab0c2cf94d68a0f1b15fe234fe824838f3e86ce36e5,64d42955cb52420cc12149133c18d11d8ea84bf7236af09d8a6188bc9d06b20c
r9-tune-b5-rho0.7-d0.0055,sel_win_w80_n064_privileged,558e7fce1b0c89de6e187d78636f805f927f63dce44341a2f2a8bd1b74c9ad08,20ac67c568a9114797de77822f5612a8584a0094fab4be7b9df905de4ab0007d
r9-tune-b5-rho0.7-d0.0055,sel_win_w80_n128_privileged,336870d9a1b228e3c5cad114c8991192df46b9c60271506403db3a2ba69b37e8,b0a452a637ff1108c8f2b81a798eb00257e6800aab0b876cc1da41eab261a5b9
r9-tune-b5-rho0.7-d0.0055,sel_win_w80_n256_privileged,937d8babc712d546fd1ee0faa3c9faffc9e1ea85e9c3f322e74deb22b1fb1e4b,42c3a673ea672ab50a2fab3a753d79044114675a53212cd98cd3c680ae5423ab
r9-tune-b5-rho0.7-d0.0055,sel_win_w80_n512_privileged,22d074c2d89a791b9dc2f603f759c4e52a9d4fa229bc578ab0a970a9bfe7f929,2e19284d3d7ec8c416c00a2aece474672e73f8ec557685650392098ae97bff57
r9-tune-b5-rho0.7-d0.0135,oracle_escalation_privileged,c21362aa72e01792b7908953943df503c4e8acae93cd0d8d5eea1def5bb74fe5,8b56566188c56578f801b274c860e62f38347ece7523cba3d8f1c03752bc9a13
r9-tune-b5-rho0.7-d0.0135,oracle_selection_context_d16_privileged,6e1ee4d9e533973e16766dcd0dd9c7c989dc08e3e633ddd2c767ecf73dfd1e09,24af6c11563d03ba1f47ed4af4f6bba28f55a8eb179e48dc55866f6528cd68c8
r9-tune-b5-rho0.7-d0.0135,sel_coc_d00250_n064_privileged,94799ec8bcdaf349100e8180eb41b4c53f50f123cb52cceea695901e66a94dd2,043ab2a1291dec68e850bc94c66fac5bc9c017984f5f9577f85acc8c38ac1e90
r9-tune-b5-rho0.7-d0.0135,sel_coc_d00250_n128_privileged,a71076e8d5874cf3f032aa2eb573cd2e0f1813a412c2d9b84e7d5d57de86f97a,5895a47a9952a246d7ecf6b9a16ce46b4e6f4439e5967d00a692015949a88a32
r9-tune-b5-rho0.7-d0.0135,sel_coc_d00250_n256_privileged,7a0d5e26b5f499ffc4425220aabe1bb4e4e14edc5f8c2fa53596c343b4cb04c4,ee072981abc7a9206924a1a6b54ac7cc0dd5dd5709e296b486936bf8f852216c
r9-tune-b5-rho0.7-d0.0135,sel_coc_d00500_n064_privileged,d2eaa3897c7d1471bda7b709b90ec67fb151961b885c8efe78d3120185ee6bca,efe1b22d1be88f5d7fe0e21428012970b5010a1740c68592e37d383e3d025ee2
r9-tune-b5-rho0.7-d0.0135,sel_coc_d00500_n128_privileged,752d2234eab23dd2b8c13d2c050db161a6c63afaebde4bde301d836c4d23dfff,ebef11b05ddb0faecc89cf6366ef1ab507a7cd0da617f72b8ce8aea7249e90da
r9-tune-b5-rho0.7-d0.0135,sel_coc_d00500_n256_privileged,ec15e32d907fb56594b899ce89236a74c5392be9e24fd81d9e6512808bab1b82,24e71072053eadc91cc8073ba2fa8c99c6751c2680f9e86564ebea4d96d7b283
r9-tune-b5-rho0.7-d0.0135,sel_coc_d01000_n064_privileged,9e15d26dd90112c4ca37b4a210adbd6f280e4e13d6b3f8855422abbbf0467ebc,f04150723318d9fed5dbffa98edf6727c380a25c99120941b67f89442237334a
r9-tune-b5-rho0.7-d0.0135,sel_coc_d01000_n128_privileged,6d51536f45f002ef1f570eee1e48585c3933c051ce18b5852e025cf06b1bf17e,692c9d1a6b25a3ee6b7f5efeffd27bce1aae0dc318cddcf21fd2b655491b06af
r9-tune-b5-rho0.7-d0.0135,sel_coc_d01000_n256_privileged,0316b3e4d1b7079037d31ae17a0c828b997c1dfd76d7b29dd89c388fcf0b5436,762031c893f425b8b0c2401d888c5c1e1b96e0fb69dec4879cd3c39f9c040414
r9-tune-b5-rho0.7-d0.0135,sel_coc_d02000_n064_privileged,b35d26dbb450e06e70ebe82fbb882f1eec0999b639c3997e6398848954998e6d,c8fab9c75d69c713a40cb64adee8514cd1b078e801c91c8e84cf421d3d615494
r9-tune-b5-rho0.7-d0.0135,sel_coc_d02000_n128_privileged,289c4866890ed3624727c42186b3b321387baea5b9e615072d6d496111bbfebb,497a8dd03c5b66a81b4e3d655b4da26612e2a7db6357a2bec324880af4cb9dfd
r9-tune-b5-rho0.7-d0.0135,sel_coc_d02000_n256_privileged,bb757afce6fc11d33b87397f5659a51f3d3f5e528d12fc54b2fe4ad6d8d58310,eb13cabfb4c1c88e22a32981ad6177e0d222b0583be734fe51960e9bd1853160
r9-tune-b5-rho0.7-d0.0135,sel_coc_d04000_n064_privileged,946cd85cec506e1b4c6527b3ad34d85ea531c21e6577ff2e8c075f6019c10d60,71ce48f62560d7875b70567c244d89c4ed082ab84dd5cc3bd3bc530deee5fff8
r9-tune-b5-rho0.7-d0.0135,sel_coc_d04000_n128_privileged,2ce6bf7dfac239667762b1bc864c74a18c06c1dbbc72a81d32c55675dd577829,13e1101f3027f1b7b81fd67c78d93788a30ce6acc53fbb623e56dae5dee9776d
r9-tune-b5-rho0.7-d0.0135,sel_coc_d04000_n256_privileged,768e7435bdc8f2db29d4cdf52a20be4f364f6a47973299855baee7f37db5aa3c,c1725998d5663a8e508487766bc9000d1be883ad37a3bdde50b79fc72bd4c212
r9-tune-b5-rho0.7-d0.0135,sel_coc_d08000_n064_privileged,74b911b82819a6ffdc77044f4ff35128f575df087eeffe3c5d7f3f241696817c,759b5939a3d31b97685823cab8e78b4db85258acc5e971243db152d608ed32c9
r9-tune-b5-rho0.7-d0.0135,sel_coc_d08000_n128_privileged,027ccd3d9892bed1e65c0dcd33a425bde29d65abd05b4cf87a8a7576daa51b5c,120de4044a61c96973328ed34447600fb92a208d048d6f2b8a063ea7505545b3
r9-tune-b5-rho0.7-d0.0135,sel_coc_d08000_n256_privileged,5c899c8504f92451533e65cdd6a08eb5d74e4d667be39fb8eb57f4436f4a5b07,ab49e46d36fea4ce1bf02e014f9b17e116c044b4e4f2ed431d7196f95730b970
r9-tune-b5-rho0.7-d0.0135,sel_coc_d16000_n064_privileged,fd5a55bc3275dc81aa7218f3c842bfe61a4d2a59130cd9b7c443efd92e662f30,e9362fbbaeaf47747630118e81c111820350b75dab41cf5c9f2b48d426fe32d3
r9-tune-b5-rho0.7-d0.0135,sel_coc_d16000_n128_privileged,7098754f16f4885a2adaee9b899892de248f3033cef980f65d83b59de3537529,e4dbdce34f0bd42a0bc071c689eb831c1ada748c6cb9e3c5d48bf128f72ab3ff
r9-tune-b5-rho0.7-d0.0135,sel_coc_d16000_n256_privileged,aaab2b27f3ad50f5d46e29fd0c077b9bc386429620ebe00f8cabed5c5cdc19cc,fb9f8a09c213feb1122ebacdd6bf16b7915bb8062a05a2308a42dddabaee58f4
r9-tune-b5-rho0.7-d0.0135,sel_nbh_k0_n064_privileged,64257e1d8f750375ab8cb35c861dbb75004044f596bdae1eb561a742eee5985f,47896794b6f17a39f58938cac9004a3a0d2431b2b6d17d4ff4b314e2235b6e77
r9-tune-b5-rho0.7-d0.0135,sel_nbh_k0_n128_privileged,efb0e3b74dd83aa4bda79502b62e3166da16ed217a32eea88b11e3d05ae6cab5,9e2ca47011fcdb76cb2ca3eb1bfd72e0b3171e41580f9041bbdc3008d9cf76c7
r9-tune-b5-rho0.7-d0.0135,sel_nbh_k0_n256_privileged,e5b8b8f2514e9c03233ef2b5cb1fbfd651defb73e5c2f7aa854ff76a8fa95139,897a31c846c24a0ff2b4195b7c3d67633660cc5d6ed1491e9ffdcb8144a763b0
r9-tune-b5-rho0.7-d0.0135,sel_nbh_k1_n064_privileged,bcf8b200a09d3e2c1e8b85e10705e2b3aa1deaa23186fd22133c65e178b98e7b,45e13fcbe4def3719ad692ea8c9952af6b2286e5298290bba8c45168c6617ddf
r9-tune-b5-rho0.7-d0.0135,sel_nbh_k1_n128_privileged,95c07acbda3af2b32cc467b4392505e61eaa11fe9d10fa4731391a224d110cb9,3ac6ab719bd1c0eee35a49eda3d1e854e27b2e81d82bdc69f70de50aa532ca3f
r9-tune-b5-rho0.7-d0.0135,sel_nbh_k1_n256_privileged,9978e10546ca0300bdf2c1814a2920b44adb280bbd7d8bcf0a6d257934e98d16,81f74d92cf7da7b6ec3cf647e65a1c3592491e06da3586423395d0481360d1a5
r9-tune-b5-rho0.7-d0.0135,sel_nbh_k2_n064_privileged,fdef02054d17ce3a908268b290ca443e64767a65d1149f6b83ca02370032df62,e81fd8d1403f25de97a2e6806b8db8f4b9d191eb88fc0fdbbcc10cfe72510557
r9-tune-b5-rho0.7-d0.0135,sel_nbh_k2_n128_privileged,f1a0fe85003525afe814773c99171b0d1363873b1c8196da1c43a85cd9df7dbd,fc070a10bef362cca7801b33b3e21fbb490c618d9a74b1cde645ea6830f5b732
r9-tune-b5-rho0.7-d0.0135,sel_nbh_k2_n256_privileged,3be74d13f1e574cbf522887ad005336d99620bdbe2686e5f9b1deb62105830a0,87121945012cb8b720d6eb1d5d74858a7f87ecbd13aad56ce843265d2b37815e
r9-tune-b5-rho0.7-d0.0135,sel_nbh_k3_n064_privileged,57bff0e477a95a8c29d87fae3ee61a1b4e1c6972ceb8bfd08a11b9cea5afd1a5,a2c31f22309554e9d097e4f80cc2885ee3729151e532d5cddf26564fbcfb4642
r9-tune-b5-rho0.7-d0.0135,sel_nbh_k3_n128_privileged,339330a2e6af7675a35fb9d3102283fb463ba88f58240eeaed47dd5b121e2e54,8ef3bce51a831620dec8e3bd85acacaa853fe1b6f2fc021edbcd8e26cb0effa9
r9-tune-b5-rho0.7-d0.0135,sel_nbh_k3_n256_privileged,23068582f257af1e04432922ab9e989ee67630ef885672e90feb4c430ad75262,7b2f54455fc17bff7f6e684c9f51647c0721914725d3582a67102ddf92e7fd23
r9-tune-b5-rho0.7-d0.0135,sel_nbh_k4_n064_privileged,f3494c1bca733a466f9acbe9cec828ebcfe8f8c180ee9bc33852d26ea6b0a1e9,6bbe5283f55810443a2e027bd815e6d890dcffe80e8fd69164acd31b7b22be73
r9-tune-b5-rho0.7-d0.0135,sel_nbh_k4_n128_privileged,490393ba9e6f7743893f726b1b0a3a3e645e6ff215cb985d4a355c00b9d6460d,5301d0688bf31bc786b6939dbeae9bfb7e37201060f94344e6cff69655453746
r9-tune-b5-rho0.7-d0.0135,sel_nbh_k4_n256_privileged,bdf12c1b094d86736f0f753ea8f580d529768c44fd32ff053c0dd06c9c57dd7c,2b74a41d07dec2923cbb373364ff3f457556c14ffdeecbfd0d0dfb1d3e89f524
r9-tune-b5-rho0.7-d0.0135,sel_nbh_k6_n064_privileged,07060d45100e75077ac717fb71f7d12f2da642ef766f012667d064d083847a20,6d0c12218b7f5475f777ccce07d225d1cb0dc7ad4ea9481fd4ebad26c887c8e6
r9-tune-b5-rho0.7-d0.0135,sel_nbh_k6_n128_privileged,39d09f88d50fe8a3882fdf21f677676548bbfb21c6dd886278e5f516bd4622df,108e32ef20ba6727e6a1ec5846d1e74e7dbc94b88c34726ec8f8a9577c2cfa65
r9-tune-b5-rho0.7-d0.0135,sel_nbh_k6_n256_privileged,25f7c8989b521d8c16d2ab13167747ae0d2f3c9d7f3e3f1be2ce8c84adf2e856,e435b599a298ed0fb9c99c94ead03a8725f65442ebedd7a0025ec4a251c02c91
r9-tune-b5-rho0.7-d0.0135,sel_rung_privileged,b4e038622ea26d76c18c55365e460e54fa0124af34bafa810094934766bbc613,49545f9ccad404cd8d33b93222194e7f348a11103b5348af4702345332c02d8e
r9-tune-b5-rho0.7-d0.0135,sel_win_w05_n008_privileged,f7a3c543ccefddb2ac1af1e4c0b69987331fbac3a2b3bf800baef9e7f670c16b,a4ec6261bc76e41a09cb951a25c5271046cb17022616adaa651d7931e6b367e0
r9-tune-b5-rho0.7-d0.0135,sel_win_w05_n016_privileged,9e15962e1051f947246cf61c9bd313f5f48df7818b4ead5ee7c07c720de31d7c,20293045697232d573b520b27bac36866d5f4ca9bc52c170809628316600aa46
r9-tune-b5-rho0.7-d0.0135,sel_win_w05_n032_privileged,08c43a0a46bb47178bb8c2de22e1c42c7b0e84cdc68502b790930b3c8731fc91,a4d8d5567a82ab390957144a2af384505938f20dd37105776c265c7f54f2878c
r9-tune-b5-rho0.7-d0.0135,sel_win_w05_n064_privileged,3be48a7e18e09d3331040594696d905ecc76ee9bcfbfafdd98dd583362b30bc4,739d3207bc2f33325f7620625dd13159de9f9e5c60131b43926c34cee01651f1
r9-tune-b5-rho0.7-d0.0135,sel_win_w05_n128_privileged,927c78294acb081d8d7636f5896589a8597732c436f6cdce27d008a4acccf539,4dd9da096166c509623a43aa113589a2690f65018d95df75d3ddc8d13a7c175d
r9-tune-b5-rho0.7-d0.0135,sel_win_w05_n256_privileged,1e069d2caaa666df097e40c80c4a063aae7f878b356b1d6cfe9a4aaea95f5bc5,fc797c410ec4f523f947e876d914064dfde0494897e06394415acbb545cd5ccf
r9-tune-b5-rho0.7-d0.0135,sel_win_w05_n512_privileged,6ed86b8092fe06c7660c44c1be2dc6feac59a8612ca1a6e72be1fc79ef0a96b1,fe86868ca9c9039179de32869332c2612433293b9f0aa2762c28c7762666e169
r9-tune-b5-rho0.7-d0.0135,sel_win_w10_n008_privileged,75db588bedeed55d82e321b560f8e134366fb50ab8a9f246d9029282ebcebff8,eb99804349d9dc5190c6c22c089fa2c3b97c758a3cfc193c1eb61cce88b1b792
r9-tune-b5-rho0.7-d0.0135,sel_win_w10_n016_privileged,72df425403e12f0f7add7a4cc9ebe13a2d06f6ba41cb95606cbd527c4aa67e09,baecc925e3e485da4d132e4b9946f2fa9a33b6023fe2b177ccdbd047f832b192
r9-tune-b5-rho0.7-d0.0135,sel_win_w10_n032_privileged,e5e81fba500a779cb7bd4403440f4c33bf8c66d3badf92e3da825abde542af33,e93e0b8c60733d7495a9e83ed2edb0da1038944e7a98878a49793eae30add5d9
r9-tune-b5-rho0.7-d0.0135,sel_win_w10_n064_privileged,856fdd867c4090eb3aeadc13ebc25944113c8bebea6c715a0ef6363947c3f4df,f48f6f8c2f83512f8b8c110ed2a5e1a1e7efdec228ba8843da526de31c787334
r9-tune-b5-rho0.7-d0.0135,sel_win_w10_n128_privileged,d0906afab0c4d58477853e57d23348f6c8f5283d6860cd239e90834001e1e7cd,1113f50196d6d2455f7d530e0d5ea677144a9df86d0d331e4c85ab412a7a2055
r9-tune-b5-rho0.7-d0.0135,sel_win_w10_n256_privileged,b697172492c3958d61573389d78562a8578cda1b341db98d1f24d95521076456,9ac026a79046c375725af5eedf506895efde6d2168f296617414658bf16eefc7
r9-tune-b5-rho0.7-d0.0135,sel_win_w10_n512_privileged,9e68da35c9158501a253410851b9266bdaafd3a3574f804747890ccde847ed37,279f515f8b3393c0639bd60b8d3dd15ab01d7adb69f7f14234229950612fe608
r9-tune-b5-rho0.7-d0.0135,sel_win_w20_n008_privileged,ea49b8f25c7a8a04fdb557014db6623879d9379758a49f45e831a1a50c918f5e,ee9c0d92b7e8fa7d40b1ca071499b936823d9138a6f168b64fbbbfeaf45c9e5c
r9-tune-b5-rho0.7-d0.0135,sel_win_w20_n016_privileged,0097ea2d1871495784e013af5af6268ceb7a3bc67fce9ff0988d7e883025aec3,5a1d9be0f9041ef95a45c8a9f6377fa5614ef697ec64c13c48b50f9a4310d6b6
r9-tune-b5-rho0.7-d0.0135,sel_win_w20_n032_privileged,b6d991b4f0c123c214accb174f751ae30fe5c328f259e50d6cdac1446e091fef,5eacf2f902f110b3e534dda51a837026464a3126ae448a3e8975240530bd79db
r9-tune-b5-rho0.7-d0.0135,sel_win_w20_n064_privileged,934739d6bf84d2c88284a90fd973da56a862a0d21bfc174c7158bb416022f0a0,81a15af2aeeaad9be8bbc510e6a0d5298c78d382f0f97720097001c3273ef115
r9-tune-b5-rho0.7-d0.0135,sel_win_w20_n128_privileged,00ed320da2089f221c1ee9cf57015b0f7c7700c2726b2ff42d4a41037ff1e98c,d4e4ffcaabae2797c9dfcc857b10fac01b6c968e6a6199c1c7391d0f7145b83a
r9-tune-b5-rho0.7-d0.0135,sel_win_w20_n256_privileged,02e96b6d5f7703b054c8fdf51e15039c8430c5134bb62ea0dc3cb67462e92032,2ad633451de33580404f314b844a35fe359a96679aaa1bbd20cc768740bc3e4b
r9-tune-b5-rho0.7-d0.0135,sel_win_w20_n512_privileged,224cd2b48cb4e867131e7058f5ba0558f088068ac3cc49d8ff08ab427ce7b922,cf937c32052d07b189f6456c84e12735f8e8bfc370737f40e696015d9d9bdaf3
r9-tune-b5-rho0.7-d0.0135,sel_win_w40_n008_privileged,747f46d3eaef0ca57ec6c58e2925520ff837a2eb67370809957e29cae813a35c,e77ed176d51f57f2daa2cd5d2ce4567a123b64c616337c6510afc0eec52889d6
r9-tune-b5-rho0.7-d0.0135,sel_win_w40_n016_privileged,b5a970b8094526c997fad46cc3b3e7666e557ff69ab54f81424865be80a64f49,a19a4f279680664c900c3758680a724bb6f6c748a9a15363538cbfd29d7bce31
r9-tune-b5-rho0.7-d0.0135,sel_win_w40_n032_privileged,e888b2a35cf16354502faaeab7db0f3f37a2e87df0aa5fe7cc68af17e46f0b87,d0ec76e80c0b75493000e118d85e75c0b3607426747a448718166bd55f0e42d6
r9-tune-b5-rho0.7-d0.0135,sel_win_w40_n064_privileged,6f5da189d71804cf0b51e1da62273812d2dd2f7b41acfe692597c41f3068183a,886a30f5ff60acd016c92c7d8e20a80e55017624ecd13eb4df40885131784aed
r9-tune-b5-rho0.7-d0.0135,sel_win_w40_n128_privileged,21f81b0f3ba486acba5a9907a57bb7fafe8c5c95c6194d0f5e2167e1512cd17d,104b59d5c9ea4e53c5969991290ee32b5f23f7f3647782cc34543b049a404fd1
r9-tune-b5-rho0.7-d0.0135,sel_win_w40_n256_privileged,fc3527c3ef9f980cecdf070180c1390604c17108e6a10bf6543253ae91edfdf9,29fa1e539686bc6f655eca80fceb46ab4804be855b82741b21b2322f6489e458
r9-tune-b5-rho0.7-d0.0135,sel_win_w40_n512_privileged,78a64f522eb403d6b35904d911cf815864d74c69e3f7961a0dc10f5370487f1b,e498b97760636de47ca5738cba813b43f2c2c659b9adf37513a57223e5be7ad8
r9-tune-b5-rho0.7-d0.0135,sel_win_w80_n008_privileged,25f09d49326e08a68c7e2cb4e2ff669039f58aa29c8505a554a19e481d773cbd,5f2af0056b8d4af4d19cc66318767ed3a5cd7d6afd5ba79a75a33b4cc8f3db34
r9-tune-b5-rho0.7-d0.0135,sel_win_w80_n016_privileged,5e438ea15c534492e793495f5f461c86c90dbf892b495b138117210e9b6abfce,bfd14ac39e0f248882d9611007d4c35874ae049443642e6058a1070adbfba8e7
r9-tune-b5-rho0.7-d0.0135,sel_win_w80_n032_privileged,0114a9ca2d49f870b7e73bea8685b6365448eec84ecc0efda33668f36abd48dc,621638fe4bfba0b55f8967a3893b482ae4577ffad6ce13a1726cd28bcecdc136
r9-tune-b5-rho0.7-d0.0135,sel_win_w80_n064_privileged,fc6e1b99723b07c001527ca7ef60a7aa338714ee815c157f687b1f4897b61439,ce6628128154b0794dfc630e498a275dbdd29a351354595ef4a4625e7eb9f945
r9-tune-b5-rho0.7-d0.0135,sel_win_w80_n128_privileged,74cbc4c011cd71046c261c4e748a7ce28d8a4431b27cd04fdb7bcb7b110c1517,5be1b56b2f88c9391701b50bd13443276ba696927a0a5212e710e8f95c200b8c
r9-tune-b5-rho0.7-d0.0135,sel_win_w80_n256_privileged,efeaced81c05a35f240ef90eb0bbfd110dfdd54a9b2cb4789c1020891a57cb6a,90bb70731ec0c891049a2c144c6218b9491cf39cfd6f8e9204a84352bfab6517
r9-tune-b5-rho0.7-d0.0135,sel_win_w80_n512_privileged,965c49c977b84adc03d54d20acf9a114ee5f33d3cdb4ea23435bd5c5819d3831,833d7eada21235bed10bfd3d6edb885827f4eef6de8e7642f35d1b2f96c9f89a
r9-tune-b5-rho0.7-d0.0225,oracle_escalation_privileged,08e8e4b09f2698cff739d86142590d11cf3d7ff327fcc105ec430646eaebbb72,f5878a3a9d8e7056d80f4e5e86d5a424de8c7a3f28adc3003fbf3d2e529cbf8d
r9-tune-b5-rho0.7-d0.0225,oracle_selection_context_d16_privileged,cd4648db58831892317189a95c34ca8879c5e68d41d44c3d7e06a8e351352d21,f8b5cad745297fbc83980f8f4069df9cc20fd3a84e84b2790184fe7f5a492cd8
r9-tune-b5-rho0.7-d0.0225,sel_coc_d00250_n064_privileged,eb91514ab4d432144875be88ecf3cd8ae54d123a4e1ee5491f35121841df1268,755cda60af4107122a893e1ffb3885c3de694d839343ff6259bb469f54cf7141
r9-tune-b5-rho0.7-d0.0225,sel_coc_d00250_n128_privileged,7d0b19affedd667be99e8dfa129dd0fc6ff13381a0a79457492b2454ce3ec7cd,312d66848a5df449db250c0f7f18328a828a2fd791311ec4df613c526687d3ee
r9-tune-b5-rho0.7-d0.0225,sel_coc_d00250_n256_privileged,5dd815a9bb5c5581a292b7203d2b364c004f88f304ee570b1f87b08f5e701563,8ed0826d9420384ceff8ee1505ca1363148af0c740be26ff5c1bd9ae10b6ed63
r9-tune-b5-rho0.7-d0.0225,sel_coc_d00500_n064_privileged,7231d046fc3aab9716b9ab9aae0c0c5d3e4ca7b622fe3b60906bf3e7face53a1,1e445442c206be298a84eae77e4c288bf26e0fa273f8644db4127bfb59b6152f
r9-tune-b5-rho0.7-d0.0225,sel_coc_d00500_n128_privileged,caa040fbe2b24ef8a96295488071f982b9f86a992a74beca19eea6ccf3b7a12e,1068b2b2abbea15c417831914b6ff7dc992aa87a613042028bbaad14365287cd
r9-tune-b5-rho0.7-d0.0225,sel_coc_d00500_n256_privileged,e881003c2b311db170541c621246efa8ab1a71496e42e85457652f136e7cf465,11936d3f74fa8aad2c9ab8549b7e9966e722582cb2656813abd3e0f0311a5fff
r9-tune-b5-rho0.7-d0.0225,sel_coc_d01000_n064_privileged,f5f250064394282f713acffd0f1475c04b4f3e05922d7290e4eab8d3d91a0f43,07ad76d2669d55ba87a724f48c9bc7355d33b077770fdf1b45f1b8b5145756c0
r9-tune-b5-rho0.7-d0.0225,sel_coc_d01000_n128_privileged,11beb586f8700caa0a2fc62a2266a34704c6fa6e19538b61cfca518de78c4167,60b1b6014052c4ebd509cbd9a0638779062a3c8632965e33db7194992c05eee1
r9-tune-b5-rho0.7-d0.0225,sel_coc_d01000_n256_privileged,ceb5cffbee52ae5adf71c007efd89e19a15d2a4d849b78e73eacc73dcf202021,12be877c99727fd4383d5838df64797837534b8050e56e0466c5079b2302cd7c
r9-tune-b5-rho0.7-d0.0225,sel_coc_d02000_n064_privileged,8f8cbaf5b30bbd5b42eb14c78c03f97b477e455d5cc73627041d8b1210541b37,b9959e0edf7e8dce4eb9ad324e1609424cd1852b076b288de51ab8840f434bd4
r9-tune-b5-rho0.7-d0.0225,sel_coc_d02000_n128_privileged,66f142b9d20c8175bffbe08a2db2ccff509be37aec3d50c240ffd11238da0c77,56566e5ffe3e2a5e0acab516cee226e6e89240709a67b63f4dbe9c12505bff4a
r9-tune-b5-rho0.7-d0.0225,sel_coc_d02000_n256_privileged,98577d5e6b7ed742961ecdf7b4e8df3b93a8139c60f9643e7513ffb20d338428,c0cc0d3d61dd99250acb01ee2a470afed500a327dabfe8f76cec6a036feb51a7
r9-tune-b5-rho0.7-d0.0225,sel_coc_d04000_n064_privileged,f8db5ed72a6ac4f668469cc6cb33d7e69077abcfeb266c8ef9be164f077923b9,0f0f9b1541b78f18333b436872aabe151e2ba1c2d76604a33630c5cefe3367b6
r9-tune-b5-rho0.7-d0.0225,sel_coc_d04000_n128_privileged,187713119b33e42b326c7bcb81334cdf1c2cce9b8a83e2d782504f45426ccd1d,4d0f79c1989c69fe98fdc6cedcf160a02c11ea4799aaa2ed12fb26621c76fd96
r9-tune-b5-rho0.7-d0.0225,sel_coc_d04000_n256_privileged,f47890ed7027e0dee22f471b36556313f9f1b02610eee3ff50a58f9e49847ef3,506e8032953537c547957029967bbf903aeb5da87ece6976225662a23feeae8a
r9-tune-b5-rho0.7-d0.0225,sel_coc_d08000_n064_privileged,825c035cdf282a74a293f7bcaabef53f1a466499009a02bf321d94f7648b72d6,258358d9cd58bb9d5cef8874367c823a31e526494018fc75bc73c97c4c664f26
r9-tune-b5-rho0.7-d0.0225,sel_coc_d08000_n128_privileged,5c10303d3c0050cef6a9ad0b168e6f871872200ebd5b859cefc057154f702eac,e36f87c836437b73d50060902d4c1f2dfa899f30d18321b38d00ed6cf2a44402
r9-tune-b5-rho0.7-d0.0225,sel_coc_d08000_n256_privileged,8197ccd1122ad2444f84f84bb58365e746d3016f7fc5a2f91b441a847a6b250a,efac8ec60be3fc3c38ed93387299be26d711f538a39e41b596b2c9135314c258
r9-tune-b5-rho0.7-d0.0225,sel_coc_d16000_n064_privileged,81fcc2d6743c7c8cb849489bb1f71db898775d7832c8044944e1bb95a25c1f60,3a9773820206135327d2135ce8dbabc86db814c86d5bc2a70f72b6e76c699f0f
r9-tune-b5-rho0.7-d0.0225,sel_coc_d16000_n128_privileged,24bf7f192ee36d907682f944b9ab74fe14115b177f7097865ecd369a46d5ee07,d49f8a02bb97f5e622ebee08870506709cd10629892c8ce2799816a7ca539988
r9-tune-b5-rho0.7-d0.0225,sel_coc_d16000_n256_privileged,d38353f62f749adeada5546ce9fb92987c9de2167064f4a72cbe68c363643c48,5f22d2a67a1301c423bdd8a5100ba2d246c7fa6f2cfb90acbf5baa95e42e5cb5
r9-tune-b5-rho0.7-d0.0225,sel_nbh_k0_n064_privileged,1ffbc289fef0c0d8941b1a4cf9eff2c869e4489450cf65260ce3238069612baa,7718ecb54ae32b2a1b659aa5b88edc46c3c72b308a6f052ca49fbf865adcee23
r9-tune-b5-rho0.7-d0.0225,sel_nbh_k0_n128_privileged,310e989cf46afcd7f3171be347f32f1fbc74b142d86c54a5115967ec6354b82d,9b24047ba60f004b358119cd4830267ddc2104f3aeada10e103c3c3e7252bac5
r9-tune-b5-rho0.7-d0.0225,sel_nbh_k0_n256_privileged,28b982ccf84e7ace7243b2a79ab55f4f881b4232a1eb143e2a2ef20c36d72fdc,2578348deae7cd4fecb750caa6eb8a146d48c1bbaff38640090e2d1c865035e9
r9-tune-b5-rho0.7-d0.0225,sel_nbh_k1_n064_privileged,8ee96313eca9319b361d27efcc64da2bfcc1fa2bd2fd670a5fdcb453ef3aa2b7,e5383e7212463f2dcd96c4d6222120b176723eb724127b00be154771336daa91
r9-tune-b5-rho0.7-d0.0225,sel_nbh_k1_n128_privileged,0c22794aaa0456d9157621d4687bcaa06fb83c68f598b770eb73a8a2ed04bc77,a38995e8abe8379de16feae43f2dc8329b821c32a92c6fda7ca48874ead96b10
r9-tune-b5-rho0.7-d0.0225,sel_nbh_k1_n256_privileged,ceef86a0b60c51828b81cdde34d9ce77bb0d6182fa29b78b892761c8666068d7,75e5307d45fdb3f0dab472aefc2264419922ac07f9fc564521be7917acd72554
r9-tune-b5-rho0.7-d0.0225,sel_nbh_k2_n064_privileged,ce5e56c6bff5eafa0b185d75af95f19c23cef7311860725553f2f91b9d6e40bd,6111878db745402f2b07dff0ad01a07b17ceca72b2094ba04aaf58176a028ee5
r9-tune-b5-rho0.7-d0.0225,sel_nbh_k2_n128_privileged,c0cb727f8cd15e7e36e49e7d2ff3b37c330d92d7c43c7764aae29b795c72eb7b,ccee1238d35127fc4fde56f451991a0c0676be70adb51981a23ba024db140897
r9-tune-b5-rho0.7-d0.0225,sel_nbh_k2_n256_privileged,fab5641981b4937456a2b060fd65a610e686771f1edfde9f341633852d0d6935,b093512354c59584bffe65fa8503326ee1ca4fce481d215cbf031aba21615cba
r9-tune-b5-rho0.7-d0.0225,sel_nbh_k3_n064_privileged,ef0100dd322b93580f89d87c466f72e640fd1a2c55ff8238429615f44619960d,7fa8a6f2ed48d0c759f84af0570c233b9045cd680371c0671a56035224ba6956
r9-tune-b5-rho0.7-d0.0225,sel_nbh_k3_n128_privileged,f38ff0bb881337cc5b71d1eda1d4f83c47339b84b8b37682e4ad748ebc7dd5a6,4944b927fb843984d466b6738ddacc1b1dab54cb198e5df74d62ccdcb9e5f6bc
r9-tune-b5-rho0.7-d0.0225,sel_nbh_k3_n256_privileged,f9b3b85bf4dbb2cbff6ecf9f869ad0d2c24a6ed3bf39cb369a503915a236bb97,dfd0678551fc78f8327b846c78150998d14d5198cc4f4107482aac52fc229cc2
r9-tune-b5-rho0.7-d0.0225,sel_nbh_k4_n064_privileged,07381a3f7dfeb9c448553e911a39af1ff68203ac14a1dfb8d40e52bce08468ee,a8f1d0c73b54b124eac555557ade4222795fe35b2d6eb35ac744fe894fdda2f5
r9-tune-b5-rho0.7-d0.0225,sel_nbh_k4_n128_privileged,c4a4d65e969d3bb401a58e5fd43e5c7532a70e9548d2facfce98908cd26e10d8,3c18777a770bb9d3837a8b90d9858083d3083fa8169255872ca738c3b769a0bb
r9-tune-b5-rho0.7-d0.0225,sel_nbh_k4_n256_privileged,ded5f88521751b5e0a9e580754133809c9e7d1d945637db1fceb275bb76981be,8064ace6adf8fcc3516d4f67cfe93a8c49b5c4a2cac2b7391c92fcee698493e6
r9-tune-b5-rho0.7-d0.0225,sel_nbh_k6_n064_privileged,f8d9d35d6db350de4b4976be4e3f50e939156b0808d39a2c7264deed69d61121,9a209968e55fc6ba64430e7e4934a670281ada196d517a8af7033ab728f76990
r9-tune-b5-rho0.7-d0.0225,sel_nbh_k6_n128_privileged,2ea52c0955825db7b13972ea029c5626383bb6814ba677d48363ff31b3d27a84,2dd008d552d27b6e5a4dd4978663d56b84013b236f06089340e91516cbdb8050
r9-tune-b5-rho0.7-d0.0225,sel_nbh_k6_n256_privileged,d1c2cb3d2075c1ca04e2f8a5294ce0ccfcf0ff4dc88d1ce7456c947d09de2f90,82966f699988899cdccf429f123a107400da349138b3fd7ecb96c8a2ee2ad15d
r9-tune-b5-rho0.7-d0.0225,sel_rung_privileged,0ee51a1f4a77d67b225af28a240a473a2ddf66ccdd85f82260945830a2f22f92,237db3bec5bf077cc1cf0ec094f61b1b87f8e048cb576b500965fd7269bd14a5
r9-tune-b5-rho0.7-d0.0225,sel_win_w05_n008_privileged,69a5fd9bb37d3fee156b2f47040853cc41cbd7a179b1048bde0b2d12ff7d481c,771cd7c21a3aeabd25bba9ef887d190c16670afcc1482ed242b69ec9bbce9b32
r9-tune-b5-rho0.7-d0.0225,sel_win_w05_n016_privileged,c44050a11972b27a4b2eb2f9565614d4c1de0c12010498481865e52c9be5d882,71c39e250e83f40916ad76a17456c4cb4f4c12a3c6f7856eaae06218f46f89d2
r9-tune-b5-rho0.7-d0.0225,sel_win_w05_n032_privileged,2afeafb0df3716c52c6e55081e509bf99972fd7df780469b010760f4982de32a,55c0b0d1a5a1f07383d21761ffc65433bde98ab71f5951de1220a8aae8379fea
r9-tune-b5-rho0.7-d0.0225,sel_win_w05_n064_privileged,2009f79a965fcbf1ec992f2e77faafa6c2b52cde2e1c3e3603a51e4be5339193,b02d5ebbccada056bdee5468ca8e9ab7f6df7d1c7b6a61ed582d7fae891ae347
r9-tune-b5-rho0.7-d0.0225,sel_win_w05_n128_privileged,5b60a685ce3317cccc59cb15c7a4ff82314b0479af0f978a40ff5f605b592eb3,cc5ce3954b8174d98731ef739ca30380199603ebe7a28f0ad694f7fde635ac56
r9-tune-b5-rho0.7-d0.0225,sel_win_w05_n256_privileged,e86ab20ff0d0b1e71722f5ec57c44b2d9d0b2da8fa55820bcd798c398eb7282b,d280cb7a69df203f28ebb4cb0656ebb09e9e051aab5ea7dea073032bac7a0f7f
r9-tune-b5-rho0.7-d0.0225,sel_win_w05_n512_privileged,48b7d1d234e8569e4067edfc536f114c83f89742d9d913dd2e7dc8422cd72e3a,caaea64f3a7e742e2623727586b6d971e776662ae593f3cf91fb2b0deac404ad
r9-tune-b5-rho0.7-d0.0225,sel_win_w10_n008_privileged,3fcdc2c798e41a33d929177d88b98aa32e0f5ec53ed599178ece8175fe2435d4,be32e80fe8dd10934efd98740451575f7d0f64979f170862bf67357e8ae18ad2
r9-tune-b5-rho0.7-d0.0225,sel_win_w10_n016_privileged,43c65ba7e5c84c784df98fc0a65d403a979e35c896c8bd85574af3f8638b2806,ccfe288f118479823436519a8b7106ad448674e299170103bad51910c6078bca
r9-tune-b5-rho0.7-d0.0225,sel_win_w10_n032_privileged,172aad3ac3ae37d51df50dd55bcae828829e3b0a8c51275bb1f72b658d53b803,43b6b1bd47df8cd6a91cbf57b60db9668b5e317041fab2fca766790962a5e69d
r9-tune-b5-rho0.7-d0.0225,sel_win_w10_n064_privileged,c9d98771d7b014a64f5d899782b2761a05dbf23376ac1260d308137b900f9fe7,405a888e0772f0bc965e6d08ca4b4a1af4f585aa45b3069b255ec947300a6f03
r9-tune-b5-rho0.7-d0.0225,sel_win_w10_n128_privileged,d00c1932f3c758a45dfa62bcbdc665025af6e9bad919176b149f4defa4fa1d81,e93e3ffd37d5ee77d8f248a441acb8eef99ebcee4445e00d770a2c0b325eb245
r9-tune-b5-rho0.7-d0.0225,sel_win_w10_n256_privileged,84d1491c354501a0e0e0ca7770c1f2e9da3ef3925f5ce6ed0f81299ca839327d,9bd02a89f02e2cdeac185211798c2fc733d85536182cda66e0ad1920f80db717
r9-tune-b5-rho0.7-d0.0225,sel_win_w10_n512_privileged,c5aaa69d8501d4930a52e732e2c20b8eeb9822f95233c502c014ebe245589223,997e9929f0c1e2c8fe4bbc34c50e330f78467159baa9c722e01c229d2bdef235
r9-tune-b5-rho0.7-d0.0225,sel_win_w20_n008_privileged,eaa12e4e8700f596355d144c74679a3defa4f48bfbffcc2d64bfcd9d7036f895,5baffb69cd6166fe875c066b334cac7855220b5125626693688d2634145582bc
r9-tune-b5-rho0.7-d0.0225,sel_win_w20_n016_privileged,4696713222fee0670ca06a8c057da9a14f1daeecec38a57c3b09417a3be7b464,a795e44c5b7be24c8d988b7dbafb28f782147c50fdb808a0af2d2420032a571f
r9-tune-b5-rho0.7-d0.0225,sel_win_w20_n032_privileged,ec16e0ab48fe8f087f93288a12760c77aec9b88bf491d103015c04be88073fe1,8b75212d5d85c54b9cd9203ee7b4c07d96c96f5b42d6769adf21674d8fcd65f5
r9-tune-b5-rho0.7-d0.0225,sel_win_w20_n064_privileged,44a02a157ca5c47f246fe51087eb5d98ec450c3b56bdab629bae5974129b3347,5c60ec64159a1cc34f3ad250291d6c2eb2052cddf1d175c6a2ffc80a5ba3c2a1
r9-tune-b5-rho0.7-d0.0225,sel_win_w20_n128_privileged,be5033416987c8af366e5021d0fcc0a86130e130216d7fdf877c3b410eaafc43,de44493590cf1b4404322208c9c96ca5c948b2a908c5a68a82bfc34475ea7c12
r9-tune-b5-rho0.7-d0.0225,sel_win_w20_n256_privileged,6ca53eb84fe7a33777be05b764bef5ce2048f92556ba6c52d108d3bfec39da75,acf855e597ad354c7cf8bc326f1796ac8bb48775c916e4d66a02b9215c0c88f8
r9-tune-b5-rho0.7-d0.0225,sel_win_w20_n512_privileged,4ac79d92e744c477a5fc9797d89a9c7078962bce3176a3ffc211e58598d718e3,2c3c77edf3b6460d6531ac55161520b26a75589b72878c2fa64f8cfd8e63d94a
r9-tune-b5-rho0.7-d0.0225,sel_win_w40_n008_privileged,e1ff291606f9c02c14dda78aedeb634663a3c7799b5c5857b9aaa5909b6305e1,598e34a6ca4c86102f0badd2c78d49f53051a28abc2ad6077029cc756cd3ce84
r9-tune-b5-rho0.7-d0.0225,sel_win_w40_n016_privileged,9344802bae335209834b80261d390ca3a4644e8ecc215f30caacea5b1269eadc,4d1aa715c90c480571e167103d05d421bb7b7830ae0c0cd89ac406eb681accd6
r9-tune-b5-rho0.7-d0.0225,sel_win_w40_n032_privileged,f40251cb062240232a89ac21ad99160787ea6786218680fd8135cf8caa4a1978,778e0c9c6d7e3146337f6281bf84c3850992d79ed68ab14aaf8ddbd16947860e
r9-tune-b5-rho0.7-d0.0225,sel_win_w40_n064_privileged,fc58fb74fea37a5280abe82973af191db358df1b53fd37714859f61a357dd943,35a72e0e4b21342ecf02ee6fe922ed23239953b68bf239800f1e6b2aa9a1bb8b
r9-tune-b5-rho0.7-d0.0225,sel_win_w40_n128_privileged,4f5851d8be30ef35578b1f5132501c3a111edebeb9c9b8997405f9feecd7e341,de8db8fd4ea879d3789e8b81a66b22ad26f57483f2c1eea51e944eac403f6c3f
r9-tune-b5-rho0.7-d0.0225,sel_win_w40_n256_privileged,2d40023be72f6675f073c35d7f328e3af02484070849300c857950b884b3f0c4,e35bb59b2449ff443e73878aed93e1fa4da91a76024df195e1569b5d8ecdbbf2
r9-tune-b5-rho0.7-d0.0225,sel_win_w40_n512_privileged,63a2885ca6b2e0918cb0f3004dc1fba4a2a76c8955f2af8be14754c9162f09ac,809d030e9791c9366bacea1df0f27254d36bf0b71d7fe3a52e3294b3aba1edac
r9-tune-b5-rho0.7-d0.0225,sel_win_w80_n008_privileged,2844f2bb63ee27375ae870d1abf859c074a196e9ca52823dc5085495ab942d46,7a4c81da16e5b953067a435c6432ded2a2e57566ee63e5abb5328b62253a2c30
r9-tune-b5-rho0.7-d0.0225,sel_win_w80_n016_privileged,4b1aac9d6a02cc03c6aeeb581dfa489af6ac158c50ae060a44b5bf3857742c6e,a9155561657e701e05f1ebb446e1b17d4c57fdccf03fe809d72bad107a0b2640
r9-tune-b5-rho0.7-d0.0225,sel_win_w80_n032_privileged,dd1e6e82bf091e6f092bcaf12aa43faa3c89557844d6934a8212ddd361fbc5f2,457f91724b4134aa7c800720f540ea37556f110e9efb58524f5b97611ac720f0
r9-tune-b5-rho0.7-d0.0225,sel_win_w80_n064_privileged,519b1b8eeddf585318dfcfe9fd66c1b23b51f35a5d4a6420fd7a3b93d49fbe6d,b215f0953a996355e777b531481911b5762e54be429a7eac2a3b624467fed7d7
r9-tune-b5-rho0.7-d0.0225,sel_win_w80_n128_privileged,42307fbcc31a72a76fdb5145e2349cca8b6fc5c3269fc28b1b471946570e5ba9,3b58c1c54865dd496b653e709182eb6e32b0e1c59e3b097d72f5ce87131ad79b
r9-tune-b5-rho0.7-d0.0225,sel_win_w80_n256_privileged,131ca8693f03a30e3b4fbda7d50b482a04a2dc2d6dd1aac59860cc7f101994a8,66150fd79bff479b0cdc81662eb4a8b7b5feccf82de56526b0a9887da09a33e6
r9-tune-b5-rho0.7-d0.0225,sel_win_w80_n512_privileged,2e9ac33138608ad98c8745add464b8583c43d8ca3269783d76c30696cc4950b0,365020f39324d4efee3e51afc7bd51d0c65d361b60108b387b45e3596331628e
