unit,clause,test,fixed_seed_value,fixed_seed_outcome,min_over_seeds,max_over_seeds,seeds_with_other_outcome
m2,r1.t100,point >= 0.03,0.04032,True,0.04032,0.04032,0/40
m2,r1.t100,lower > 0.01,0.02174,True,0.02105,0.02204,0/40
m2,r2.t100,point >= 0.2,0.53237,True,0.53237,0.53237,0/40
m2,r2.t100,lower > 0.1,0.46154,True,0.46099,0.46386,0/40
m2,bg.t100,point <= 6.82,5.44000,True,5.44000,5.44000,0/40
m2,r1.t500,point >= 0.03,0.02957,False,0.02957,0.02957,0/40
m2,r1.t500,lower > 0.01,0.01055,True,0.00969,0.01078,1/40
m2,r2.t500,point >= 0.2,0.52518,True,0.52518,0.52518,0/40
m2,r2.t500,lower > 0.1,0.45517,True,0.45385,0.45679,0/40
m2,bg.t500,point <= 6.82,5.33000,True,5.33000,5.33000,0/40
m2,r1.t2000,point >= 0.03,-0.04301,False,-0.04301,-0.04301,0/40
m2,r1.t2000,lower > 0.01,-0.07521,False,-0.07627,-0.07487,0/40
m2,r2.t2000,point >= 0.2,0.53957,True,0.53957,0.53957,0/40
m2,r2.t2000,lower > 0.1,0.46715,True,0.46825,0.47154,0/40
m2,bg.t2000,point <= 6.82,4.28500,True,4.28500,4.28500,0/40
b3,leak_bar.rung_z3,point >= 0.66,0.46043,False,0.46043,0.46043,0/40
b3,budget.rung_z3,point <= 6.82,3.99500,True,3.99500,3.99500,0/40
b3,leak_bar.rung_z2,point >= 0.66,0.46043,False,0.46043,0.46043,0/40
b3,budget.rung_z2,point <= 6.82,9.03000,False,9.03000,9.03000,0/40
b3,leak_bar.reanchor,point >= 0.66,0.46043,False,0.46043,0.46043,0/40
b3,budget.reanchor,point <= 6.82,6.82000,True,6.82000,6.82000,0/40
b3,leak_bar.ramp_over_r3,point >= 0.66,0.98561,True,0.98561,0.98561,0/40
b3,budget.ramp_over_r3,point <= 6.82,3.58000,True,3.58000,3.58000,0/40
b3,leak_bar.split_over_r3,point >= 0.66,0.46043,False,0.46043,0.46043,0/40
b3,budget.split_over_r3,point <= 6.82,3.91000,True,3.91000,3.91000,0/40
b3,leak_bar.ramp_split_over_r3,point >= 0.66,0.98561,True,0.98561,0.98561,0/40
b3,budget.ramp_split_over_r3,point <= 6.82,3.50000,True,3.50000,3.50000,0/40
b3,leak_bar.ramp_over_re2,point >= 0.66,0.98561,True,0.98561,0.98561,0/40
b3,budget.ramp_over_re2,point <= 6.82,6.37000,True,6.37000,6.37000,0/40
b3,leak_bar.split_over_re2,point >= 0.66,0.46043,False,0.46043,0.46043,0/40
b3,budget.split_over_re2,point <= 6.82,6.69500,True,6.69500,6.69500,0/40
b3,leak_bar.ramp_split_over_re2,point >= 0.66,0.98561,True,0.98561,0.98561,0/40
b3,budget.ramp_split_over_re2,point <= 6.82,6.24000,True,6.24000,6.24000,0/40
b3,leak_bar.reanchor_z3,point >= 0.66,0.46043,False,0.46043,0.46043,0/40
b3,budget.reanchor_z3,point <= 6.82,2.29500,True,2.29500,2.29500,0/40
b3,leak_bar.ramp_split_over_re3,point >= 0.66,0.98561,True,0.98561,0.98561,0/40
b3,budget.ramp_split_over_re3,point <= 6.82,1.73000,True,1.73000,1.73000,0/40
l1,c1.end_state,point >= -0.01,0.00000,True,0.00000,0.00000,0/40
l1,c1.end_state,lower > -0.03,-0.01064,True,-0.01087,-0.01053,0/40
l1,c2.slope,point > 0.0,0.04295,True,0.04295,0.04295,0/40
l1,c2.slope,lower > 0.0,-0.02121,False,-0.02152,-0.02087,0/40
l1,c3.off_below_frozen,point >= 0.02,0.03902,True,0.03902,0.03902,0/40
m3,r1.t100,point >= 0.03,0.02957,False,0.02957,0.02957,0/40
m3,r1.t100,lower > 0.01,0.01053,True,0.01015,0.01075,0/40
m3,bg.t100,point <= 6.82,2.03500,True,2.03500,2.03500,0/40
m3,sp.t100,point >= 0.67,0.77188,True,0.77188,0.77188,0/40
m3,r2.t100,point >= 0.2,0.30935,True,0.30935,0.30935,0/40
m3,r2.t100,lower > 0.1,0.22581,True,0.22143,0.22674,0/40
m3,r1.t500,point >= 0.03,0.01882,False,0.01882,0.01882,0/40
m3,r1.t500,lower > 0.01,-0.00264,False,-0.00271,0.00000,0/40
m3,bg.t500,point <= 6.82,0.95000,True,0.95000,0.95000,0/40
m3,sp.t500,point >= 0.67,0.80670,True,0.80670,0.80670,0/40
m3,r2.t500,point >= 0.2,0.43165,True,0.43165,0.43165,0/40
m3,r2.t500,lower > 0.1,0.34783,True,0.34532,0.35043,0/40
m3,r1.t2000,point >= 0.03,-0.00269,False,-0.00269,-0.00269,0/40
m3,r1.t2000,lower > 0.01,-0.02842,False,-0.02907,-0.02762,0/40
m3,bg.t2000,point <= 6.82,1.01000,True,1.01000,1.01000,0/40
m3,sp.t2000,point >= 0.67,0.84256,True,0.84256,0.84256,0/40
m3,r2.t2000,point >= 0.2,0.25180,True,0.25180,0.25180,0/40
m3,r2.t2000,lower > 0.1,0.15385,True,0.15108,0.15603,0/40
