family,mode,tick_ms,incidents,with_decisive,mean_share_in_first_tick,share_any_in_first_tick,share_all_in_first_tick
Compound,mimic,100,62,62,0.0000,0.0000,0.0000
Compound,mimic,500,62,62,0.0000,0.0000,0.0000
Compound,mimic,2000,62,62,0.0000,0.0000,0.0000
Compound,contradict,100,70,70,0.0000,0.0000,0.0000
Compound,contradict,500,70,70,0.0000,0.0000,0.0000
Compound,contradict,2000,70,70,0.0000,0.0000,0.0000
Cascade,mimic,100,56,56,0.0000,0.0000,0.0000
Cascade,mimic,500,56,56,0.0000,0.0000,0.0000
Cascade,mimic,2000,56,56,0.0000,0.0000,0.0000
Cascade,contradict,100,57,57,0.0000,0.0000,0.0000
Cascade,contradict,500,57,57,0.0000,0.0000,0.0000
Cascade,contradict,2000,57,57,0.0000,0.0000,0.0000
SplitBrain,mimic,100,58,58,0.0000,0.0000,0.0000
SplitBrain,mimic,500,58,58,0.0000,0.0000,0.0000
SplitBrain,mimic,2000,58,58,0.0000,0.0000,0.0000
SplitBrain,contradict,100,60,60,0.0000,0.0000,0.0000
SplitBrain,contradict,500,60,60,0.0000,0.0000,0.0000
SplitBrain,contradict,2000,60,60,0.0000,0.0000,0.0000
SlowLeak,none,100,140,140,0.0000,0.0000,0.0000
SlowLeak,none,500,140,140,0.0000,0.0000,0.0000
SlowLeak,none,2000,140,140,0.0000,0.0000,0.0000
