range,seeds,side,group,streams,incidents,incidents_per_stream,recurrences,recurrences_per_stream,rec_per_stream_lo90,rec_per_stream_hi90,recurrence_share,share_lo90,share_hi90
a-tune,10000-10099,hidden,all,100,2643,26.4300,550,5.5000,5.0800,5.9300,0.2081,0.1946,0.2221
a-tune,10000-10099,hidden,tier=plain,100,2110,21.1000,437,4.3700,3.9700,4.7700,0.2071,0.1916,0.2226
a-tune,10000-10099,hidden,tier=hard,100,243,2.4300,44,0.4400,0.3000,0.5900,0.1811,0.1376,0.2218
a-tune,10000-10099,hidden,tier=decoy,100,290,2.9000,69,0.6900,0.5100,0.8800,0.2379,0.1911,0.2830
a-tune,10000-10099,hidden,plain/ResourceExhausted,100,375,3.7500,74,0.7400,0.5800,0.9000,0.1973,0.1638,0.2308
a-tune,10000-10099,hidden,plain/ConfigDrift,100,402,4.0200,70,0.7000,0.5300,0.8800,0.1741,0.1392,0.2080
a-tune,10000-10099,hidden,plain/DependencyDown,100,434,4.3400,81,0.8100,0.6500,0.9800,0.1866,0.1559,0.2160
a-tune,10000-10099,hidden,plain/CredentialExpired,100,461,4.6100,109,1.0900,0.8800,1.3100,0.2364,0.2026,0.2690
a-tune,10000-10099,hidden,plain/Intermittent,100,438,4.3800,103,1.0300,0.8100,1.2600,0.2352,0.1977,0.2711
a-tune,10000-10099,hidden,plain/duo,100,198,1.9800,36,0.3600,0.2700,0.4600,0.1818,0.1443,0.2174
a-tune,10000-10099,hidden,hard/compound,100,72,0.7200,16,0.1600,0.0700,0.2600,0.2222,0.1224,0.3025
a-tune,10000-10099,hidden,hard/cascade,100,63,0.6300,13,0.1300,0.0600,0.2100,0.2063,0.1194,0.2879
a-tune,10000-10099,hidden,hard/split_brain,100,64,0.6400,10,0.1000,0.0500,0.1600,0.1562,0.0877,0.2188
a-tune,10000-10099,hidden,hard/slow_leak,100,44,0.4400,5,0.0500,0.0100,0.1000,0.1136,0.0303,0.1905
a-tune,10000-10099,hidden,decoy/compound,100,70,0.7000,20,0.2000,0.1000,0.3100,0.2857,0.1719,0.3860
a-tune,10000-10099,hidden,decoy/cascade,100,59,0.5900,9,0.0900,0.0200,0.1700,0.1525,0.0426,0.2533
a-tune,10000-10099,hidden,decoy/split_brain,100,77,0.7700,15,0.1500,0.0700,0.2400,0.1948,0.1071,0.2773
a-tune,10000-10099,hidden,decoy/slow_leak,100,84,0.8400,25,0.2500,0.1495,0.3700,0.2976,0.2133,0.3656
a-tune,10000-10099,hidden,hard/cascade/contradict,100,34,0.3400,7,0.0700,0.0300,0.1200,0.2059,0.0975,0.3030
a-tune,10000-10099,hidden,hard/cascade/mimic,100,29,0.2900,6,0.0600,0.0100,0.1200,0.2069,0.0556,0.3250
a-tune,10000-10099,hidden,hard/compound/contradict,100,37,0.3700,10,0.1000,0.0400,0.1700,0.2703,0.1429,0.3750
a-tune,10000-10099,hidden,hard/compound/mimic,100,35,0.3500,6,0.0600,0.0200,0.1100,0.1714,0.0690,0.2647
a-tune,10000-10099,hidden,hard/slow_leak/,100,44,0.4400,5,0.0500,0.0100,0.1000,0.1136,0.0303,0.1905
a-tune,10000-10099,hidden,hard/split_brain/contradict,100,32,0.3200,1,0.0100,0.0000,0.0300,0.0312,0.0000,0.0870
a-tune,10000-10099,hidden,hard/split_brain/mimic,100,32,0.3200,9,0.0900,0.0400,0.1500,0.2812,0.1667,0.3778
a-heldout,40000-40199,hidden,all,200,5344,26.7200,1095,5.4750,5.2100,5.7400,0.2049,0.1958,0.2141
a-heldout,40000-40199,hidden,tier=plain,200,4304,21.5200,883,4.4150,4.1600,4.6700,0.2052,0.1948,0.2156
a-heldout,40000-40199,hidden,tier=hard,200,512,2.5600,83,0.4150,0.3400,0.4950,0.1621,0.1379,0.1862
a-heldout,40000-40199,hidden,tier=decoy,200,528,2.6400,129,0.6450,0.5350,0.7650,0.2443,0.2121,0.2746
a-heldout,40000-40199,hidden,plain/ResourceExhausted,200,878,4.3900,189,0.9450,0.8050,1.0950,0.2153,0.1912,0.2394
a-heldout,40000-40199,hidden,plain/ConfigDrift,200,911,4.5550,206,1.0300,0.8948,1.1800,0.2261,0.2031,0.2497
a-heldout,40000-40199,hidden,plain/DependencyDown,200,900,4.5000,183,0.9150,0.7850,1.0500,0.2033,0.1805,0.2258
a-heldout,40000-40199,hidden,plain/CredentialExpired,200,815,4.0750,155,0.7750,0.6600,0.8950,0.1902,0.1681,0.2122
a-heldout,40000-40199,hidden,plain/Intermittent,200,800,4.0000,150,0.7500,0.6400,0.8650,0.1875,0.1656,0.2089
a-heldout,40000-40199,hidden,plain/duo,200,528,2.6400,111,0.5550,0.4450,0.6700,0.2102,0.1789,0.2404
a-heldout,40000-40199,hidden,hard/compound,200,117,0.5850,21,0.1050,0.0650,0.1450,0.1795,0.1240,0.2326
a-heldout,40000-40199,hidden,hard/cascade,200,132,0.6600,15,0.0750,0.0400,0.1150,0.1136,0.0650,0.1641
a-heldout,40000-40199,hidden,hard/split_brain,200,149,0.7450,26,0.1300,0.0900,0.1750,0.1745,0.1288,0.2186
a-heldout,40000-40199,hidden,hard/slow_leak,200,114,0.5700,21,0.1050,0.0650,0.1500,0.1842,0.1261,0.2397
a-heldout,40000-40199,hidden,decoy/compound,200,140,0.7000,49,0.2450,0.1750,0.3200,0.3500,0.2836,0.4085
a-heldout,40000-40199,hidden,decoy/cascade,200,109,0.5450,23,0.1150,0.0650,0.1700,0.2110,0.1398,0.2755
a-heldout,40000-40199,hidden,decoy/split_brain,200,131,0.6550,22,0.1100,0.0650,0.1550,0.1679,0.1129,0.2192
a-heldout,40000-40199,hidden,decoy/slow_leak,200,148,0.7400,35,0.1750,0.1150,0.2400,0.2365,0.1778,0.2883
a-heldout,40000-40199,hidden,hard/cascade/contradict,200,73,0.3650,9,0.0450,0.0150,0.0800,0.1233,0.0533,0.1970
a-heldout,40000-40199,hidden,hard/cascade/mimic,200,59,0.2950,6,0.0300,0.0100,0.0550,0.1017,0.0357,0.1702
a-heldout,40000-40199,hidden,hard/compound/contradict,200,61,0.3050,10,0.0500,0.0200,0.0850,0.1639,0.0816,0.2424
a-heldout,40000-40199,hidden,hard/compound/mimic,200,56,0.2800,11,0.0550,0.0300,0.0850,0.1964,0.1190,0.2656
a-heldout,40000-40199,hidden,hard/slow_leak/,200,114,0.5700,21,0.1050,0.0650,0.1500,0.1842,0.1261,0.2397
a-heldout,40000-40199,hidden,hard/split_brain/contradict,200,63,0.3150,11,0.0550,0.0300,0.0850,0.1746,0.1034,0.2388
a-heldout,40000-40199,hidden,hard/split_brain/mimic,200,86,0.4300,15,0.0750,0.0400,0.1100,0.1744,0.1096,0.2391
b,50000-50099,hidden,all,100,2679,26.7900,1262,12.6200,12.0600,13.1800,0.4711,0.4557,0.4865
b,50000-50099,hidden,tier=plain,100,2080,20.8000,954,9.5400,9.0100,10.0700,0.4587,0.4427,0.4744
b,50000-50099,hidden,tier=hard,100,289,2.8900,134,1.3400,1.0700,1.6300,0.4637,0.4221,0.5000
b,50000-50099,hidden,tier=decoy,100,310,3.1000,174,1.7400,1.4100,2.0900,0.5613,0.5114,0.6068
b,50000-50099,hidden,plain/ResourceExhausted,100,427,4.2700,202,2.0200,1.6800,2.3800,0.4731,0.4389,0.5046
b,50000-50099,hidden,plain/ConfigDrift,100,387,3.8700,157,1.5700,1.2700,1.8800,0.4057,0.3646,0.4424
b,50000-50099,hidden,plain/DependencyDown,100,436,4.3600,202,2.0200,1.7300,2.3100,0.4633,0.4292,0.4943
b,50000-50099,hidden,plain/CredentialExpired,100,413,4.1300,191,1.9100,1.5600,2.2800,0.4625,0.4200,0.5000
b,50000-50099,hidden,plain/Intermittent,100,417,4.1700,202,2.0200,1.6600,2.4000,0.4844,0.4415,0.5230
b,50000-50099,hidden,plain/duo,100,267,2.6700,136,1.3600,1.0700,1.6700,0.5094,0.4642,0.5485
b,50000-50099,hidden,hard/compound,100,68,0.6800,27,0.2700,0.1500,0.4000,0.3971,0.2903,0.4824
b,50000-50099,hidden,hard/cascade,100,56,0.5600,26,0.2600,0.1500,0.3800,0.4643,0.3636,0.5424
b,50000-50099,hidden,hard/split_brain,100,101,1.0100,54,0.5400,0.3500,0.7400,0.5347,0.4598,0.5954
b,50000-50099,hidden,hard/slow_leak,100,64,0.6400,27,0.2700,0.1600,0.3900,0.4219,0.3214,0.5000
b,50000-50099,hidden,decoy/compound,100,66,0.6600,33,0.3300,0.1700,0.5100,0.5000,0.3636,0.5976
b,50000-50099,hidden,decoy/cascade,100,85,0.8500,45,0.4500,0.2800,0.6300,0.5294,0.4366,0.6038
b,50000-50099,hidden,decoy/split_brain,100,88,0.8800,52,0.5200,0.2900,0.7800,0.5909,0.4782,0.6726
b,50000-50099,hidden,decoy/slow_leak,100,71,0.7100,44,0.4400,0.2600,0.6405,0.6197,0.5227,0.6875
b,50000-50099,hidden,hard/cascade/contradict,100,31,0.3100,17,0.1700,0.0800,0.2700,0.5484,0.4138,0.6364
b,50000-50099,hidden,hard/cascade/mimic,100,25,0.2500,9,0.0900,0.0300,0.1600,0.3600,0.2000,0.4722
b,50000-50099,hidden,hard/compound/contradict,100,30,0.3000,13,0.1300,0.0500,0.2200,0.4333,0.2581,0.5484
b,50000-50099,hidden,hard/compound/mimic,100,38,0.3800,14,0.1400,0.0600,0.2300,0.3684,0.2188,0.4821
b,50000-50099,hidden,hard/slow_leak/,100,64,0.6400,27,0.2700,0.1600,0.3900,0.4219,0.3214,0.5000
b,50000-50099,hidden,hard/split_brain/contradict,100,61,0.6100,37,0.3700,0.2000,0.5600,0.6066,0.5102,0.6731
b,50000-50099,hidden,hard/split_brain/mimic,100,40,0.4000,17,0.1700,0.0900,0.2600,0.4250,0.3077,0.5143
