seed,a,b,band_ns,alarm_at_ns,made_at_ns,relation,true_edge,followed_hidden,lead_from_alarm_ns,lead_from_made_ns,follow_owner,predicting_owner,followed_public,event_hit,cand_n,cand_true,cand_followed,chance_true_edge,chance_followed
10000,8,5,400000000,43745662823,44000000000,none,False,False,,,-9,-1,0,False,3,1,0,0.333333,0.000000
10000,8,5,400000000,46052124480,46500000000,none,False,False,,,-9,-1,0,False,3,1,0,0.333333,0.000000
10000,8,5,400000000,48141391186,48500000000,none,False,False,,,-9,2,0,False,2,1,0,0.500000,0.000000
10000,6,5,2000000000,74498534053,74500000000,none,False,True,598106928.000000,596640981.000000,6,5,1,False,2,0,2,0.000000,1.000000
10000,6,5,2000000000,77769269620,78000000000,none,False,False,,,-9,5,0,False,2,0,1,0.000000,0.500000
10000,6,5,2000000000,85335851073,85500000000,none,False,False,,,-9,5,0,False,2,0,0,0.000000,0.000000
10000,6,7,2000000000,85335851073,85500000000,none,False,False,,,-9,5,0,False,2,0,0,0.000000,0.000000
10000,6,7,2000000000,117020874845,117500000000,none,False,False,,,-9,-1,0,False,2,0,0,0.000000,0.000000
10000,7,8,400000000,198574558104,199000000000,none,False,False,,,-9,-1,0,False,6,0,1,0.000000,0.166667
10000,9,7,2000000000,220657771856,221000000000,none,False,False,,,-9,-1,0,False,3,0,2,0.000000,0.666667
10000,7,4,400000000,227523686366,228000000000,none,False,False,,,-9,-1,0,False,4,0,0,0.000000,0.000000
10000,7,4,400000000,246217575065,246500000000,none,False,True,69624933.000000,-212800002.000000,-1,-1,1,False,3,0,1,0.000000,0.333333
10000,8,7,2000000000,252603831541,253000000000,none,False,False,,,-9,-1,0,False,2,0,0,0.000000,0.000000
10000,7,4,400000000,258313120787,258500000000,none,False,False,,,-9,-1,0,False,5,0,1,0.000000,0.200000
10000,7,4,400000000,275061989356,275500000000,none,False,False,,,-9,-1,0,False,5,0,0,0.000000,0.000000
10000,7,4,2000000000,295820727965,296000000000,none,False,False,,,-9,-1,0,False,5,0,0,0.000000,0.000000
10000,8,7,2000000000,336412219436,336500000000,none,False,False,,,-9,17,0,False,1,0,0,0.000000,0.000000
10000,8,7,2000000000,339656042264,340000000000,none,False,False,,,-9,-1,0,False,1,0,0,0.000000,0.000000
10000,8,7,2000000000,343196666338,343500000000,none,False,True,526811548.000000,223477886.000000,-1,-1,1,False,1,0,1,0.000000,1.000000
10000,8,7,2000000000,353997387990,354000000000,none,False,False,,,-9,-1,0,False,3,1,1,0.333333,0.333333
10000,7,9,2000000000,405198562690,405500000000,none,False,False,,,-9,-1,0,False,5,0,0,0.000000,0.000000
10000,4,7,2000000000,421422158366,421500000000,none,False,False,,,-9,-1,0,False,4,1,1,0.250000,0.250000
10000,4,9,2000000000,427613555088,428000000000,added_edge,True,False,,,-9,-1,0,False,5,1,0,0.200000,0.000000
10000,4,9,2000000000,429711878551,430000000000,added_edge,True,False,,,-9,-1,0,False,5,1,1,0.200000,0.200000
10000,8,7,2000000000,439412415927,439500000000,none,False,False,,,-9,-1,0,False,3,1,0,0.333333,0.000000
10000,8,7,2000000000,442776857673,443000000000,none,False,False,,,-9,-1,0,False,3,1,0,0.333333,0.000000
10000,10,9,2000000000,461462801060,461500000000,none,False,False,,,-9,25,0,False,3,0,0,0.000000,0.000000
10000,6,7,400000000,497402485223,497500000000,none,False,False,,,-9,-1,0,False,1,0,0,0.000000,0.000000
10000,7,10,2000000000,504059496198,504500000000,none,False,True,1068450487.000000,627946685.000000,-1,24,1,False,3,0,1,0.000000,0.333333
10000,6,7,2000000000,508632172170,509000000000,none,False,True,194046923.000000,-173780907.000000,-1,-1,1,False,1,0,1,0.000000,1.000000
10000,7,10,2000000000,508826219093,509000000000,none,False,True,1021598626.000000,847817719.000000,28,-1,1,False,2,0,2,0.000000,1.000000
10000,6,7,400000000,518200816698,518500000000,none,False,False,,,-9,-1,0,False,1,0,0,0.000000,0.000000
10000,4,6,2000000000,522473971642,522500000000,none,False,False,,,-9,27,0,False,3,1,0,0.333333,0.000000
10000,4,8,400000000,522473971642,522500000000,cascade_rev,False,False,,,-9,27,0,False,3,1,0,0.333333,0.000000
10000,7,10,2000000000,525759938607,526000000000,none,False,False,,,-9,-1,0,False,2,0,0,0.000000,0.000000
10000,7,10,2000000000,532421155318,532500000000,none,False,False,,,-9,-1,0,False,5,0,0,0.000000,0.000000
10000,4,8,400000000,537601080057,538000000000,cascade_rev,False,False,,,-9,27,0,False,5,1,0,0.200000,0.000000
10000,7,10,2000000000,539945305554,540000000000,none,False,False,,,-9,-1,0,False,5,0,0,0.000000,0.000000
10000,4,8,400000000,554660318098,555000000000,cascade_rev,False,False,,,-9,-1,0,False,5,1,0,0.200000,0.000000
10000,7,10,2000000000,573018413824,573500000000,none,False,False,,,-9,-1,0,False,5,0,2,0.000000,0.400000
10000,7,10,2000000000,581282468376,581500000000,none,False,False,,,-9,-1,0,False,5,0,1,0.000000,0.200000
10001,6,7,400000000,413639012077,414000000000,none,False,False,,,-9,17,0,False,2,0,0,0.000000,0.000000
10001,7,4,2000000000,598750430333,599000000000,none,False,False,,,-9,-1,0,False,2,0,0,0.000000,0.000000
10002,6,3,2000000000,55713382969,56000000000,none,False,False,,,-9,-1,0,False,3,1,0,0.333333,0.000000
10002,6,3,2000000000,89805354020,90000000000,none,False,False,,,-9,-1,0,False,3,1,0,0.333333,0.000000
10002,2,5,400000000,140353799018,140500000000,none,False,False,,,-9,-1,0,False,2,0,0,0.000000,0.000000
10002,3,6,2000000000,142157689137,142500000000,none,False,False,,,-9,-1,0,False,3,0,1,0.000000,0.333333
10002,3,5,400000000,182328597103,182500000000,none,False,False,,,-9,-1,0,False,3,0,0,0.000000,0.000000
10002,2,5,400000000,188632213153,189000000000,none,False,True,324347109.000000,-43439738.000000,-1,-1,1,False,2,0,2,0.000000,1.000000
10002,1,4,400000000,192353720807,192500000000,none,False,False,,,-9,5,0,False,2,0,0,0.000000,0.000000
10002,1,5,400000000,192353720807,192500000000,none,False,False,,,-9,5,0,False,2,0,0,0.000000,0.000000
10002,3,6,2000000000,196378399082,196500000000,none,False,False,,,-9,-1,0,False,3,0,1,0.000000,0.333333
10002,1,4,400000000,198960925300,199000000000,none,False,False,,,-9,-1,0,False,2,0,0,0.000000,0.000000
10002,1,5,400000000,198960925300,199000000000,none,False,False,,,-9,-1,0,False,2,0,0,0.000000,0.000000
10002,1,5,400000000,203576553595,204000000000,none,False,False,,,-9,5,0,False,2,0,0,0.000000,0.000000
10002,1,5,400000000,205997441312,206000000000,none,False,False,,,-9,5,0,False,1,0,0,0.000000,0.000000
10002,3,6,2000000000,206420901514,206500000000,none,False,False,,,-9,-1,0,False,3,0,0,0.000000,0.000000
10002,1,4,400000000,210037415670,210500000000,none,False,False,,,-9,5,0,False,1,0,0,0.000000,0.000000
10002,3,6,2000000000,210598928091,211000000000,none,False,True,299453567.000000,-101618342.000000,-1,-1,1,False,2,0,1,0.000000,0.500000
10002,2,5,400000000,212713596773,213000000000,none,False,False,,,-9,-1,0,False,3,0,0,0.000000,0.000000
10002,3,6,2000000000,214321771976,214500000000,none,False,False,,,-9,-1,0,False,4,0,0,0.000000,0.000000
10002,5,3,2000000000,223629753582,224000000000,none,False,True,1506727191.000000,1136480773.000000,-1,-1,1,False,4,0,1,0.000000,0.250000
10002,3,6,2000000000,225136480773,225500000000,none,False,False,,,-9,-1,0,False,2,0,0,0.000000,0.000000
10002,5,3,2000000000,231733201743,232000000000,none,False,True,644398041.000000,377599784.000000,-1,-1,1,False,2,0,2,0.000000,1.000000
10002,5,3,2000000000,236009629074,236500000000,none,False,True,752880235.000000,262509309.000000,-1,-1,1,False,3,0,2,0.000000,0.666667
10002,5,3,2000000000,244103783167,244500000000,none,False,False,,,-9,-1,0,False,2,0,0,0.000000,0.000000
10002,3,6,2000000000,246950643922,247000000000,none,False,False,,,-9,-1,0,False,2,0,0,0.000000,0.000000
10002,5,3,2000000000,256588378561,257000000000,none,False,False,,,-9,-1,0,False,2,0,0,0.000000,0.000000
10002,5,3,2000000000,259783874104,260000000000,none,False,True,694971585.000000,478845689.000000,10,-1,1,False,4,0,4,0.000000,1.000000
10002,5,3,2000000000,263343023170,263500000000,none,False,False,,,-9,-1,0,False,4,0,1,0.000000,0.250000
10002,1,4,400000000,264731981767,265000000000,none,False,False,,,-9,-1,0,False,1,0,0,0.000000,0.000000
10002,5,3,2000000000,266510181000,267000000000,none,False,True,497653018.000000,7834018.000000,-1,-1,1,False,2,0,1,0.000000,0.500000
10002,1,4,400000000,276136944130,276500000000,none,False,False,,,-9,-1,0,False,1,0,0,0.000000,0.000000
10002,5,2,2000000000,284518052739,285000000000,none,False,True,515020327.000000,33073066.000000,-1,-1,1,False,2,0,2,0.000000,1.000000
10002,5,2,2000000000,296316543092,296500000000,none,False,False,,,-9,-1,0,False,2,0,1,0.000000,0.500000
10002,5,2,2000000000,298720821249,299000000000,none,False,False,,,-9,-1,0,False,2,0,0,0.000000,0.000000
10002,5,2,2000000000,301682311409,302000000000,none,False,False,,,-9,-1,0,False,3,0,2,0.000000,0.666667
10002,1,4,2000000000,302103998316,302500000000,none,False,False,,,-9,12,0,False,1,0,0,0.000000,0.000000
10002,2,5,400000000,307966038399,308000000000,none,False,False,,,-9,-1,0,False,2,0,0,0.000000,0.000000
10002,5,3,2000000000,312562813845,313000000000,none,False,False,,,-9,-1,0,False,2,0,0,0.000000,0.000000
10002,5,3,2000000000,317497807255,317500000000,none,False,False,,,-9,-1,0,False,3,0,0,0.000000,0.000000
10002,2,7,2000000000,323336164095,323500000000,none,False,True,1704711189.000000,1540875284.000000,-1,-1,1,False,2,0,1,0.000000,0.500000
10002,2,7,2000000000,333169925589,333500000000,none,False,False,,,-9,-1,0,False,1,0,0,0.000000,0.000000
10002,5,2,2000000000,340431920071,340500000000,none,False,False,,,-9,13,0,False,4,0,1,0.000000,0.250000
10002,2,7,2000000000,364876280641,365000000000,none,False,False,,,-9,14,0,False,2,0,1,0.000000,0.500000
10002,7,2,2000000000,463828044764,464000000000,none,False,False,,,-9,-1,0,False,3,0,1,0.000000,0.333333
10002,7,2,2000000000,478130925034,478500000000,none,False,False,,,-9,22,0,False,2,0,0,0.000000,0.000000
10003,10,5,2000000000,52535972155,53000000000,none,False,True,801761034.000000,337733189.000000,-1,1,1,False,5,0,4,0.000000,0.800000
10003,10,5,2000000000,65186836533,65500000000,none,False,False,,,-9,1,0,False,7,0,2,0.000000,0.285714
10003,10,5,2000000000,67627256662,68000000000,none,False,False,,,-9,1,0,False,7,0,1,0.000000,0.142857
10003,3,1,400000000,110548223194,111000000000,cascade_rev,False,False,,,-9,-1,0,False,1,0,0,0.000000,0.000000
10003,9,8,2000000000,117399369434,117500000000,none,False,False,,,-9,-1,0,False,2,0,0,0.000000,0.000000
10003,3,1,400000000,121686194137,122000000000,cascade_rev,False,False,,,-9,4,0,False,9,1,1,0.111111,0.111111
10003,3,7,2000000000,121686194137,122000000000,none,False,True,148987166.000000,-164818697.000000,-1,4,1,False,9,1,1,0.111111,0.111111
10003,10,1,2000000000,130351974789,130500000000,none,False,False,,,-9,-1,0,False,8,0,5,0.000000,0.625000
10003,3,7,2000000000,134600225313,135000000000,none,False,False,,,-9,-1,0,False,8,1,2,0.125000,0.250000
10003,1,2,2000000000,197617276767,198000000000,none,False,False,,,-9,-1,0,False,3,1,0,0.333333,0.000000
10003,1,2,2000000000,204161521068,204500000000,none,False,False,,,-9,-1,0,False,3,1,1,0.333333,0.333333
10003,9,11,2000000000,210063562178,210500000000,none,False,False,,,-9,10,0,False,4,0,0,0.000000,0.000000
10003,9,11,2000000000,215596218642,216000000000,none,False,False,,,-9,10,0,False,4,0,0,0.000000,0.000000
10003,1,2,2000000000,219379957725,219500000000,none,False,False,,,-9,-1,0,False,2,0,0,0.000000,0.000000
10003,1,2,2000000000,224672653769,225000000000,none,False,False,,,-9,-1,0,False,3,1,2,0.333333,0.666667
10003,10,11,2000000000,232626965840,233000000000,none,False,True,695486691.000000,322452531.000000,-1,11,1,False,8,0,1,0.000000,0.125000
10003,10,11,2000000000,238715814377,239000000000,none,False,False,,,-9,11,0,False,8,0,1,0.000000,0.125000
10003,8,11,2000000000,242241906218,242500000000,none,False,True,5112268.000000,-252981514.000000,12,12,1,False,4,0,3,0.000000,0.750000
10003,8,11,400000000,247628043106,248000000000,none,False,False,,,-9,-1,0,False,7,0,0,0.000000,0.000000
10003,10,11,2000000000,249857190025,250000000000,none,False,False,,,-9,-1,0,False,6,0,1,0.000000,0.166667
10003,8,6,2000000000,253199043867,253500000000,peer,False,False,,,-9,-1,0,False,8,0,2,0.000000,0.250000
10003,8,11,2000000000,253199043867,253500000000,none,False,False,,,-9,-1,0,False,8,0,2,0.000000,0.250000
10003,10,11,2000000000,254557433764,255000000000,none,False,False,,,-9,11,0,False,8,0,1,0.000000,0.125000
10003,9,11,2000000000,264332729797,264500000000,none,False,True,16377322.000000,-150892881.000000,13,13,1,False,4,0,2,0.000000,0.500000
10003,10,11,2000000000,269143684469,269500000000,none,False,True,1941452465.000000,1585136934.000000,-1,-1,1,False,7,0,2,0.000000,0.285714
10003,8,11,2000000000,270835843549,271000000000,none,False,True,249293385.000000,85136934.000000,-1,-1,1,False,6,0,3,0.000000,0.500000
10003,7,8,2000000000,276183675850,276500000000,cascade,True,False,,,-9,13,0,False,3,1,0,0.333333,0.000000
10003,8,6,2000000000,280616485384,281000000000,peer,False,True,9225005.000000,-374289611.000000,14,14,1,False,6,0,4,0.000000,0.666667
10003,8,6,2000000000,285104031593,285500000000,peer,False,False,,,-9,-1,0,False,7,0,1,0.000000,0.142857
10003,8,11,400000000,285104031593,285500000000,none,False,False,,,-9,-1,0,False,7,0,0,0.000000,0.000000
10003,10,11,2000000000,287377281617,287500000000,none,False,True,1775338408.000000,1652620025.000000,-1,-1,1,False,8,0,3,0.000000,0.375000
10003,8,6,2000000000,296314456816,296500000000,peer,False,True,238122569.000000,52579385.000000,-1,-1,1,False,6,0,3,0.000000,0.500000
10003,8,11,400000000,296314456816,296500000000,none,False,False,,,-9,-1,0,False,6,0,2,0.000000,0.333333
10003,10,11,2000000000,296613922873,297000000000,none,False,False,,,-9,-1,0,False,5,0,1,0.000000,0.200000
10003,9,11,400000000,296778820951,297000000000,none,False,False,,,-9,-1,0,False,2,0,0,0.000000,0.000000
10003,11,9,2000000000,299869084243,300000000000,none,False,False,,,-9,-1,0,False,4,0,0,0.000000,0.000000
10003,10,11,2000000000,305332898326,305500000000,none,False,False,,,-9,-1,0,False,9,0,2,0.000000,0.222222
10003,8,6,400000000,305708840798,306000000000,peer,False,False,,,-9,-1,0,False,6,0,0,0.000000,0.000000
10003,8,6,400000000,308227374170,308500000000,peer,False,False,,,-9,-1,0,False,5,0,0,0.000000,0.000000
10003,11,9,2000000000,313209460149,313500000000,none,False,False,,,-9,-1,0,False,4,0,1,0.000000,0.250000
10003,7,8,2000000000,317478855759,317500000000,cascade,True,False,,,-9,13,0,False,3,1,0,0.333333,0.000000
10003,9,8,400000000,322929035249,323000000000,none,False,False,,,-9,-1,0,False,4,0,0,0.000000,0.000000
10003,10,11,2000000000,324469349804,324500000000,none,False,False,,,-9,-1,0,False,7,0,2,0.000000,0.285714
10003,8,6,400000000,328804406696,329000000000,peer,False,False,,,-9,-1,0,False,4,0,0,0.000000,0.000000
10003,8,11,2000000000,328804406696,329000000000,none,False,False,,,-9,-1,0,False,4,0,1,0.000000,0.250000
10003,8,11,2000000000,332959544154,333000000000,none,False,False,,,-9,-1,0,False,5,0,0,0.000000,0.000000
10003,8,6,2000000000,343597772200,344000000000,peer,False,False,,,-9,-1,0,False,8,0,0,0.000000,0.000000
10003,8,6,2000000000,364374578080,364500000000,peer,False,False,,,-9,-1,0,False,7,0,0,0.000000,0.000000
10003,10,6,2000000000,366507464380,367000000000,none,False,True,395299713.000000,-97235907.000000,15,-1,1,False,10,0,2,0.000000,0.200000
10003,7,8,400000000,368851236323,369000000000,cascade,True,False,,,-9,-1,0,False,3,1,0,0.333333,0.000000
10003,7,8,400000000,371791851087,372000000000,cascade,True,False,,,-9,-1,0,False,3,1,0,0.333333,0.000000
10003,5,8,2000000000,386895369767,387000000000,none,False,False,,,-9,-1,0,False,2,0,1,0.000000,0.500000
10003,5,8,2000000000,392579636629,393000000000,none,False,False,,,-9,-1,0,False,2,0,0,0.000000,0.000000
10003,7,8,400000000,393324813819,393500000000,cascade,True,False,,,-9,-1,0,False,2,1,0,0.500000,0.000000
10003,5,8,2000000000,409665744375,410000000000,added_edge,True,False,,,-9,18,0,False,1,1,0,1.000000,0.000000
10003,5,8,2000000000,416731986135,417000000000,added_edge,True,False,,,-9,18,0,False,2,1,0,0.500000,0.000000
10003,7,8,400000000,426347840592,426500000000,cascade,True,True,2527758.000000,-149631650.000000,19,19,1,False,3,1,1,0.333333,0.333333
10003,11,8,400000000,435426802783,435500000000,none,False,False,,,-9,20,0,False,3,0,0,0.000000,0.000000
10003,11,8,400000000,440491410878,440500000000,none,False,False,,,-9,20,0,False,2,0,0,0.000000,0.000000
10003,7,8,400000000,440877934203,441000000000,cascade,True,False,,,-9,-1,0,False,2,1,0,0.500000,0.000000
10003,8,9,400000000,451383323779,451500000000,none,False,False,,,-9,-1,0,False,5,0,0,0.000000,0.000000
10003,7,8,400000000,455400053390,455500000000,cascade,True,False,,,-9,-1,0,False,3,1,0,0.333333,0.000000
10003,6,8,2000000000,458504543062,459000000000,peer,False,False,,,-9,-1,0,False,2,0,0,0.000000,0.000000
10003,11,8,2000000000,538248218848,538500000000,none,False,False,,,-9,31,0,False,3,0,0,0.000000,0.000000
10003,7,8,2000000000,540332909751,540500000000,cascade,True,False,,,-9,26,0,False,3,1,1,0.333333,0.333333
10003,7,8,2000000000,544121761481,544500000000,cascade,True,False,,,-9,26,0,False,2,1,0,0.500000,0.000000
10003,6,10,400000000,568960245295,569000000000,none,False,False,,,-9,31,0,False,2,0,0,0.000000,0.000000
10003,9,11,2000000000,582114811200,582500000000,none,False,False,,,-9,-1,0,False,4,0,1,0.000000,0.250000
10003,6,10,400000000,589369082594,589500000000,none,False,False,,,-9,31,0,False,2,0,0,0.000000,0.000000
10003,6,10,400000000,593227590643,593500000000,none,False,False,,,-9,31,0,False,3,0,0,0.000000,0.000000
10004,10,7,2000000000,116156257064,116500000000,cascade,True,False,,,-9,-1,0,False,2,1,1,0.500000,0.500000
10004,5,8,400000000,116531100091,117000000000,none,False,False,,,-9,2,0,False,4,0,1,0.000000,0.250000
10004,5,8,2000000000,121620669623,122000000000,none,False,False,,,-9,2,0,False,4,0,0,0.000000,0.000000
10004,5,8,2000000000,128991674010,129000000000,none,False,False,,,-9,2,0,False,4,0,0,0.000000,0.000000
10004,4,7,400000000,203034416045,203500000000,cascade_rev,False,False,,,-9,-1,0,False,2,0,0,0.000000,0.000000
10004,10,8,400000000,223244266987,223500000000,none,False,False,,,-9,-1,0,False,1,0,0,0.000000,0.000000
10004,7,8,2000000000,246041764637,246500000000,none,False,True,728692557.000000,270457194.000000,12,-1,1,False,4,1,1,0.250000,0.250000
10004,7,8,2000000000,249169948622,249500000000,none,False,True,398541946.000000,68490568.000000,12,-1,1,False,4,1,1,0.250000,0.250000
10004,7,8,2000000000,258861037693,259000000000,none,False,True,312909135.000000,173946828.000000,-1,-1,1,False,2,1,1,0.500000,0.500000
10004,6,7,2000000000,264834121159,265000000000,none,False,False,,,-9,13,0,False,1,0,0,0.000000,0.000000
10004,4,7,400000000,272401045613,272500000000,cascade_rev,False,False,,,-9,-1,0,False,1,0,0,0.000000,0.000000
10004,7,8,2000000000,313914031899,314000000000,none,False,False,,,-9,19,0,False,2,0,0,0.000000,0.000000
10004,6,5,400000000,321170610524,321500000000,none,False,True,322112598.000000,-7276878.000000,19,-1,1,False,3,0,1,0.000000,0.333333
10004,10,7,2000000000,324411613113,324500000000,cascade,True,False,,,-9,-1,0,False,2,1,0,0.500000,0.000000
10004,7,8,2000000000,329919149473,330000000000,none,False,False,,,-9,-1,0,False,3,0,0,0.000000,0.000000
10004,4,7,400000000,342880271964,343000000000,cascade_rev,False,False,,,-9,-1,0,False,1,0,0,0.000000,0.000000
10004,6,7,400000000,343361136488,343500000000,none,False,False,,,-9,-1,0,False,2,0,0,0.000000,0.000000
10004,6,7,400000000,346387960430,346500000000,none,False,False,,,-9,-1,0,False,1,0,0,0.000000,0.000000
10004,8,6,2000000000,352825053155,353000000000,none,False,False,,,-9,22,0,False,4,0,1,0.000000,0.250000
10004,10,7,2000000000,359234881954,359500000000,cascade,True,False,,,-9,20,0,False,1,1,0,1.000000,0.000000
10004,6,7,2000000000,373707507876,374000000000,none,False,False,,,-9,-1,0,False,1,0,0,0.000000,0.000000
10004,6,5,2000000000,391881921628,392000000000,none,False,False,,,-9,23,0,False,1,0,0,0.000000,0.000000
10004,7,6,2000000000,432411080989,432500000000,none,False,True,1046023288.000000,957104277.000000,-1,26,1,False,4,1,1,0.250000,0.250000
10004,7,6,2000000000,442251646201,442500000000,none,False,True,1569794535.000000,1321440736.000000,26,26,1,False,4,1,3,0.250000,0.750000
10004,7,6,2000000000,449381687291,449500000000,none,False,False,,,-9,26,0,False,4,1,0,0.250000,0.000000
10004,7,6,2000000000,454679170142,455000000000,none,False,True,816447631.000000,495617773.000000,-1,26,1,False,4,1,1,0.250000,0.250000
10004,7,6,2000000000,460077774951,460500000000,none,False,True,460860950.000000,38635901.000000,-1,26,1,False,4,1,2,0.250000,0.500000
10004,7,6,2000000000,462553960381,463000000000,none,False,False,,,-9,26,0,False,3,1,0,0.333333,0.000000
10004,7,6,2000000000,504523400956,505000000000,none,False,False,,,-9,26,0,False,3,1,1,0.333333,0.333333
10004,7,6,2000000000,518792519632,519000000000,none,False,True,5922751.000000,-201557617.000000,31,31,1,False,4,1,4,0.250000,1.000000
10004,7,6,2000000000,533169307532,533500000000,none,False,False,,,-9,-1,0,False,3,2,1,0.666667,0.333333
10004,7,6,2000000000,541187467616,541500000000,none,False,False,,,-9,-1,0,False,3,2,0,0.666667,0.000000
10004,7,6,2000000000,558429888988,558500000000,none,False,True,884083014.000000,813972002.000000,-1,-1,1,False,4,2,1,0.500000,0.250000
10004,7,6,2000000000,565808773254,566000000000,none,False,False,,,-9,-1,0,False,4,2,2,0.500000,0.500000
10004,7,6,2000000000,573874822997,574000000000,none,False,False,,,-9,-1,0,False,4,2,1,0.500000,0.250000
10004,7,9,2000000000,594618315052,595000000000,none,False,False,,,-9,-1,0,False,4,2,1,0.500000,0.250000
10005,6,9,2000000000,78144725864,78500000000,none,False,False,,,-9,-1,0,False,3,0,1,0.000000,0.333333
10005,8,6,2000000000,134238798087,134500000000,none,False,True,1388836377.000000,1127634464.000000,-1,-1,1,False,4,0,1,0.000000,0.250000
10005,9,4,2000000000,139406570719,139500000000,none,False,False,,,-9,8,0,False,3,0,2,0.000000,0.666667
10005,9,6,2000000000,139406570719,139500000000,none,False,True,170536842.000000,77107561.000000,9,8,1,False,3,0,2,0.000000,0.666667
10005,8,6,2000000000,139434637771,139500000000,none,False,True,142469790.000000,77107561.000000,9,8,1,False,3,0,1,0.000000,0.333333
10005,9,4,2000000000,142475125110,142500000000,none,False,False,,,-9,-1,0,False,2,0,0,0.000000,0.000000
10005,8,6,2000000000,147900066668,148000000000,none,False,True,1120286714.000000,1020353382.000000,9,-1,1,False,3,0,1,0.000000,0.333333
10005,6,9,2000000000,171877969167,172000000000,none,False,True,593829551.000000,471798718.000000,-1,9,1,False,3,0,1,0.000000,0.333333
10005,6,9,2000000000,179243690248,179500000000,none,False,False,,,-9,9,0,False,3,0,1,0.000000,0.333333
10005,6,9,2000000000,185098839895,185500000000,none,False,False,,,-9,9,0,False,3,0,0,0.000000,0.000000
10005,7,5,2000000000,200429304092,200500000000,none,False,True,803986401.000000,733290493.000000,-1,-1,1,False,3,0,2,0.000000,0.666667
10005,6,9,2000000000,202788297283,203000000000,none,False,False,,,-9,9,0,False,2,0,0,0.000000,0.000000
10005,7,5,2000000000,205276667098,205500000000,none,False,False,,,-9,-1,0,False,5,0,0,0.000000,0.000000
10005,7,5,2000000000,213543557416,214000000000,none,False,False,,,-9,-1,0,False,4,0,0,0.000000,0.000000
10005,8,6,2000000000,223186390691,223500000000,none,False,True,18883004.000000,-294726305.000000,11,11,1,False,5,0,5,0.000000,1.000000
10005,7,5,2000000000,223204442605,223500000000,none,False,True,15787798.000000,-279769597.000000,11,11,1,False,2,0,2,0.000000,1.000000
10005,8,6,2000000000,227605105214,228000000000,none,False,False,,,-9,-1,0,False,6,0,0,0.000000,0.000000
10005,9,6,2000000000,237802289295,238000000000,none,False,False,,,-9,-1,0,False,3,0,2,0.000000,0.666667
10005,8,6,2000000000,239088465859,239500000000,none,False,False,,,-9,-1,0,False,2,0,0,0.000000,0.000000
10005,7,5,2000000000,258971020154,259000000000,none,False,False,,,-9,12,0,False,3,0,1,0.000000,0.333333
10005,9,6,2000000000,258993264150,259000000000,none,False,False,,,-9,12,0,False,1,0,0,0.000000,0.000000
10005,7,6,400000000,285639514477,286000000000,none,False,False,,,-9,12,0,False,4,0,0,0.000000,0.000000
10005,3,8,2000000000,294082432712,294500000000,none,False,False,,,-9,-1,0,False,3,0,0,0.000000,0.000000
10005,3,5,2000000000,317774085589,318000000000,none,False,False,,,-9,14,0,False,1,0,0,0.000000,0.000000
10005,9,8,2000000000,320772302205,321000000000,none,False,False,,,-9,-1,0,False,2,0,0,0.000000,0.000000
10005,3,5,2000000000,337534385141,338000000000,none,False,False,,,-9,14,0,False,4,0,0,0.000000,0.000000
10005,3,8,2000000000,337534385141,338000000000,none,False,False,,,-9,14,0,False,4,0,0,0.000000,0.000000
10005,9,8,2000000000,347715615497,348000000000,none,False,False,,,-9,-1,0,False,3,0,0,0.000000,0.000000
10005,4,8,2000000000,377570372789,378000000000,none,False,True,757884527.000000,328257316.000000,18,-1,1,False,2,0,2,0.000000,1.000000
10005,5,1,2000000000,385617656957,386000000000,none,False,False,,,-9,17,0,False,5,0,1,0.000000,0.200000
10005,5,8,2000000000,401409714135,401500000000,none,False,True,1851110740.000000,1760824875.000000,19,17,1,False,5,0,3,0.000000,0.600000
10005,4,8,2000000000,402649205103,403000000000,none,False,True,611619772.000000,260824875.000000,19,-1,1,False,2,0,2,0.000000,1.000000
10005,9,4,400000000,415508759265,416000000000,none,False,False,,,-9,20,0,False,2,0,0,0.000000,0.000000
10005,5,8,2000000000,432654333571,433000000000,none,False,False,,,-9,17,0,False,2,0,0,0.000000,0.000000
10005,4,8,2000000000,438467877566,438500000000,none,False,False,,,-9,-1,0,False,2,0,0,0.000000,0.000000
10005,2,1,400000000,439141532325,439500000000,none,False,False,,,-9,-1,0,False,2,1,0,0.500000,0.000000
10005,4,8,2000000000,442965554976,443000000000,none,False,False,,,-9,21,0,False,2,0,0,0.000000,0.000000
10005,9,8,2000000000,447235999022,447500000000,none,False,True,1607804602.000000,1343803624.000000,-1,-1,1,False,2,0,1,0.000000,0.500000
10005,9,8,2000000000,455004423452,455500000000,none,False,False,,,-9,-1,0,False,3,0,1,0.000000,0.333333
10005,5,8,2000000000,456585874606,457000000000,none,False,False,,,-9,-1,0,False,2,0,0,0.000000,0.000000
10005,9,8,2000000000,461291387582,461500000000,none,False,True,1407830802.000000,1199218384.000000,-1,-1,1,False,2,0,2,0.000000,1.000000
10005,4,8,2000000000,467755788495,468000000000,none,False,False,,,-9,-1,0,False,3,0,0,0.000000,0.000000
10005,9,8,2000000000,485223740560,485500000000,none,False,False,,,-9,-1,0,False,3,0,0,0.000000,0.000000
10005,2,8,2000000000,486478988121,486500000000,cascade,True,False,,,-9,-1,0,False,3,1,0,0.333333,0.000000
10005,9,8,2000000000,508758548755,509000000000,none,False,True,21042310.000000,-220408935.000000,25,25,1,False,2,0,2,0.000000,1.000000
10005,4,8,2000000000,515753510023,516000000000,none,False,False,,,-9,-1,0,False,3,0,1,0.000000,0.333333
10005,2,8,2000000000,517409438131,517500000000,cascade,True,False,,,-9,24,0,False,2,1,0,0.500000,0.000000
10005,9,8,2000000000,517490633673,517500000000,none,False,False,,,-9,-1,0,False,2,0,0,0.000000,0.000000
10005,4,8,2000000000,519604923618,520000000000,none,False,False,,,-9,-1,0,False,4,0,2,0.000000,0.500000
10005,9,8,2000000000,521533258017,522000000000,none,False,True,205376390.000000,-261365593.000000,-1,-1,1,False,3,0,1,0.000000,0.333333
10005,9,8,2000000000,525838635546,526000000000,none,False,False,,,-9,-1,0,False,4,0,1,0.000000,0.250000
10005,4,7,400000000,526876072596,527000000000,none,False,True,161649902.000000,37722498.000000,26,-1,1,False,3,0,1,0.000000,0.333333
10005,4,9,2000000000,536273797653,536500000000,none,False,False,,,-9,-1,0,False,2,0,0,0.000000,0.000000
10005,4,9,2000000000,538286743620,538500000000,none,False,False,,,-9,-1,0,False,2,0,0,0.000000,0.000000
10005,9,8,2000000000,552933256028,553000000000,none,False,True,23421908.000000,-43322064.000000,27,-1,1,False,3,0,2,0.000000,0.666667
10005,4,7,400000000,570577728581,571000000000,none,False,False,,,-9,-1,0,False,3,0,0,0.000000,0.000000
10005,6,9,2000000000,584334149276,584500000000,none,False,False,,,-9,-1,0,False,4,0,1,0.000000,0.250000
10005,6,9,2000000000,589513764592,590000000000,none,False,False,,,-9,-1,0,False,4,0,1,0.000000,0.250000
10005,2,1,2000000000,597604419874,598000000000,none,False,True,1098542451.000000,702962325.000000,-1,-1,1,False,2,1,2,0.500000,1.000000
10006,8,7,2000000000,49336291467,49500000000,none,False,False,,,-9,4,0,False,1,0,0,0.000000,0.000000
10006,8,7,2000000000,63157193453,63500000000,none,False,False,,,-9,-1,0,False,1,0,0,0.000000,0.000000
10006,5,4,2000000000,80831035819,81000000000,none,False,True,258128738.000000,89164557.000000,4,0,1,False,1,0,1,0.000000,1.000000
10006,4,8,2000000000,100770878541,101000000000,peer,False,False,,,-9,4,0,False,4,0,2,0.000000,0.500000
10006,5,4,2000000000,130278729218,130500000000,none,False,True,162252857.000000,-59017925.000000,4,-1,1,False,1,0,1,0.000000,1.000000
10006,8,4,2000000000,147468360698,147500000000,peer,False,False,,,-9,-1,0,False,2,0,1,0.000000,0.500000
10006,5,4,400000000,148934810570,149000000000,none,False,False,,,-9,9,0,False,1,0,0,0.000000,0.000000
10006,5,4,400000000,157277495912,157500000000,none,False,False,,,-9,9,0,False,1,0,0,0.000000,0.000000
10006,5,4,400000000,159682228609,160000000000,none,False,False,,,-9,9,0,False,1,0,0,0.000000,0.000000
10006,5,4,400000000,164693892461,165000000000,none,False,False,,,-9,-1,0,False,1,0,0,0.000000,0.000000
10006,6,4,400000000,184257044293,184500000000,none,False,False,,,-9,12,0,False,1,0,0,0.000000,0.000000
10006,6,4,400000000,186442843707,186500000000,none,False,False,,,-9,-1,0,False,1,0,0,0.000000,0.000000
10006,6,4,400000000,191630134958,192000000000,none,False,False,,,-9,-1,0,False,1,0,0,0.000000,0.000000
10006,5,4,400000000,313255147261,313500000000,none,False,False,,,-9,-1,0,False,1,0,0,0.000000,0.000000
10006,5,4,400000000,321235407452,321500000000,none,False,False,,,-9,-1,0,False,1,0,0,0.000000,0.000000
10006,5,4,400000000,331025210960,331500000000,none,False,False,,,-9,-1,0,False,1,0,0,0.000000,0.000000
10006,5,4,2000000000,343962186590,344000000000,none,False,False,,,-9,-1,0,False,1,0,0,0.000000,0.000000
10006,5,4,2000000000,366840260635,367000000000,none,False,False,,,-9,-1,0,False,1,0,0,0.000000,0.000000
10006,6,4,2000000000,476042041590,476500000000,added_edge_rev,False,False,,,-9,-1,0,False,1,0,0,0.000000,0.000000
10006,3,4,2000000000,483608261982,484000000000,none,False,False,,,-9,-1,0,False,1,0,0,0.000000,0.000000
10006,5,4,2000000000,485651080469,486000000000,added_edge_rev,False,False,,,-9,-1,0,False,1,0,0,0.000000,0.000000
10006,3,4,2000000000,497194228965,497500000000,none,False,True,1916838246.000000,1611067211.000000,-1,-1,1,False,1,0,1,0.000000,1.000000
10006,3,4,2000000000,502979646567,503000000000,none,False,False,,,-9,-1,0,False,1,0,0,0.000000,0.000000
10006,3,4,2000000000,510826050127,511000000000,none,False,True,1413149601.000000,1239199728.000000,-1,-1,1,False,1,0,1,0.000000,1.000000
10006,3,4,2000000000,518185848543,518500000000,none,False,True,1097705687.000000,783554230.000000,-1,-1,1,False,1,0,1,0.000000,1.000000
10006,6,4,400000000,525414178857,525500000000,added_edge_rev,False,False,,,-9,-1,0,False,1,0,0,0.000000,0.000000
10006,3,4,2000000000,537868219785,538000000000,none,False,False,,,-9,-1,0,False,1,0,0,0.000000,0.000000
10006,3,4,2000000000,541351270090,541500000000,none,False,False,,,-9,-1,0,False,1,0,0,0.000000,0.000000
10006,3,4,2000000000,550259815423,550500000000,none,False,True,444822537.000000,204637960.000000,-1,-1,1,False,1,0,1,0.000000,1.000000
10006,3,4,2000000000,565264563703,565500000000,none,False,False,,,-9,-1,0,False,1,0,0,0.000000,0.000000
10006,3,4,2000000000,574839625669,575000000000,none,False,False,,,-9,-1,0,False,1,0,0,0.000000,0.000000
10007,2,6,2000000000,61346532875,61500000000,none,False,False,,,-9,-1,0,False,4,0,1,0.000000,0.250000
10007,3,6,2000000000,77503049291,78000000000,none,False,True,398822841.000000,-98127868.000000,-1,-1,1,False,4,0,1,0.000000,0.250000
10007,2,4,2000000000,83360414062,83500000000,none,False,False,,,-9,-1,0,False,3,0,1,0.000000,0.333333
10007,6,5,2000000000,91645235010,92000000000,none,False,False,,,-9,3,0,False,7,0,1,0.000000,0.142857
10007,6,5,2000000000,93793265517,94000000000,none,False,False,,,-9,3,0,False,6,0,0,0.000000,0.000000
10007,3,6,2000000000,134769905214,135000000000,none,False,True,33389037.000000,-196705749.000000,6,6,1,False,4,0,1,0.000000,0.250000
10007,3,6,2000000000,169315604900,169500000000,none,False,False,,,-9,-1,0,False,5,0,0,0.000000,0.000000
10007,10,8,2000000000,202356787471,202500000000,none,False,True,778951744.000000,635739215.000000,-1,8,1,False,4,0,3,0.000000,0.750000
10007,10,8,2000000000,211350097317,211500000000,none,False,True,1246134290.000000,1096231607.000000,-1,8,1,False,5,0,1,0.000000,0.200000
10007,10,8,2000000000,215930486254,216000000000,none,False,False,,,-9,8,0,False,4,0,1,0.000000,0.250000
10007,10,8,2000000000,221254364742,221500000000,none,False,False,,,-9,8,0,False,6,0,1,0.000000,0.166667
10007,10,8,2000000000,254582188100,255000000000,none,False,True,69227153.000000,-348584747.000000,-1,-1,1,False,4,0,3,0.000000,0.750000
10007,10,8,2000000000,256853330450,257000000000,none,False,False,,,-9,11,0,False,2,0,0,0.000000,0.000000
10007,10,8,2000000000,259800154112,260000000000,none,False,False,,,-9,-1,0,False,5,0,1,0.000000,0.200000
10007,2,4,2000000000,266752228005,267000000000,none,False,False,,,-9,12,0,False,3,0,1,0.000000,0.333333
10007,10,8,2000000000,269501670855,270000000000,none,False,False,,,-9,11,0,False,5,0,2,0.000000,0.400000
10007,2,4,2000000000,271703362107,272000000000,none,False,False,,,-9,12,0,False,3,0,1,0.000000,0.333333
10007,10,8,2000000000,275276530964,275500000000,none,False,False,,,-9,11,0,False,2,0,0,0.000000,0.000000
10007,10,3,2000000000,284938023772,285000000000,none,False,False,,,-9,11,0,False,5,0,0,0.000000,0.000000
10007,8,9,2000000000,327503966708,328000000000,none,False,True,672136736.000000,176103444.000000,-1,14,1,False,3,0,2,0.000000,0.666667
10007,8,9,2000000000,330740349658,331000000000,none,False,True,192476562.000000,-67173780.000000,-1,14,1,False,3,0,1,0.000000,0.333333
10007,8,9,2000000000,368147715786,368500000000,none,False,False,,,-9,-1,0,False,3,0,1,0.000000,0.333333
10007,8,9,2000000000,372619234744,373000000000,none,False,False,,,-9,-1,0,False,4,0,2,0.000000,0.500000
10007,2,4,2000000000,407653133199,408000000000,added_edge,True,False,,,-9,-1,0,False,4,1,2,0.250000,0.500000
10007,9,4,2000000000,428323167085,428500000000,none,False,False,,,-9,20,0,False,4,0,1,0.000000,0.250000
10007,9,4,2000000000,433878940275,434000000000,none,False,False,,,-9,-1,0,False,5,0,0,0.000000,0.000000
10007,9,8,400000000,433878940275,434000000000,none,False,False,,,-9,-1,0,False,5,0,0,0.000000,0.000000
10007,9,8,400000000,436365550588,436500000000,none,False,False,,,-9,-1,0,False,4,0,0,0.000000,0.000000
10007,7,5,2000000000,438371225730,438500000000,none,False,False,,,-9,20,0,False,7,0,2,0.000000,0.285714
10007,6,9,2000000000,452004744373,452500000000,none,False,False,,,-9,-1,0,False,8,0,2,0.000000,0.250000
10007,2,4,2000000000,467274786776,467500000000,added_edge,True,False,,,-9,-1,0,False,1,1,0,1.000000,0.000000
10007,6,5,2000000000,582909023863,583000000000,none,False,False,,,-9,-1,0,False,8,0,1,0.000000,0.125000
10008,8,7,2000000000,110078142305,110500000000,none,False,False,,,-9,-1,0,False,4,0,1,0.000000,0.250000
10008,10,6,10000000000,138242947407,138500000000,peer,False,True,2092508213.000000,1835455620.000000,-1,-1,1,False,4,0,2,0.000000,0.500000
10008,10,6,10000000000,163566247012,164000000000,peer,False,True,5292154520.000000,4858401532.000000,-1,-1,1,False,3,0,3,0.000000,1.000000
10008,10,6,10000000000,167613335010,168000000000,peer,False,True,1245066522.000000,858401532.000000,-1,-1,1,False,4,0,3,0.000000,0.750000
10008,10,6,10000000000,195294685972,195500000000,peer,False,True,1070584352.000000,865270324.000000,-1,-1,1,False,4,0,2,0.000000,0.500000
10008,10,6,10000000000,208951634806,209000000000,peer,False,True,3665936549.000000,3617571355.000000,12,-1,1,False,4,0,4,0.000000,1.000000
10008,10,6,10000000000,246515508677,247000000000,peer,False,True,1560617402.000000,1076126079.000000,-1,17,1,False,2,0,2,0.000000,1.000000
10008,10,6,10000000000,273485119144,273500000000,peer,False,True,4135244622.000000,4120363766.000000,19,18,1,False,3,0,3,0.000000,1.000000
10008,8,9,2000000000,275750709676,276000000000,none,False,True,1251057429.000000,1001767105.000000,-1,15,1,False,2,0,2,0.000000,1.000000
10008,10,6,10000000000,277273058703,277500000000,peer,False,True,347305063.000000,120363766.000000,19,18,1,False,2,0,2,0.000000,1.000000
10008,8,9,2000000000,286173346023,286500000000,none,False,False,,,-9,15,0,False,3,0,0,0.000000,0.000000
10008,8,9,2000000000,293413851568,293500000000,none,False,False,,,-9,-1,0,False,3,0,1,0.000000,0.333333
10008,8,10,2000000000,477191434405,477500000000,none,False,False,,,-9,-1,0,False,4,0,1,0.000000,0.250000
10008,6,10,2000000000,517516477545,518000000000,peer,False,False,,,-9,28,0,False,5,0,1,0.000000,0.200000
10008,8,10,2000000000,517828343995,518000000000,none,False,False,,,-9,29,0,False,5,0,1,0.000000,0.200000
10008,8,10,2000000000,520210287949,520500000000,none,False,False,,,-9,29,0,False,5,0,0,0.000000,0.000000
10008,8,10,2000000000,522376025828,522500000000,none,False,False,,,-9,29,0,False,5,0,2,0.000000,0.400000
10008,6,10,2000000000,537582998859,538000000000,peer,False,False,,,-9,28,0,False,4,0,2,0.000000,0.500000
10008,8,10,2000000000,540604345939,541000000000,none,False,False,,,-9,29,0,False,3,0,2,0.000000,0.666667
10008,6,10,2000000000,596018905987,596500000000,peer,False,False,,,-9,-1,0,False,3,0,0,0.000000,0.000000
10009,4,1,2000000000,73141514140,73500000000,none,False,False,,,-9,2,0,False,1,0,0,0.000000,0.000000
10009,7,6,2000000000,75743911150,76000000000,none,False,False,,,-9,4,0,False,4,0,0,0.000000,0.000000
10009,4,1,400000000,140040534648,140500000000,none,False,False,,,-9,-1,0,False,3,0,1,0.000000,0.333333
10009,6,3,400000000,143772329978,144000000000,none,False,False,,,-9,-1,0,False,3,0,0,0.000000,0.000000
10009,1,2,2000000000,154522135331,155000000000,none,False,False,,,-9,8,0,False,4,0,2,0.000000,0.500000
10009,6,3,400000000,155877876913,156000000000,none,False,False,,,-9,-1,0,False,3,0,0,0.000000,0.000000
10009,6,3,400000000,159848295729,160000000000,none,False,False,,,-9,-1,0,False,1,0,0,0.000000,0.000000
10009,7,2,400000000,165368302331,165500000000,none,False,False,,,-9,-1,0,False,6,0,0,0.000000,0.000000
10009,7,6,2000000000,165368302331,165500000000,none,False,False,,,-9,-1,0,False,6,0,1,0.000000,0.166667
10009,7,2,400000000,175025609441,175500000000,none,False,False,,,-9,-1,0,False,5,0,0,0.000000,0.000000
10009,7,3,2000000000,175025609441,175500000000,none,False,False,,,-9,-1,0,False,5,0,1,0.000000,0.200000
10009,6,3,400000000,177205546267,177500000000,none,False,False,,,-9,-1,0,False,3,0,0,0.000000,0.000000
10009,6,3,400000000,179373090232,179500000000,none,False,False,,,-9,11,0,False,3,0,0,0.000000,0.000000
10009,8,6,2000000000,197475966589,197500000000,none,False,False,,,-9,-1,0,False,4,0,1,0.000000,0.250000
10009,6,3,2000000000,217164370463,217500000000,none,False,False,,,-9,-1,0,False,3,0,0,0.000000,0.000000
10009,4,1,400000000,217588025548,218000000000,none,False,False,,,-9,11,0,False,3,0,0,0.000000,0.000000
10009,4,1,400000000,220908770027,221000000000,none,False,True,113476944.000000,22246971.000000,-1,11,1,False,2,0,1,0.000000,0.500000
10009,3,8,2000000000,223291583120,223500000000,none,False,False,,,-9,-1,0,False,3,0,1,0.000000,0.333333
10009,4,1,400000000,229345987831,229500000000,none,False,False,,,-9,11,0,False,2,0,0,0.000000,0.000000
10009,3,8,2000000000,245604247378,246000000000,none,False,False,,,-9,-1,0,False,3,0,1,0.000000,0.333333
10009,4,1,400000000,249872241615,250000000000,none,False,False,,,-9,-1,0,False,2,0,0,0.000000,0.000000
10009,6,3,2000000000,254048589473,254500000000,none,False,True,1772288634.000000,1320878107.000000,-1,-1,1,False,3,0,3,0.000000,1.000000
10009,7,3,2000000000,261635458509,262000000000,none,False,False,,,-9,13,0,False,5,0,0,0.000000,0.000000
10009,4,1,400000000,265096872979,265500000000,none,False,False,,,-9,-1,0,False,3,0,0,0.000000,0.000000
10009,6,3,2000000000,293620276323,294000000000,none,False,False,,,-9,-1,0,False,5,0,3,0.000000,0.600000
10009,3,8,2000000000,300752795073,301000000000,none,False,False,,,-9,-1,0,False,6,0,3,0.000000,0.500000
10009,7,2,2000000000,301318310966,301500000000,none,False,True,616899882.000000,435210848.000000,-1,-1,1,False,5,0,2,0.000000,0.400000
10009,6,2,2000000000,324813257315,325000000000,none,False,False,,,-9,-1,0,False,4,0,2,0.000000,0.500000
10009,3,5,400000000,325799482780,326000000000,cascade_rev,False,False,,,-9,-1,0,False,6,0,1,0.000000,0.166667
10009,7,2,2000000000,330857798821,331000000000,none,False,False,,,-9,-1,0,False,6,0,1,0.000000,0.166667
10009,6,3,2000000000,332418964229,332500000000,none,False,True,1216789913.000000,1135754142.000000,-1,-1,1,False,4,0,1,0.000000,0.250000
10009,3,1,2000000000,333635754142,334000000000,none,False,False,,,-9,-1,0,False,6,0,1,0.000000,0.166667
10009,7,2,2000000000,336120144785,336500000000,none,False,False,,,-9,-1,0,False,6,0,0,0.000000,0.000000
10009,6,3,2000000000,340593580329,341000000000,none,False,False,,,-9,-1,0,False,3,0,0,0.000000,0.000000
10009,7,2,2000000000,349923280669,350000000000,none,False,False,,,-9,-1,0,False,4,0,0,0.000000,0.000000
10009,7,2,2000000000,357883368261,358000000000,none,False,False,,,-9,-1,0,False,4,0,2,0.000000,0.500000
10009,6,3,2000000000,358958321323,359000000000,none,False,False,,,-9,-1,0,False,3,0,0,0.000000,0.000000
10009,6,3,2000000000,373603699880,374000000000,none,False,False,,,-9,-1,0,False,4,0,0,0.000000,0.000000
10009,8,3,2000000000,457286151318,457500000000,none,False,False,,,-9,19,0,False,3,0,1,0.000000,0.333333
10009,8,3,2000000000,464785207330,465000000000,none,False,True,544203430.000000,329410760.000000,-1,19,1,False,2,0,1,0.000000,0.500000
10009,8,3,2000000000,470048545422,470500000000,none,False,False,,,-9,19,0,False,3,0,1,0.000000,0.333333
10009,8,3,2000000000,479624312373,480000000000,none,False,True,792492392.000000,416804765.000000,-1,-1,1,False,1,0,1,0.000000,1.000000
10009,8,3,2000000000,485651212512,486000000000,none,False,False,,,-9,-1,0,False,1,0,0,0.000000,0.000000
10009,5,1,2000000000,504739624465,505000000000,none,False,False,,,-9,25,0,False,3,0,1,0.000000,0.333333
10009,8,3,2000000000,512361228460,512500000000,none,False,True,335787079.000000,197015539.000000,-1,-1,1,False,2,0,1,0.000000,0.500000
10009,8,3,2000000000,516497691303,516500000000,none,False,False,,,-9,-1,0,False,3,0,0,0.000000,0.000000
10009,8,3,2000000000,537900392544,538000000000,none,False,False,,,-9,-1,0,False,4,0,1,0.000000,0.250000
10009,8,3,2000000000,540940901793,541000000000,none,False,False,,,-9,-1,0,False,4,0,2,0.000000,0.500000
10009,8,3,2000000000,571903449675,572000000000,none,False,False,,,-9,-1,0,False,5,0,2,0.000000,0.400000
10010,9,3,2000000000,72226161207,72500000000,none,False,True,1736394569.000000,1462555776.000000,-1,-1,1,False,7,0,2,0.000000,0.285714
10010,9,3,2000000000,112697490146,113000000000,none,False,False,,,-9,3,0,False,7,0,0,0.000000,0.000000
10010,3,4,2000000000,122454842176,122500000000,cascade,True,False,,,-9,-1,0,False,3,1,2,0.333333,0.666667
10010,9,3,2000000000,136114780476,136500000000,none,False,False,,,-9,3,0,False,7,0,1,0.000000,0.142857
10010,10,8,2000000000,150538706643,151000000000,none,False,False,,,-9,-1,0,False,1,0,0,0.000000,0.000000
10010,9,5,10000000000,152832887563,153000000000,none,False,True,1168904487.000000,1001792050.000000,-1,3,1,False,4,0,4,0.000000,1.000000
10010,9,5,10000000000,157108339421,157500000000,none,False,False,,,-9,3,0,False,6,0,5,0.000000,0.833333
10010,6,11,2000000000,171159746381,171500000000,none,False,False,,,-9,-1,0,False,6,0,2,0.000000,0.333333
10010,11,7,2000000000,180916649084,181000000000,none,False,False,,,-9,6,0,False,3,0,0,0.000000,0.000000
10010,11,7,2000000000,192272420441,192500000000,none,False,False,,,-9,6,0,False,3,0,0,0.000000,0.000000
10010,6,11,2000000000,204215301478,204500000000,none,False,False,,,-9,-1,0,False,5,0,1,0.000000,0.200000
10010,6,11,2000000000,212188551797,212500000000,none,False,False,,,-9,-1,0,False,5,0,0,0.000000,0.000000
10010,7,6,400000000,221421056409,221500000000,none,False,False,,,-9,9,0,False,6,0,0,0.000000,0.000000
10010,3,4,2000000000,230046461115,230500000000,cascade,True,False,,,-9,8,0,False,3,1,0,0.333333,0.000000
10010,5,6,2000000000,241419856896,241500000000,none,False,False,,,-9,10,0,False,4,0,0,0.000000,0.000000
10010,9,3,2000000000,270295450732,270500000000,none,False,True,492493702.000000,287944434.000000,13,-1,1,False,7,0,6,0.000000,0.857143
10010,6,7,2000000000,285854858776,286000000000,none,False,True,621478311.000000,476337087.000000,-1,14,1,False,4,0,1,0.000000,0.250000
10010,6,7,2000000000,289230987390,289500000000,none,False,False,,,-9,14,0,False,4,0,0,0.000000,0.000000
10010,9,1,2000000000,291571416197,292000000000,none,False,False,,,-9,-1,0,False,4,0,0,0.000000,0.000000
10010,9,3,2000000000,291571416197,292000000000,none,False,False,,,-9,-1,0,False,4,0,0,0.000000,0.000000
10010,6,7,2000000000,292271697157,292500000000,none,False,False,,,-9,14,0,False,5,0,0,0.000000,0.000000
10010,6,7,2000000000,296486129012,296500000000,none,False,False,,,-9,14,0,False,5,0,0,0.000000,0.000000
10010,9,3,2000000000,307936124888,308000000000,none,False,True,1821733037.000000,1757857925.000000,13,-1,1,False,5,0,3,0.000000,0.600000
10010,2,9,2000000000,311518442642,312000000000,none,False,False,,,-9,15,0,False,1,0,0,0.000000,0.000000
10010,8,7,400000000,315262017368,315500000000,none,False,False,,,-9,-1,0,False,5,0,0,0.000000,0.000000
10010,9,1,2000000000,318407734517,318500000000,none,False,False,,,-9,-1,0,False,5,0,1,0.000000,0.200000
10010,9,3,2000000000,318407734517,318500000000,none,False,False,,,-9,-1,0,False,5,0,1,0.000000,0.200000
10010,8,7,400000000,320614124920,321000000000,none,False,False,,,-9,-1,0,False,4,0,0,0.000000,0.000000
10010,4,8,2000000000,323046207340,323500000000,none,False,False,,,-9,12,0,False,6,0,0,0.000000,0.000000
10010,9,3,2000000000,331962227814,332000000000,none,False,False,,,-9,18,0,False,5,0,1,0.000000,0.200000
10010,9,1,2000000000,336328608917,336500000000,none,False,True,40693904.000000,-130697179.000000,-1,-1,1,False,4,0,1,0.000000,0.250000
10010,6,10,2000000000,339499059278,339500000000,none,False,False,,,-9,14,0,False,4,0,1,0.000000,0.250000
10010,9,1,400000000,343320902106,343500000000,none,False,False,,,-9,18,0,False,5,0,0,0.000000,0.000000
10010,1,7,2000000000,345570408256,346000000000,none,False,False,,,-9,-1,0,False,4,0,1,0.000000,0.250000
10010,9,1,2000000000,353370916881,353500000000,none,False,False,,,-9,18,0,False,8,0,2,0.000000,0.250000
10010,9,1,2000000000,355660023493,356000000000,none,False,False,,,-9,18,0,False,7,0,0,0.000000,0.000000
10010,6,11,2000000000,358297119830,358500000000,none,False,False,,,-9,-1,0,False,6,0,1,0.000000,0.166667
10010,9,1,2000000000,364931075077,365000000000,none,False,False,,,-9,18,0,False,6,0,1,0.000000,0.166667
10010,4,8,2000000000,365753386514,366000000000,none,False,False,,,-9,-1,0,False,4,0,0,0.000000,0.000000
10010,5,3,2000000000,408192481809,408500000000,none,False,True,615567997.000000,308049806.000000,23,-1,1,False,6,0,2,0.000000,0.333333
10010,4,8,2000000000,418770918900,419000000000,none,False,True,34332259.000000,-194748841.000000,24,24,1,False,3,0,3,0.000000,1.000000
10010,7,6,400000000,424115111470,424500000000,none,False,False,,,-9,-1,0,False,5,1,1,0.200000,0.200000
10010,4,8,2000000000,424133099989,424500000000,none,False,False,,,-9,-1,0,False,4,0,0,0.000000,0.000000
10010,5,3,2000000000,426662648486,427000000000,none,False,False,,,-9,-1,0,False,7,0,2,0.000000,0.285714
10010,7,4,400000000,427338489514,427500000000,none,False,False,,,-9,-1,0,False,5,2,1,0.400000,0.200000
10010,8,9,2000000000,427527824359,428000000000,none,False,False,,,-9,-1,0,False,4,0,0,0.000000,0.000000
10010,4,8,2000000000,432184176750,432500000000,none,False,False,,,-9,-1,0,False,6,0,2,0.000000,0.333333
10010,5,8,2000000000,433750451263,434000000000,none,False,False,,,-9,-1,0,False,5,0,0,0.000000,0.000000
10010,4,8,2000000000,435526641350,436000000000,none,False,False,,,-9,-1,0,False,5,0,1,0.000000,0.200000
10010,4,8,2000000000,438217673236,438500000000,none,False,False,,,-9,-1,0,False,5,0,1,0.000000,0.200000
10010,5,3,2000000000,446609532539,447000000000,none,False,False,,,-9,25,0,False,5,0,0,0.000000,0.000000
10010,8,9,2000000000,542502657697,543000000000,none,False,False,,,-9,31,0,False,7,0,1,0.000000,0.142857
10011,6,4,2000000000,32804034811,33000000000,none,False,True,512806099.000000,316840910.000000,-1,-1,1,False,2,0,1,0.000000,0.500000
10011,4,6,2000000000,71428218614,71500000000,none,False,True,720940796.000000,649159410.000000,-1,-1,1,False,1,0,1,0.000000,1.000000
10011,4,6,2000000000,76695198202,77000000000,none,False,True,511186558.000000,206384760.000000,-1,-1,1,False,2,0,2,0.000000,1.000000
10011,4,6,2000000000,82113536961,82500000000,none,False,False,,,-9,-1,0,False,2,0,0,0.000000,0.000000
10011,4,6,2000000000,100676874022,101000000000,none,False,False,,,-9,-1,0,False,2,0,0,0.000000,0.000000
10011,4,6,2000000000,106782013289,107000000000,none,False,False,,,-9,-1,0,False,2,0,0,0.000000,0.000000
10011,4,6,2000000000,110094866240,110500000000,none,False,False,,,-9,-1,0,False,2,0,0,0.000000,0.000000
10011,7,4,2000000000,136432971509,136500000000,none,False,True,522656393.000000,455627902.000000,-1,-1,1,False,2,0,1,0.000000,0.500000
10011,4,6,2000000000,144789532876,145000000000,none,False,False,,,-9,-1,0,False,2,0,0,0.000000,0.000000
10011,7,4,2000000000,152091071688,152500000000,none,False,False,,,-9,-1,0,False,2,0,0,0.000000,0.000000
10011,7,4,2000000000,159481618705,159500000000,none,False,False,,,-9,-1,0,False,2,0,0,0.000000,0.000000
10011,7,5,2000000000,256671970256,257000000000,none,False,True,900338789.000000,572309045.000000,-1,-1,1,False,1,0,1,0.000000,1.000000
10011,7,5,2000000000,262608604096,263000000000,none,False,False,,,-9,4,0,False,2,0,0,0.000000,0.000000
10011,7,5,2000000000,278726369571,279000000000,none,False,False,,,-9,-1,0,False,1,0,0,0.000000,0.000000
10011,7,5,2000000000,321768659444,322000000000,none,False,True,1494487464.000000,1263146908.000000,-1,-1,1,False,2,0,1,0.000000,0.500000
10011,7,5,2000000000,350529337250,351000000000,none,False,False,,,-9,-1,0,False,1,0,0,0.000000,0.000000
10011,4,6,400000000,432120094756,432500000000,added_edge,True,False,,,-9,-1,0,False,2,2,0,1.000000,0.000000
10011,4,7,2000000000,432120094756,432500000000,added_edge,True,False,,,-9,-1,0,False,2,2,0,1.000000,0.000000
10011,4,6,400000000,437454026747,437500000000,added_edge,True,False,,,-9,-1,0,False,2,2,0,1.000000,0.000000
10011,6,5,400000000,489421946649,489500000000,added_edge_rev,False,False,,,-9,-1,0,False,2,0,0,0.000000,0.000000
10011,4,7,2000000000,498337489524,498500000000,added_edge,True,False,,,-9,-1,0,False,2,2,1,1.000000,0.500000
10011,6,5,2000000000,523995835068,524000000000,added_edge_rev,False,False,,,-9,-1,0,False,2,0,0,0.000000,0.000000
10011,6,5,400000000,556215892252,556500000000,added_edge_rev,False,False,,,-9,-1,0,False,1,0,0,0.000000,0.000000
10011,6,5,2000000000,564706205232,565000000000,added_edge_rev,False,False,,,-9,-1,0,False,2,0,1,0.000000,0.500000
10011,4,7,2000000000,565187031810,565500000000,added_edge,True,False,,,-9,-1,0,False,1,1,0,1.000000,0.000000
10011,4,7,2000000000,581571895767,582000000000,added_edge,True,False,,,-9,-1,0,False,2,2,1,1.000000,0.500000
10011,6,5,2000000000,581663741186,582000000000,added_edge_rev,False,True,196282233.000000,-139976581.000000,-1,-1,1,False,1,0,1,0.000000,1.000000
10011,6,5,400000000,593683037628,594000000000,added_edge_rev,False,False,,,-9,-1,0,False,2,0,0,0.000000,0.000000
10011,6,5,400000000,598646292743,599000000000,added_edge_rev,False,False,,,-9,-1,0,False,2,0,0,0.000000,0.000000
10012,7,6,2000000000,519391435776,519500000000,none,False,False,,,-9,18,0,False,1,0,0,0.000000,0.000000
10013,9,10,2000000000,63704737812,64000000000,none,False,False,,,-9,-1,0,False,2,0,0,0.000000,0.000000
10013,8,7,400000000,110008411648,110500000000,none,False,False,,,-9,-1,0,False,2,0,0,0.000000,0.000000
10013,1,3,400000000,133939334966,134000000000,none,False,False,,,-9,-1,0,False,3,0,1,0.000000,0.333333
10013,2,7,400000000,136716938268,137000000000,none,False,False,,,-9,-1,0,False,4,0,0,0.000000,0.000000
10013,1,3,400000000,140401128703,140500000000,none,False,True,141992286.000000,43120989.000000,-1,-1,1,False,2,0,1,0.000000,0.500000
10013,1,3,400000000,148855698440,149000000000,none,False,False,,,-9,-1,0,False,1,0,0,0.000000,0.000000
10013,1,3,400000000,152379004437,152500000000,none,False,False,,,-9,-1,0,False,2,0,0,0.000000,0.000000
10013,6,7,2000000000,158686869860,159000000000,none,False,False,,,-9,-1,0,False,4,0,0,0.000000,0.000000
10013,1,3,400000000,167604561536,168000000000,none,False,False,,,-9,-1,0,False,3,0,0,0.000000,0.000000
10013,8,6,2000000000,170435946479,170500000000,none,False,False,,,-9,-1,0,False,3,0,1,0.000000,0.333333
10013,1,3,400000000,172546941787,173000000000,none,False,False,,,-9,4,0,False,3,0,0,0.000000,0.000000
10013,9,6,2000000000,175330947327,175500000000,none,False,False,,,-9,-1,0,False,2,0,0,0.000000,0.000000
10013,9,6,2000000000,178147241200,178500000000,none,False,False,,,-9,-1,0,False,3,0,1,0.000000,0.333333
10013,9,6,2000000000,180846068675,181000000000,none,False,False,,,-9,-1,0,False,2,0,0,0.000000,0.000000
10013,1,3,2000000000,192631594606,193000000000,none,False,False,,,-9,4,0,False,3,0,0,0.000000,0.000000
10013,1,3,2000000000,208838928021,209000000000,none,False,False,,,-9,4,0,False,3,0,0,0.000000,0.000000
10013,1,3,2000000000,218562755471,219000000000,none,False,False,,,-9,4,0,False,2,0,0,0.000000,0.000000
10013,6,5,400000000,221380143839,221500000000,none,False,False,,,-9,-1,0,False,6,0,0,0.000000,0.000000
10013,1,3,2000000000,224419852527,224500000000,none,False,False,,,-9,4,0,False,3,0,1,0.000000,0.333333
10013,6,5,400000000,229969943885,230000000000,none,False,False,,,-9,-1,0,False,3,0,0,0.000000,0.000000
10013,6,5,2000000000,256468221793,256500000000,none,False,False,,,-9,-1,0,False,3,0,1,0.000000,0.333333
10013,6,8,400000000,256468221793,256500000000,none,False,False,,,-9,-1,0,False,3,0,1,0.000000,0.333333
10013,1,3,2000000000,269377035338,269500000000,none,False,True,1413330211.000000,1290365549.000000,10,11,1,False,1,0,1,0.000000,1.000000
10013,9,6,2000000000,271262879724,271500000000,none,False,False,,,-9,9,0,False,3,0,0,0.000000,0.000000
10013,9,6,2000000000,273266248321,273500000000,none,False,False,,,-9,9,0,False,3,0,0,0.000000,0.000000
10013,2,7,400000000,281972587633,282000000000,none,False,False,,,-9,-1,0,False,3,0,0,0.000000,0.000000
10013,1,3,2000000000,309487411614,309500000000,none,False,False,,,-9,-1,0,False,3,0,1,0.000000,0.333333
10013,4,3,400000000,414438897566,414500000000,none,False,False,,,-9,-1,0,False,4,2,1,0.500000,0.250000
10013,4,3,400000000,421880370636,422000000000,none,False,False,,,-9,-1,0,False,4,2,1,0.500000,0.250000
10013,8,6,2000000000,425441075035,425500000000,none,False,True,1999953563.000000,1941028598.000000,-1,-1,1,False,4,0,4,0.000000,1.000000
10013,3,7,400000000,432379255106,432500000000,none,False,False,,,-9,-1,0,False,3,0,1,0.000000,0.333333
10013,3,7,400000000,437779411379,438000000000,none,False,False,,,-9,-1,0,False,2,0,0,0.000000,0.000000
10013,8,6,2000000000,441659767361,442000000000,none,False,False,,,-9,-1,0,False,2,0,0,0.000000,0.000000
10013,8,6,2000000000,445528559555,446000000000,none,False,True,6195732.000000,-465244713.000000,23,23,1,False,2,0,1,0.000000,0.500000
10013,3,2,400000000,466648282390,467000000000,peer,False,False,,,-9,-1,0,False,2,0,0,0.000000,0.000000
10013,5,6,2000000000,468181724207,468500000000,none,False,True,7678958.000000,-310596835.000000,24,-1,1,False,1,0,1,0.000000,1.000000
10013,6,4,2000000000,497015529798,497500000000,none,False,True,228523652.000000,-255946550.000000,27,-1,1,False,4,0,3,0.000000,0.750000
10013,6,4,2000000000,502062813309,502500000000,none,False,True,253094105.000000,-184092586.000000,27,-1,1,False,4,0,1,0.000000,0.250000
10013,5,6,2000000000,510596653639,511000000000,none,False,False,,,-9,-1,0,False,2,0,0,0.000000,0.000000
10013,8,6,2000000000,517471331040,517500000000,none,False,False,,,-9,28,0,False,2,0,0,0.000000,0.000000
10013,9,8,2000000000,523864383144,524000000000,none,False,True,1821086935.000000,1685470079.000000,28,-1,1,False,2,0,1,0.000000,0.500000
10013,6,4,400000000,527846221661,528000000000,none,False,False,,,-9,29,0,False,5,0,3,0.000000,0.600000
10013,9,8,2000000000,527856938827,528000000000,none,False,True,1921252.000000,-141139921.000000,29,29,1,False,1,0,1,0.000000,1.000000
10013,5,6,2000000000,536066737152,536500000000,none,False,False,,,-9,-1,0,False,2,0,0,0.000000,0.000000
10013,5,6,2000000000,540457872992,540500000000,none,False,False,,,-9,-1,0,False,2,0,0,0.000000,0.000000
10013,9,6,2000000000,553598207783,554000000000,none,False,False,,,-9,-1,0,False,2,0,0,0.000000,0.000000
10013,8,6,2000000000,562067578604,562500000000,none,False,True,1960329988.000000,1527908592.000000,-1,28,1,False,3,0,1,0.000000,0.333333
10013,6,4,2000000000,564027908592,564500000000,none,False,True,63309520.000000,-408781888.000000,-1,-1,1,False,4,0,1,0.000000,0.250000
10013,8,6,2000000000,568742752120,569000000000,none,False,False,,,-9,-1,0,False,4,0,0,0.000000,0.000000
10013,8,6,2000000000,571646384028,572000000000,none,False,True,848543598.000000,494927626.000000,-1,-1,1,False,4,0,1,0.000000,0.250000
10013,3,4,2000000000,572012499295,572500000000,none,False,False,,,-9,29,0,False,4,0,0,0.000000,0.000000
10013,6,4,400000000,572494927626,572500000000,none,False,False,,,-9,-1,0,False,5,0,0,0.000000,0.000000
10013,3,4,2000000000,574035839046,574500000000,none,False,False,,,-9,29,0,False,4,0,1,0.000000,0.250000
10013,8,6,2000000000,575109667893,575500000000,none,False,False,,,-9,-1,0,False,4,0,0,0.000000,0.000000
10013,9,8,2000000000,592033438936,592500000000,none,False,False,,,-9,-1,0,False,3,0,0,0.000000,0.000000
10013,6,4,400000000,594142338843,594500000000,none,False,False,,,-9,-1,0,False,5,0,0,0.000000,0.000000
10014,4,7,2000000000,59657900672,60000000000,none,False,True,1394402659.000000,1052303331.000000,-1,-1,1,False,1,0,1,0.000000,1.000000
10014,4,7,2000000000,65653592323,66000000000,none,False,False,,,-9,-1,0,False,3,0,0,0.000000,0.000000
10014,4,7,2000000000,70187600160,70500000000,none,False,True,651257736.000000,338857896.000000,4,-1,1,False,3,0,3,0.000000,1.000000
10014,5,3,400000000,85908293069,86000000000,cascade_rev,False,True,275595984.000000,183889053.000000,3,2,1,False,4,0,1,0.000000,0.250000
10014,5,8,2000000000,85908293069,86000000000,none,False,False,,,-9,2,0,False,4,0,2,0.000000,0.500000
10014,5,8,2000000000,88909392043,89000000000,none,False,True,362647274.000000,272039317.000000,-1,2,1,False,3,0,1,0.000000,0.333333
10014,5,8,2000000000,102333016493,102500000000,none,False,False,,,-9,2,0,False,4,0,0,0.000000,0.000000
10014,4,7,2000000000,106278578271,106500000000,none,False,True,1921088111.000000,1699666382.000000,-1,-1,1,False,3,0,3,0.000000,1.000000
10014,4,7,2000000000,116022650998,116500000000,none,False,False,,,-9,-1,0,False,2,0,0,0.000000,0.000000
10014,4,7,2000000000,123712669035,124000000000,none,False,False,,,-9,-1,0,False,2,0,0,0.000000,0.000000
10014,4,7,2000000000,130290881368,130500000000,none,False,False,,,-9,-1,0,False,2,0,0,0.000000,0.000000
10014,9,7,2000000000,132620482671,133000000000,none,False,False,,,-9,8,0,False,3,0,0,0.000000,0.000000
10014,5,3,400000000,146462667864,146500000000,cascade_rev,False,False,,,-9,-1,0,False,2,0,0,0.000000,0.000000
10014,9,7,2000000000,151216642080,151500000000,none,False,False,,,-9,8,0,False,4,0,1,0.000000,0.250000
10014,4,7,2000000000,165942540343,166000000000,none,False,False,,,-9,-1,0,False,2,0,1,0.000000,0.500000
10014,4,7,2000000000,174207080384,174500000000,none,False,False,,,-9,-1,0,False,1,0,0,0.000000,0.000000
10014,5,8,2000000000,190332143534,190500000000,none,False,False,,,-9,9,0,False,3,0,1,0.000000,0.333333
10014,9,4,2000000000,202015188143,202500000000,cascade,True,False,,,-9,8,0,False,5,1,0,0.200000,0.000000
10014,9,4,2000000000,220018311770,220500000000,cascade,True,False,,,-9,-1,0,False,5,1,1,0.200000,0.200000
10014,9,7,2000000000,220018311770,220500000000,none,False,False,,,-9,-1,0,False,5,1,1,0.200000,0.200000
10014,3,4,400000000,223207634920,223500000000,none,False,False,,,-9,-1,0,False,1,0,0,0.000000,0.000000
10014,9,4,2000000000,224086105471,224500000000,cascade,True,False,,,-9,-1,0,False,3,1,0,0.333333,0.000000
10014,9,7,2000000000,240083854310,240500000000,none,False,True,370883370.000000,-45262320.000000,-1,-1,1,False,6,1,1,0.166667,0.166667
10014,9,7,2000000000,246344879355,246500000000,none,False,False,,,-9,-1,0,False,6,1,0,0.166667,0.000000
10014,9,7,2000000000,254895548930,255000000000,none,False,False,,,-9,-1,0,False,7,1,0,0.142857,0.000000
10014,9,7,2000000000,278620238063,279000000000,none,False,False,,,-9,-1,0,False,5,1,1,0.200000,0.200000
10014,9,7,2000000000,282927815434,283000000000,none,False,False,,,-9,-1,0,False,4,1,0,0.250000,0.000000
10014,9,7,2000000000,304546516961,305000000000,none,False,False,,,-9,-1,0,False,2,0,0,0.000000,0.000000
10014,4,3,2000000000,339051911750,339500000000,none,False,False,,,-9,-1,0,False,3,0,0,0.000000,0.000000
10014,5,7,2000000000,339446322012,339500000000,none,False,False,,,-9,-1,0,False,4,0,0,0.000000,0.000000
10014,3,4,400000000,349522864980,350000000000,none,False,False,,,-9,-1,0,False,4,1,0,0.250000,0.000000
10014,5,7,2000000000,351012563207,351500000000,none,False,False,,,-9,-1,0,False,2,0,0,0.000000,0.000000
10014,3,4,400000000,355918588918,356000000000,none,False,False,,,-9,-1,0,False,4,1,0,0.250000,0.000000
10014,5,7,2000000000,357809027073,358000000000,none,False,False,,,-9,16,0,False,4,0,2,0.000000,0.500000
10014,4,8,400000000,398303360385,398500000000,none,False,False,,,-9,16,0,False,3,0,0,0.000000,0.000000
10014,4,8,400000000,404037292215,404500000000,added_edge,True,False,,,-9,16,0,False,2,1,0,0.500000,0.000000
10014,4,8,400000000,407398668054,407500000000,added_edge,True,False,,,-9,-1,0,False,2,1,0,0.500000,0.000000
10014,4,8,400000000,409720421621,410000000000,added_edge,True,False,,,-9,-1,0,False,2,1,0,0.500000,0.000000
10015,5,8,2000000000,37449855933,37500000000,none,False,True,329455767.000000,279311700.000000,-1,-1,1,False,3,0,2,0.000000,0.666667
10015,5,8,2000000000,41865628472,42000000000,none,False,False,,,-9,1,0,False,3,0,1,0.000000,0.333333
10015,5,8,2000000000,48572775732,49000000000,none,False,False,,,-9,1,0,False,2,0,1,0.000000,0.500000
10015,5,7,2000000000,66828438107,67000000000,none,False,False,,,-9,1,0,False,2,0,1,0.000000,0.500000
10015,5,7,2000000000,122525387110,123000000000,none,False,False,,,-9,-1,0,False,2,0,1,0.000000,0.500000
10015,5,7,2000000000,133453109477,133500000000,none,False,False,,,-9,-1,0,False,2,0,0,0.000000,0.000000
10015,5,7,2000000000,147388256477,147500000000,none,False,True,816640586.000000,704897063.000000,-1,4,1,False,1,0,1,0.000000,1.000000
10015,5,7,2000000000,156701080497,157000000000,none,False,False,,,-9,4,0,False,3,0,1,0.000000,0.333333
10015,5,7,2000000000,162160776515,162500000000,none,False,True,1202142184.000000,862918699.000000,-1,4,1,False,3,0,2,0.000000,0.666667
10015,4,8,2000000000,187604653338,188000000000,none,False,False,,,-9,-1,0,False,3,0,1,0.000000,0.333333
10015,5,7,2000000000,191147721170,191500000000,none,False,False,,,-9,-1,0,False,3,0,1,0.000000,0.333333
10015,5,7,2000000000,201747733890,202000000000,none,False,True,1438976031.000000,1186709921.000000,-1,-1,1,False,2,0,1,0.000000,0.500000
10015,4,8,2000000000,216767479133,217000000000,none,False,True,46390620.000000,-186130247.000000,8,8,1,False,3,0,2,0.000000,0.666667
10015,5,7,2000000000,216803329462,217000000000,none,False,False,,,-9,8,0,False,3,0,2,0.000000,0.666667
10015,2,6,400000000,220043988443,220500000000,none,False,False,,,-9,8,0,False,2,0,0,0.000000,0.000000
10015,8,4,400000000,228104456642,228500000000,none,False,False,,,-9,-1,0,False,5,0,0,0.000000,0.000000
10015,5,7,2000000000,228799957962,229000000000,none,False,True,845368342.000000,645326304.000000,-1,9,1,False,1,0,1,0.000000,1.000000
10015,8,4,400000000,234001418004,234500000000,none,False,False,,,-9,-1,0,False,5,0,0,0.000000,0.000000
10015,4,8,2000000000,239177095662,239500000000,none,False,True,34860180.000000,-288044158.000000,11,11,1,False,3,0,3,0.000000,1.000000
10015,9,6,2000000000,242884773028,243000000000,none,False,True,728999719.000000,613772747.000000,10,-1,1,False,2,1,1,0.500000,0.500000
10015,4,8,400000000,245739847751,246000000000,none,False,False,,,-9,-1,0,False,2,0,0,0.000000,0.000000
10015,4,6,400000000,250496991672,250500000000,none,False,False,,,-9,-1,0,False,2,0,0,0.000000,0.000000
10015,4,8,400000000,250496991672,250500000000,none,False,False,,,-9,-1,0,False,2,0,0,0.000000,0.000000
10015,2,6,400000000,255283669883,255500000000,none,False,False,,,-9,-1,0,False,2,0,0,0.000000,0.000000
10015,9,6,2000000000,260447224187,260500000000,none,False,False,,,-9,-1,0,False,2,1,0,0.500000,0.000000
10015,8,1,400000000,261393109766,261500000000,none,False,False,,,-9,-1,0,False,5,0,0,0.000000,0.000000
10015,4,6,400000000,262975650209,263000000000,none,False,False,,,-9,-1,0,False,2,0,0,0.000000,0.000000
10015,8,1,400000000,263868751177,264000000000,none,False,False,,,-9,-1,0,False,3,0,1,0.000000,0.333333
10015,9,6,2000000000,274884570694,275000000000,none,False,False,,,-9,-1,0,False,2,1,0,0.500000,0.000000
10015,2,6,400000000,276557484349,277000000000,none,False,False,,,-9,-1,0,False,3,0,2,0.000000,0.666667
10015,8,6,400000000,278312447831,278500000000,none,False,False,,,-9,-1,0,False,4,0,0,0.000000,0.000000
10015,4,3,400000000,288684959711,289000000000,none,False,False,,,-9,-1,0,False,3,0,0,0.000000,0.000000
10015,8,6,400000000,293389011763,293500000000,none,False,False,,,-9,12,0,False,5,0,1,0.000000,0.200000
10015,4,6,2000000000,293691115538,294000000000,none,False,False,,,-9,-1,0,False,2,0,0,0.000000,0.000000
10015,4,6,2000000000,299934269168,300000000000,none,False,False,,,-9,-1,0,False,4,0,3,0.000000,0.750000
10015,5,7,2000000000,300704506221,301000000000,none,False,True,478406413.000000,182912634.000000,-1,-1,1,False,3,0,2,0.000000,0.666667
10015,8,6,400000000,300783948897,301000000000,none,False,False,,,-9,12,0,False,5,0,3,0.000000,0.600000
10015,8,1,400000000,304232366771,304500000000,none,False,False,,,-9,12,0,False,5,0,0,0.000000,0.000000
10015,10,9,400000000,320888336155,321000000000,cascade_rev,False,False,,,-9,14,0,False,2,0,0,0.000000,0.000000
10015,10,9,400000000,322979397911,323000000000,cascade_rev,False,False,,,-9,14,0,False,2,0,0,0.000000,0.000000
10015,10,9,400000000,329163370337,329500000000,cascade_rev,False,False,,,-9,14,0,False,2,0,0,0.000000,0.000000
10015,8,7,2000000000,343496015668,343500000000,none,False,False,,,-9,-1,0,False,5,0,0,0.000000,0.000000
10015,8,1,2000000000,357441258435,357500000000,none,False,False,,,-9,-1,0,False,6,0,2,0.000000,0.333333
10015,4,8,400000000,363033238065,363500000000,none,False,False,,,-9,-1,0,False,4,0,0,0.000000,0.000000
10015,10,9,400000000,377993195459,378000000000,cascade_rev,False,False,,,-9,-1,0,False,3,0,0,0.000000,0.000000
10015,4,8,400000000,381478533819,381500000000,none,False,False,,,-9,-1,0,False,2,0,0,0.000000,0.000000
10015,10,9,400000000,392087178368,392500000000,cascade_rev,False,True,1989161.000000,-410832471.000000,17,17,1,False,3,0,2,0.000000,0.666667
10015,8,1,2000000000,392094882636,392500000000,none,False,False,,,-9,17,0,False,2,0,0,0.000000,0.000000
10015,8,7,2000000000,392094882636,392500000000,none,False,False,,,-9,17,0,False,2,0,0,0.000000,0.000000
10015,8,7,2000000000,398629107590,399000000000,none,False,True,1970906779.000000,1600014369.000000,-1,-1,1,False,3,0,1,0.000000,0.333333
10015,10,9,400000000,402142451445,402500000000,cascade_rev,False,False,,,-9,-1,0,False,3,0,0,0.000000,0.000000
10015,8,1,2000000000,405849020036,406000000000,none,False,True,1446568916.000000,1295588952.000000,-1,-1,1,False,4,0,2,0.000000,0.500000
10015,10,9,400000000,425325478296,425500000000,cascade_rev,False,False,,,-9,-1,0,False,3,0,0,0.000000,0.000000
10015,8,1,2000000000,434462200126,434500000000,none,False,False,,,-9,-1,0,False,4,0,0,0.000000,0.000000
10015,8,1,2000000000,439389579750,439500000000,none,False,False,,,-9,20,0,False,4,0,1,0.000000,0.250000
10015,5,7,2000000000,487987788744,488000000000,none,False,False,,,-9,21,0,False,3,0,1,0.000000,0.333333
10015,2,1,2000000000,558359589615,558500000000,none,False,False,,,-9,-1,0,False,3,0,0,0.000000,0.000000
10015,7,10,2000000000,574707933708,575000000000,none,False,True,230430035.000000,-61636257.000000,-1,-1,1,False,8,0,4,0.000000,0.500000
10015,7,10,2000000000,580973393204,581000000000,none,False,True,440149872.000000,413543076.000000,-1,-1,1,False,6,0,4,0.000000,0.666667
10015,7,10,2000000000,585000867876,585500000000,none,False,False,,,-9,-1,0,False,6,0,0,0.000000,0.000000
10015,8,5,2000000000,587687063915,588000000000,none,False,False,,,-9,-1,0,False,7,0,1,0.000000,0.142857
10016,3,1,2000000000,238205880032,238500000000,none,False,True,1236110658.000000,941990690.000000,-1,-1,1,False,2,1,1,0.500000,0.500000
10016,3,1,2000000000,246431416992,246500000000,none,False,True,1993633290.000000,1925050282.000000,-1,-1,1,False,3,1,1,0.333333,0.333333
10016,3,1,2000000000,252503502155,253000000000,none,False,False,,,-9,-1,0,False,4,1,0,0.250000,0.000000
10016,3,1,2000000000,261722019400,262000000000,none,False,False,,,-9,-1,0,False,3,0,0,0.000000,0.000000
10016,5,3,2000000000,272482541630,272500000000,none,False,False,,,-9,13,0,False,3,0,0,0.000000,0.000000
10016,3,1,2000000000,284581664597,285000000000,none,False,False,,,-9,-1,0,False,2,0,0,0.000000,0.000000
10016,3,1,2000000000,296012874075,296500000000,none,False,False,,,-9,-1,0,False,3,1,0,0.333333,0.000000
10016,7,4,400000000,393736728401,394000000000,none,False,True,40147938.000000,-223123661.000000,22,22,1,False,3,0,3,0.000000,1.000000
10016,7,4,400000000,403169537415,403500000000,none,False,False,,,-9,-1,0,False,3,0,0,0.000000,0.000000
10016,7,5,2000000000,403169537415,403500000000,none,False,False,,,-9,-1,0,False,3,0,2,0.000000,0.666667
10016,1,7,2000000000,410617685498,411000000000,none,False,False,,,-9,-1,0,False,2,0,0,0.000000,0.000000
10016,7,4,400000000,422159204609,422500000000,none,False,False,,,-9,-1,0,False,5,0,0,0.000000,0.000000
10016,3,1,2000000000,427486082763,427500000000,none,False,False,,,-9,-1,0,False,4,2,0,0.500000,0.000000
10016,7,4,400000000,433419225748,433500000000,none,False,False,,,-9,-1,0,False,5,0,0,0.000000,0.000000
10016,7,4,400000000,451460904129,451500000000,none,False,False,,,-9,-1,0,False,4,0,0,0.000000,0.000000
10016,7,4,2000000000,457741138675,458000000000,none,False,False,,,-9,-1,0,False,6,0,0,0.000000,0.000000
10016,7,5,2000000000,529307832128,529500000000,none,False,False,,,-9,-1,0,False,3,0,0,0.000000,0.000000
10017,8,2,2000000000,69516529919,70000000000,none,False,False,,,-9,-1,0,False,2,0,0,0.000000,0.000000
10017,2,4,2000000000,121341094827,121500000000,none,False,False,,,-9,-1,0,False,5,0,0,0.000000,0.000000
10017,3,2,2000000000,133545503275,134000000000,none,False,False,,,-9,-1,0,False,4,2,0,0.500000,0.000000
10017,2,6,2000000000,266920290258,267000000000,none,False,False,,,-9,11,0,False,3,0,0,0.000000,0.000000
10017,2,6,2000000000,269188158171,269500000000,none,False,False,,,-9,11,0,False,3,0,0,0.000000,0.000000
10017,8,9,400000000,375002376683,375500000000,none,False,False,,,-9,-1,0,False,2,0,0,0.000000,0.000000
10017,5,2,2000000000,402556258280,403000000000,none,False,True,766925550.000000,323183830.000000,-1,-1,1,False,3,0,3,0.000000,1.000000
10017,8,9,400000000,402680784783,403000000000,none,False,False,,,-9,19,0,False,2,0,0,0.000000,0.000000
10017,5,2,2000000000,410199000799,410500000000,none,False,False,,,-9,20,0,False,4,0,3,0.000000,0.750000
10017,5,1,2000000000,440705960381,441000000000,none,False,True,78415053.000000,-215624566.000000,21,20,1,False,2,0,2,0.000000,1.000000
10017,5,6,2000000000,450424601650,450500000000,none,False,False,,,-9,-1,0,False,1,0,0,0.000000,0.000000
10017,5,2,2000000000,467071337621,467500000000,none,False,False,,,-9,20,0,False,2,0,1,0.000000,0.500000
10017,5,2,2000000000,470773027209,471000000000,none,False,True,943579727.000000,716606936.000000,-1,20,1,False,1,0,1,0.000000,1.000000
10017,1,7,2000000000,480056181939,480500000000,none,False,True,304485184.000000,-139332877.000000,25,-1,1,False,3,0,1,0.000000,0.333333
10017,5,1,2000000000,487406307649,487500000000,none,False,False,,,-9,-1,0,False,1,0,0,0.000000,0.000000
10017,1,7,2000000000,491054993621,491500000000,none,False,False,,,-9,-1,0,False,3,0,1,0.000000,0.333333
10017,1,7,2000000000,493818502318,494000000000,none,False,True,1418776372.000000,1237278690.000000,30,-1,1,False,3,0,3,0.000000,1.000000
10017,3,4,400000000,502637752659,503000000000,added_edge,True,False,,,-9,31,0,False,2,2,0,1.000000,0.000000
10017,1,7,2000000000,506005409467,506500000000,none,False,False,,,-9,-1,0,False,2,0,0,0.000000,0.000000
10017,8,9,400000000,550459797611,550500000000,none,False,False,,,-9,-1,0,False,3,0,0,0.000000,0.000000
10017,3,6,2000000000,559507832115,560000000000,cascade,True,True,360363132.000000,-131804753.000000,-1,31,1,False,3,3,1,1.000000,0.333333
10017,3,6,2000000000,563942683395,564000000000,cascade,True,False,,,-9,31,0,False,4,3,0,0.750000,0.000000
10017,3,6,2000000000,581299504143,581500000000,cascade,True,False,,,-9,31,0,False,3,2,1,0.666667,0.333333
10018,11,9,2000000000,201980502992,202000000000,none,False,False,,,-9,5,0,False,3,0,1,0.000000,0.333333
10018,1,4,2000000000,213018165743,213500000000,none,False,False,,,-9,-1,0,False,6,0,1,0.000000,0.166667
10018,11,5,2000000000,233662635457,234000000000,none,False,True,1875532495.000000,1538167952.000000,-1,9,1,False,3,0,1,0.000000,0.333333
10018,11,5,2000000000,245832023227,246000000000,none,False,False,,,-9,-1,0,False,4,0,0,0.000000,0.000000
10018,8,5,2000000000,252909239514,253000000000,none,False,False,,,-9,8,0,False,4,0,1,0.000000,0.250000
10018,11,5,2000000000,260065038740,260500000000,none,False,False,,,-9,-1,0,False,4,0,0,0.000000,0.000000
10018,11,5,2000000000,268315082616,268500000000,none,False,False,,,-9,-1,0,False,3,0,0,0.000000,0.000000
10018,7,6,2000000000,332455567020,332500000000,peer,False,True,1767064710.000000,1722631730.000000,-1,10,1,False,5,0,1,0.000000,0.200000
10018,7,6,2000000000,337281945091,337500000000,peer,False,False,,,-9,10,0,False,4,0,0,0.000000,0.000000
10018,7,6,2000000000,348986908852,349000000000,peer,False,False,,,-9,10,0,False,3,0,0,0.000000,0.000000
10018,7,6,2000000000,352139048891,352500000000,peer,False,False,,,-9,10,0,False,5,0,1,0.000000,0.200000
10018,7,6,2000000000,359639446398,360000000000,peer,False,False,,,-9,10,0,False,3,0,0,0.000000,0.000000
10018,10,8,2000000000,383013581587,383500000000,none,False,False,,,-9,11,0,False,6,0,0,0.000000,0.000000
10018,10,8,2000000000,397930961174,398000000000,none,False,True,25484564.000000,-43554262.000000,12,12,1,False,8,0,8,0.000000,1.000000
10018,2,1,2000000000,406854177436,407000000000,none,False,True,885824986.000000,740002422.000000,-1,13,1,False,4,1,2,0.250000,0.500000
10018,7,6,400000000,409198799390,409500000000,peer,False,False,,,-9,-1,0,False,2,0,0,0.000000,0.000000
10018,1,5,400000000,415904959040,416000000000,none,False,False,,,-9,-1,0,False,4,0,0,0.000000,0.000000
10018,7,6,400000000,426640223558,427000000000,peer,False,False,,,-9,14,0,False,5,0,0,0.000000,0.000000
10018,7,1,2000000000,432483378458,432500000000,none,False,False,,,-9,14,0,False,5,0,0,0.000000,0.000000
10018,7,6,400000000,432483378458,432500000000,peer,False,False,,,-9,14,0,False,5,0,0,0.000000,0.000000
10018,10,8,2000000000,437717237429,438000000000,none,False,True,624833248.000000,342070677.000000,-1,-1,1,False,7,0,1,0.000000,0.142857
10018,7,6,400000000,439929800437,440000000000,peer,False,False,,,-9,14,0,False,5,0,0,0.000000,0.000000
10018,7,6,400000000,442299818291,442500000000,peer,False,False,,,-9,14,0,False,5,0,0,0.000000,0.000000
10018,5,11,400000000,443778613293,444000000000,none,False,False,,,-9,-1,0,False,6,0,0,0.000000,0.000000
10018,7,6,400000000,456416187526,456500000000,peer,False,False,,,-9,14,0,False,4,0,0,0.000000,0.000000
10018,10,8,2000000000,457059813386,457500000000,none,False,False,,,-9,-1,0,False,7,0,1,0.000000,0.142857
10018,2,1,2000000000,457276442584,457500000000,none,False,False,,,-9,-1,0,False,4,1,0,0.250000,0.000000
10018,6,9,2000000000,469851305412,470000000000,none,False,False,,,-9,15,0,False,6,0,1,0.000000,0.166667
10018,6,9,2000000000,474741533210,475000000000,none,False,False,,,-9,15,0,False,5,0,2,0.000000,0.400000
10018,8,10,2000000000,476367324036,476500000000,none,False,False,,,-9,16,0,False,5,0,0,0.000000,0.000000
10018,6,9,2000000000,477730396982,478000000000,none,False,False,,,-9,15,0,False,5,0,1,0.000000,0.200000
10018,5,9,2000000000,479529846508,480000000000,none,False,True,886115414.000000,415961922.000000,-1,-1,1,False,7,0,1,0.000000,0.142857
10018,5,9,2000000000,498191075606,498500000000,none,False,False,,,-9,-1,0,False,7,0,1,0.000000,0.142857
10018,5,9,2000000000,500807932830,501000000000,none,False,False,,,-9,-1,0,False,7,0,0,0.000000,0.000000
10018,6,5,2000000000,503836461461,504000000000,none,False,True,1525816191.000000,1362277652.000000,-1,15,1,False,3,0,1,0.000000,0.333333
10018,5,9,2000000000,505362277652,505500000000,none,False,False,,,-9,-1,0,False,4,0,0,0.000000,0.000000
10018,6,9,2000000000,505956536187,506000000000,none,False,False,,,-9,15,0,False,4,0,0,0.000000,0.000000
10018,6,5,2000000000,508644892628,509000000000,none,False,False,,,-9,15,0,False,5,0,1,0.000000,0.200000
10018,6,9,2000000000,508644892628,509000000000,none,False,True,1887287224.000000,1532179852.000000,-1,15,1,False,5,0,1,0.000000,0.200000
10018,6,5,2000000000,516949234065,517000000000,none,False,True,1206037691.000000,1155271756.000000,-1,15,1,False,4,0,2,0.000000,0.500000
10018,6,9,2000000000,516949234065,517000000000,none,False,False,,,-9,15,0,False,4,0,2,0.000000,0.500000
10018,5,9,2000000000,518155271756,518500000000,none,False,False,,,-9,-1,0,False,5,0,1,0.000000,0.200000
10018,6,5,2000000000,531140244926,531500000000,none,False,False,,,-9,-1,0,False,4,0,0,0.000000,0.000000
10018,4,10,2000000000,552474186353,552500000000,none,False,False,,,-9,-1,0,False,2,0,1,0.000000,0.500000
10018,4,10,2000000000,559164092208,559500000000,none,False,True,981376801.000000,645469009.000000,-1,-1,1,False,4,0,1,0.000000,0.250000
10018,1,4,2000000000,561557536726,562000000000,none,False,False,,,-9,-1,0,False,5,0,1,0.000000,0.200000
10018,4,10,2000000000,565768480248,566000000000,none,False,False,,,-9,-1,0,False,4,0,1,0.000000,0.250000
10018,11,5,2000000000,569652160024,570000000000,none,False,False,,,-9,-1,0,False,3,0,0,0.000000,0.000000
10018,6,5,2000000000,571887181636,572000000000,none,False,False,,,-9,-1,0,False,5,0,1,0.000000,0.200000
10018,1,4,2000000000,572141382055,572500000000,none,False,True,1058614662.000000,699996717.000000,-1,-1,1,False,6,0,2,0.000000,0.333333
10018,4,10,2000000000,573199996717,573500000000,none,False,False,,,-9,-1,0,False,3,0,0,0.000000,0.000000
10018,1,4,2000000000,578408399448,578500000000,none,False,False,,,-9,-1,0,False,6,0,1,0.000000,0.166667
10018,6,5,2000000000,580828893081,581000000000,none,False,False,,,-9,-1,0,False,4,0,2,0.000000,0.500000
10018,1,4,2000000000,588355194173,588500000000,none,False,False,,,-9,-1,0,False,6,0,2,0.000000,0.333333
10018,5,9,2000000000,589971327970,590000000000,none,False,False,,,-9,-1,0,False,8,0,1,0.000000,0.125000
10019,3,2,2000000000,64073196819,64500000000,peer,False,True,342516636.000000,-84286545.000000,1,-1,1,False,1,0,1,0.000000,1.000000
10019,3,2,2000000000,70833667430,71000000000,peer,False,False,,,-9,-1,0,False,1,0,0,0.000000,0.000000
10019,9,5,10000000000,79386512173,79500000000,none,False,False,,,-9,3,0,False,1,0,0,0.000000,0.000000
10019,2,3,2000000000,125389923733,125500000000,peer,False,False,,,-9,5,0,False,2,0,0,0.000000,0.000000
10019,7,9,2000000000,137768363736,138000000000,none,False,True,863221713.000000,631585449.000000,-1,-1,1,False,1,0,1,0.000000,1.000000
10019,7,9,2000000000,140649999021,141000000000,none,False,False,,,-9,-1,0,False,2,0,0,0.000000,0.000000
10019,7,9,2000000000,149045387228,149500000000,none,False,True,1791710802.000000,1337098030.000000,-1,-1,1,False,2,0,1,0.000000,0.500000
10019,7,9,2000000000,158182977447,158500000000,none,False,True,1763196870.000000,1446174317.000000,-1,-1,1,False,2,0,2,0.000000,1.000000
10019,8,5,2000000000,166752803080,167000000000,none,False,False,,,-9,6,0,False,2,0,0,0.000000,0.000000
10019,7,9,2000000000,171927054477,172000000000,none,False,False,,,-9,-1,0,False,2,0,0,0.000000,0.000000
10019,7,9,2000000000,180682465003,181000000000,none,False,False,,,-9,-1,0,False,2,0,0,0.000000,0.000000
10019,8,5,10000000000,181695458845,182000000000,none,False,True,1004940079.000000,700398924.000000,-1,6,1,False,1,0,1,0.000000,1.000000
10019,7,9,2000000000,182832750993,183000000000,none,False,False,,,-9,-1,0,False,1,0,0,0.000000,0.000000
10019,2,5,2000000000,189053287129,189500000000,none,False,False,,,-9,-1,0,False,2,0,0,0.000000,0.000000
10019,9,7,2000000000,205829646522,206000000000,none,False,False,,,-9,-1,0,False,1,0,0,0.000000,0.000000
10019,2,5,2000000000,210627125551,211000000000,none,False,True,930410914.000000,557536465.000000,-1,-1,1,False,3,0,2,0.000000,0.666667
10019,2,3,2000000000,213853085329,214000000000,peer,False,True,1943137378.000000,1796222707.000000,-1,-1,1,False,3,0,2,0.000000,0.666667
10019,2,5,2000000000,213853085329,214000000000,none,False,True,528346697.000000,381432026.000000,-1,-1,1,False,3,0,2,0.000000,0.666667
10019,2,3,2000000000,230010473480,230500000000,peer,False,False,,,-9,-1,0,False,2,0,0,0.000000,0.000000
10019,2,5,2000000000,230010473480,230500000000,none,False,False,,,-9,-1,0,False,2,0,0,0.000000,0.000000
10019,7,9,2000000000,246004320045,246500000000,none,False,False,,,-9,-1,0,False,2,0,0,0.000000,0.000000
10019,2,3,2000000000,251003796834,251500000000,peer,False,False,,,-9,8,0,False,2,0,0,0.000000,0.000000
10019,7,9,2000000000,260782262052,261000000000,none,False,True,944793616.000000,727055668.000000,-1,-1,1,False,2,0,1,0.000000,0.500000
10019,7,9,2000000000,264033264142,264500000000,none,False,False,,,-9,-1,0,False,2,0,0,0.000000,0.000000
10019,7,9,2000000000,266503093366,267000000000,none,False,False,,,-9,-1,0,False,2,0,0,0.000000,0.000000
10019,2,5,2000000000,271797893247,272000000000,none,False,True,514090806.000000,311984053.000000,9,8,1,False,2,0,1,0.000000,0.500000
10019,2,5,2000000000,295739146828,296000000000,none,False,True,235272439.000000,-25580733.000000,-1,-1,1,False,2,0,1,0.000000,0.500000
10019,2,5,2000000000,305437661618,305500000000,none,False,True,1237018885.000000,1174680503.000000,-1,-1,1,False,2,0,2,0.000000,1.000000
10019,2,5,2000000000,310991220284,311000000000,none,False,False,,,-9,-1,0,False,3,0,0,0.000000,0.000000
10019,2,5,2000000000,313357210715,313500000000,none,False,True,1525143372.000000,1382354087.000000,-1,-1,1,False,3,0,1,0.000000,0.333333
10019,2,5,2000000000,323843939311,324000000000,none,False,True,178593058.000000,22532369.000000,-1,-1,1,False,3,0,3,0.000000,1.000000
10019,2,5,2000000000,342411315488,342500000000,none,False,True,1083634233.000000,994949721.000000,14,-1,1,False,3,0,3,0.000000,1.000000
10019,2,5,2000000000,349435450645,349500000000,none,False,False,,,-9,15,0,False,2,0,0,0.000000,0.000000
10019,7,9,2000000000,349981383317,350000000000,none,False,True,493879967.000000,475263284.000000,12,-1,1,False,2,0,1,0.000000,0.500000
10019,7,9,2000000000,361452918508,361500000000,none,False,True,15462536.000000,-31618956.000000,17,17,1,False,2,0,2,0.000000,1.000000
10019,2,5,2000000000,367851398786,368000000000,none,False,False,,,-9,-1,0,False,2,0,0,0.000000,0.000000
10019,2,5,2000000000,373216796700,373500000000,none,False,True,394023253.000000,110819953.000000,-1,-1,1,False,3,0,2,0.000000,0.666667
10019,7,9,2000000000,375279327561,375500000000,none,False,False,,,-9,-1,0,False,1,0,0,0.000000,0.000000
10019,7,9,2000000000,386029492075,386500000000,none,False,False,,,-9,-1,0,False,2,0,1,0.000000,0.500000
10019,7,9,2000000000,391605111345,392000000000,none,False,False,,,-9,-1,0,False,2,0,1,0.000000,0.500000
10019,2,5,2000000000,395116675003,395500000000,none,False,True,1372668953.000000,989343956.000000,-1,-1,1,False,3,0,1,0.000000,0.333333
10019,7,5,2000000000,404051010779,404500000000,none,False,False,,,-9,-1,0,False,3,2,0,0.666667,0.000000
10019,2,5,2000000000,406446384042,406500000000,none,False,False,,,-9,-1,0,False,3,0,0,0.000000,0.000000
10019,2,5,2000000000,413954837957,414000000000,none,False,False,,,-9,-1,0,False,1,0,0,0.000000,0.000000
10019,2,5,2000000000,417495841859,417500000000,none,False,False,,,-9,-1,0,False,3,0,2,0.000000,0.666667
10019,2,5,2000000000,428570715607,429000000000,none,False,False,,,-9,-1,0,False,3,0,0,0.000000,0.000000
10019,5,6,400000000,486844274747,487000000000,none,False,False,,,-9,19,0,False,5,0,0,0.000000,0.000000
10019,7,8,400000000,512742504937,513000000000,added_edge,True,False,,,-9,-1,0,False,2,2,1,1.000000,0.500000
10019,7,8,400000000,516265209323,516500000000,added_edge,True,False,,,-9,-1,0,False,1,1,0,1.000000,0.000000
10019,7,8,400000000,544910765303,545000000000,added_edge,True,False,,,-9,-1,0,False,3,2,0,0.666667,0.000000
10019,7,9,2000000000,550767474816,551000000000,added_edge,True,False,,,-9,-1,0,False,2,1,0,0.500000,0.000000
10019,5,8,400000000,555045134527,555500000000,none,False,False,,,-9,-1,0,False,3,0,0,0.000000,0.000000
10019,7,8,400000000,557642116664,558000000000,added_edge,True,False,,,-9,-1,0,False,2,1,0,0.500000,0.000000
10019,7,8,400000000,561903391228,562000000000,added_edge,True,False,,,-9,-1,0,False,3,2,0,0.666667,0.000000
10019,2,4,2000000000,564360057758,564500000000,none,False,False,,,-9,-1,0,False,3,0,2,0.000000,0.666667
10019,7,8,400000000,566748526345,567000000000,added_edge,True,False,,,-9,-1,0,False,2,2,0,1.000000,0.000000
10019,7,9,2000000000,566748526345,567000000000,added_edge,True,True,1360282844.000000,1108809189.000000,-1,-1,1,False,2,2,1,1.000000,0.500000
10019,7,8,2000000000,585157573216,585500000000,added_edge,True,True,1035655703.000000,693228919.000000,-1,-1,1,False,2,2,2,1.000000,1.000000
10019,7,9,2000000000,585157573216,585500000000,added_edge,True,True,1355966624.000000,1013539840.000000,-1,-1,1,False,2,2,2,1.000000,1.000000
