range,seeds,side,set,streams,incidents,incidents_per_stream,calls,streams_with_any,calls_per_stream,calls_lo90,calls_hi90,modelled_ns,share_of_total_bill,bill_lo90,bill_hi90,share_of_reasoner_cost,reasoner_lo90,reasoner_hi90,of_which_arm_was_already_correct_ns
a-tune,10000-10099,run joined to hidden,all hard incidents,100,243,2.4300,220,83,2.2000,1.8900,2.5300,67285000000,0.9993,0.9992,0.9994,1.0000,1.0000,1.0000,42890000000
a-tune,10000-10099,run joined to hidden,R  site-keyed: recurrence of an incident the arm declared correctly earlier,100,18,0.1800,19,15,0.1900,0.1100,0.2800,6065000000,0.0901,0.0573,0.1247,0.0901,0.0573,0.1248,3795000000
a-tune,10000-10099,run joined to hidden,"R_chain  site-keyed, any earlier same-site same-family incident declared correctly",100,22,0.2200,22,18,0.2200,0.1400,0.3100,6975000000,0.1036,0.0705,0.1376,0.1037,0.0706,0.1377,4075000000
a-tune,10000-10099,run joined to hidden,R_fresh  R without the recurrences stale by construction,100,16,0.1600,17,14,0.1700,0.1000,0.2500,5445000000,0.0809,0.0492,0.1135,0.0809,0.0493,0.1135,3175000000
a-tune,10000-10099,run joined to hidden,"F_only  family-keyed beyond R: same family and mode, earlier correct, not in R",100,24,0.2400,25,16,0.2500,0.1500,0.3700,8035000000,0.1193,0.0737,0.1661,0.1194,0.0737,0.1663,5465000000
a-tune,10000-10099,run joined to hidden,F  family-keyed: same family and mode (any site) earlier declared correctly,100,42,0.4200,44,26,0.4400,0.3000,0.5900,14100000000,0.2094,0.1559,0.2596,0.2096,0.1560,0.2598,9260000000
a-tune,10000-10099,run joined to hidden,"F_strict  as F with the same kinds (compound pair, cascade kind)",100,30,0.3000,31,22,0.3100,0.2000,0.4300,9840000000,0.1461,0.1044,0.1875,0.1462,0.1045,0.1876,5945000000
a-tune,10000-10099,run joined to hidden,R_world  every hard recurrence (no condition on the arm),100,44,0.4400,44,27,0.4400,0.3000,0.5900,13730000000,0.2039,0.1524,0.2529,0.2041,0.1525,0.2530,7680000000
a-tune,10000-10099,run joined to hidden,F_world  every hard incident whose family and mode occurred earlier (no condition on the arm),100,78,0.7800,75,35,0.7500,0.5500,0.9600,23380000000,0.3472,0.2825,0.4060,0.3475,0.2827,0.4062,13570000000
a-tune,10010-10099,run joined to hidden,all hard incidents [streams 11 onward],90,216,2.4000,194,74,2.1556,1.8222,2.5000,59575000000,0.9993,0.9991,0.9994,1.0000,1.0000,1.0000,37300000000
a-tune,10010-10099,run joined to hidden,"R  site-keyed, within the stream [streams 11 onward]",90,15,0.1667,16,13,0.1778,0.1000,0.2667,5155000000,0.0865,0.0511,0.1221,0.0865,0.0512,0.1222,3170000000
a-tune,10010-10099,run joined to hidden,"F  family-keyed, within the stream [streams 11 onward]",90,38,0.4222,40,24,0.4444,0.3000,0.6000,12865000000,0.2158,0.1585,0.2709,0.2159,0.1586,0.2710,8310000000
a-tune,10010-10099,run joined to hidden,"F_cross  family-keyed, memory carried across streams in seed order [streams 11 onward]",90,210,2.3333,188,73,2.0889,1.7661,2.4333,57640000000,0.9668,0.9343,0.9932,0.9675,0.9350,0.9939,36995000000
a-tune,10010-10099,run joined to hidden,F_strict_cross  as F_cross with the same kinds [streams 11 onward],90,199,2.2111,177,72,1.9667,1.6444,2.3000,54380000000,0.9121,0.8609,0.9571,0.9128,0.8615,0.9578,34270000000
a-heldout,40000-40199,run joined to hidden,all hard incidents,200,512,2.5600,459,175,2.2950,2.1000,2.4900,137880000000,0.9993,0.9993,0.9994,1.0000,1.0000,1.0000,78890000000
a-heldout,40000-40199,run joined to hidden,R  site-keyed: recurrence of an incident the arm declared correctly earlier,200,41,0.2050,39,36,0.1950,0.1400,0.2550,11715000000,0.0849,0.0635,0.1077,0.0850,0.0635,0.1078,8505000000
a-heldout,40000-40199,run joined to hidden,"R_chain  site-keyed, any earlier same-site same-family incident declared correctly",200,44,0.2200,42,37,0.2100,0.1550,0.2700,12570000000,0.0911,0.0687,0.1145,0.0912,0.0688,0.1146,9110000000
a-heldout,40000-40199,run joined to hidden,R_fresh  R without the recurrences stale by construction,200,31,0.1550,29,29,0.1450,0.1000,0.1950,8640000000,0.0626,0.0446,0.0814,0.0627,0.0446,0.0815,5430000000
a-heldout,40000-40199,run joined to hidden,"F_only  family-keyed beyond R: same family and mode, earlier correct, not in R",200,29,0.1450,22,25,0.1100,0.0750,0.1500,6435000000,0.0466,0.0314,0.0626,0.0467,0.0315,0.0627,4165000000
a-heldout,40000-40199,run joined to hidden,F  family-keyed: same family and mode (any site) earlier declared correctly,200,70,0.3500,61,48,0.3050,0.2300,0.3850,18150000000,0.1315,0.1034,0.1607,0.1316,0.1034,0.1608,12670000000
a-heldout,40000-40199,run joined to hidden,"F_strict  as F with the same kinds (compound pair, cascade kind)",200,62,0.3100,53,44,0.2650,0.1950,0.3400,15800000000,0.1145,0.0876,0.1427,0.1146,0.0876,0.1428,11260000000
a-heldout,40000-40199,run joined to hidden,R_world  every hard recurrence (no condition on the arm),200,83,0.4150,75,66,0.3750,0.3000,0.4550,22645000000,0.1641,0.1360,0.1925,0.1642,0.1361,0.1926,13040000000
a-heldout,40000-40199,run joined to hidden,F_world  every hard incident whose family and mode occurred earlier (no condition on the arm),200,139,0.6950,122,90,0.6100,0.5100,0.7150,36530000000,0.2648,0.2316,0.2978,0.2649,0.2317,0.2980,20805000000
a-heldout,40010-40199,run joined to hidden,all hard incidents [streams 11 onward],190,494,2.6000,444,167,2.3368,2.1421,2.5368,133995000000,0.9993,0.9993,0.9994,1.0000,1.0000,1.0000,76910000000
a-heldout,40010-40199,run joined to hidden,"R  site-keyed, within the stream [streams 11 onward]",190,39,0.2053,37,35,0.1947,0.1421,0.2526,11175000000,0.0833,0.0619,0.1058,0.0834,0.0619,0.1058,7965000000
a-heldout,40010-40199,run joined to hidden,"F  family-keyed, within the stream [streams 11 onward]",190,68,0.3579,59,47,0.3105,0.2316,0.3895,17610000000,0.1313,0.1025,0.1597,0.1314,0.1026,0.1598,12130000000
a-heldout,40010-40199,run joined to hidden,"F_cross  family-keyed, memory carried across streams in seed order [streams 11 onward]",190,486,2.5579,435,166,2.2895,2.0947,2.4895,131080000000,0.9776,0.9620,0.9909,0.9782,0.9626,0.9916,75685000000
a-heldout,40010-40199,run joined to hidden,F_strict_cross  as F_cross with the same kinds [streams 11 onward],190,469,2.4684,419,164,2.2053,2.0105,2.4000,125965000000,0.9394,0.9146,0.9618,0.9401,0.9152,0.9624,71640000000
c-tune,60000-60099,run joined to hidden,all hard incidents,100,786,7.8600,671,100,6.7100,6.2100,7.2100,203410000000,0.9998,0.9998,0.9998,1.0000,1.0000,1.0000,118255000000
c-tune,60000-60099,run joined to hidden,R  site-keyed: recurrence of an incident the arm declared correctly earlier,100,63,0.6300,57,41,0.5700,0.4300,0.7100,17795000000,0.0875,0.0679,0.1070,0.0875,0.0679,0.1070,13830000000
c-tune,60000-60099,run joined to hidden,"R_chain  site-keyed, any earlier same-site same-family incident declared correctly",100,71,0.7100,63,45,0.6300,0.4900,0.7800,19590000000,0.0963,0.0760,0.1169,0.0963,0.0761,0.1169,15385000000
c-tune,60000-60099,run joined to hidden,R_fresh  R without the recurrences stale by construction,100,53,0.5300,45,36,0.4500,0.3300,0.5800,13955000000,0.0686,0.0514,0.0862,0.0686,0.0514,0.0862,9990000000
c-tune,60000-60099,run joined to hidden,"F_only  family-keyed beyond R: same family and mode, earlier correct, not in R",100,146,1.4600,129,62,1.2900,1.0500,1.5400,39760000000,0.1954,0.1667,0.2227,0.1955,0.1667,0.2228,26570000000
c-tune,60000-60099,run joined to hidden,F  family-keyed: same family and mode (any site) earlier declared correctly,100,209,2.0900,186,73,1.8600,1.5500,2.1800,57555000000,0.2829,0.2488,0.3165,0.2830,0.2489,0.3165,40400000000
c-tune,60000-60099,run joined to hidden,"F_strict  as F with the same kinds (compound pair, cascade kind)",100,167,1.6700,140,67,1.4000,1.1400,1.6800,42605000000,0.2094,0.1778,0.2410,0.2095,0.1778,0.2411,29405000000
c-tune,60000-60099,run joined to hidden,R_world  every hard recurrence (no condition on the arm),100,145,1.4500,119,66,1.1900,0.9700,1.4200,36030000000,0.1771,0.1498,0.2038,0.1771,0.1498,0.2038,22430000000
c-tune,60000-60099,run joined to hidden,F_world  every hard incident whose family and mode occurred earlier (no condition on the arm),100,382,3.8200,306,92,3.0600,2.6800,3.4400,93495000000,0.4595,0.4290,0.4884,0.4596,0.4291,0.4885,56670000000
c-tune,60010-60099,run joined to hidden,all hard incidents [streams 11 onward],90,692,7.6889,585,90,6.5000,5.9667,7.0333,177585000000,0.9998,0.9997,0.9998,1.0000,1.0000,1.0000,101025000000
c-tune,60010-60099,run joined to hidden,"R  site-keyed, within the stream [streams 11 onward]",90,53,0.5889,46,35,0.5111,0.3778,0.6556,14540000000,0.0819,0.0619,0.1020,0.0819,0.0619,0.1020,10575000000
c-tune,60010-60099,run joined to hidden,"F  family-keyed, within the stream [streams 11 onward]",90,180,2.0000,160,64,1.7778,1.4444,2.1111,49460000000,0.2784,0.2411,0.3135,0.2785,0.2412,0.3135,34165000000
c-tune,60010-60099,run joined to hidden,"F_cross  family-keyed, memory carried across streams in seed order [streams 11 onward]",90,692,7.6889,585,90,6.5000,5.9667,7.0333,177585000000,0.9998,0.9997,0.9998,1.0000,1.0000,1.0000,101025000000
c-tune,60010-60099,run joined to hidden,F_strict_cross  as F_cross with the same kinds [streams 11 onward],90,683,7.5889,576,90,6.4000,5.8667,6.9333,174645000000,0.9832,0.9730,0.9923,0.9834,0.9732,0.9925,100140000000
c-heldout,70000-70199,run joined to hidden,all hard incidents,200,1516,7.5800,1288,199,6.4400,6.1350,6.7400,391610000000,0.9998,0.9997,0.9998,1.0000,1.0000,1.0000,246810000000
c-heldout,70000-70199,run joined to hidden,R  site-keyed: recurrence of an incident the arm declared correctly earlier,200,138,0.6900,127,91,0.6350,0.5350,0.7400,39330000000,0.1004,0.0859,0.1154,0.1004,0.0859,0.1154,30375000000
c-heldout,70000-70199,run joined to hidden,"R_chain  site-keyed, any earlier same-site same-family incident declared correctly",200,159,0.7950,148,94,0.7400,0.6250,0.8650,45475000000,0.1161,0.0997,0.1333,0.1161,0.0997,0.1333,34135000000
c-heldout,70000-70199,run joined to hidden,R_fresh  R without the recurrences stale by construction,200,115,0.5750,104,82,0.5200,0.4300,0.6150,31925000000,0.0815,0.0685,0.0950,0.0815,0.0685,0.0950,23920000000
c-heldout,70000-70199,run joined to hidden,"F_only  family-keyed beyond R: same family and mode, earlier correct, not in R",200,274,1.3700,238,140,1.1900,1.0500,1.3350,72935000000,0.1862,0.1674,0.2046,0.1862,0.1675,0.2046,49105000000
c-heldout,70000-70199,run joined to hidden,F  family-keyed: same family and mode (any site) earlier declared correctly,200,412,2.0600,365,155,1.8250,1.6300,2.0250,112265000000,0.2866,0.2631,0.3103,0.2867,0.2632,0.3103,79480000000
c-heldout,70000-70199,run joined to hidden,"F_strict  as F with the same kinds (compound pair, cascade kind)",200,326,1.6300,273,134,1.3650,1.1950,1.5350,83500000000,0.2132,0.1916,0.2348,0.2132,0.1917,0.2349,58135000000
c-heldout,70000-70199,run joined to hidden,R_world  every hard recurrence (no condition on the arm),200,259,1.2950,220,134,1.1000,0.9600,1.2450,67590000000,0.1726,0.1538,0.1913,0.1726,0.1539,0.1913,43205000000
c-heldout,70000-70199,run joined to hidden,F_world  every hard incident whose family and mode occurred earlier (no condition on the arm),200,711,3.5550,566,188,2.8300,2.6050,3.0550,173455000000,0.4428,0.4216,0.4631,0.4429,0.4217,0.4632,109470000000
c-heldout,70010-70199,run joined to hidden,all hard incidents [streams 11 onward],190,1447,7.6158,1227,189,6.4579,6.1421,6.7684,373300000000,0.9998,0.9997,0.9998,1.0000,1.0000,1.0000,235745000000
c-heldout,70010-70199,run joined to hidden,"R  site-keyed, within the stream [streams 11 onward]",190,132,0.6947,120,85,0.6316,0.5263,0.7421,37195000000,0.0996,0.0842,0.1150,0.0996,0.0843,0.1150,28850000000
c-heldout,70010-70199,run joined to hidden,"F  family-keyed, within the stream [streams 11 onward]",190,394,2.0737,348,146,1.8316,1.6316,2.0368,107050000000,0.2867,0.2619,0.3111,0.2868,0.2620,0.3111,76780000000
c-heldout,70010-70199,run joined to hidden,"F_cross  family-keyed, memory carried across streams in seed order [streams 11 onward]",190,1447,7.6158,1227,189,6.4579,6.1421,6.7684,373300000000,0.9998,0.9997,0.9998,1.0000,1.0000,1.0000,235745000000
c-heldout,70010-70199,run joined to hidden,F_strict_cross  as F_cross with the same kinds [streams 11 onward],190,1435,7.5526,1213,189,6.3842,6.0684,6.6947,369020000000,0.9883,0.9823,0.9936,0.9885,0.9825,0.9939,233775000000
