range,seeds,side,key,form,stream_reset,teacher,source_available,streams,recalls,right,wrong,recalls_on_plain,recalls_on_decoy,recalls_on_hard,wrong_on_plain,wrong_on_decoy,wrong_on_hard,wrong_share,wrong_share_lo90,wrong_share_hi90,wrong_per_stream,wrong_per_stream_lo90,wrong_per_stream_hi90,hard_recalled_right,hard_incidents,hard_recalled_right_share,hard_right_lo90,hard_right_hi90,hard_recurrences,hard_recurrences_recalled_right,hard_recurrences_recalled_right_share,hrr_lo90,hrr_hi90
a-tune,10000-10099,hidden,E1 kinds,site,yes,hard,at arrival order (W2),100,19,19,0,0,0,19,0,0,0,0.0000,0.0000,0.0000,0.0000,0.0000,0.0000,19,243,0.0782,0.0391,0.1188,44,18,0.4091,0.2258,0.5691
a-tune,10000-10099,hidden,E1 kinds,site,yes,hard,after its answer (19 s),100,19,19,0,0,0,19,0,0,0,0.0000,0.0000,0.0000,0.0000,0.0000,0.0000,19,243,0.0782,0.0391,0.1188,44,18,0.4091,0.2258,0.5691
a-tune,10000-10099,hidden,E1 kinds,site,no,hard,at arrival order (W2),100,79,51,28,7,21,51,7,21,0,0.3544,0.2537,0.4658,0.2800,0.1900,0.3800,51,243,0.2099,0.1531,0.2672,44,18,0.4091,0.2258,0.5691
a-tune,10000-10099,hidden,E1 kinds,site,no,hard,after its answer (19 s),100,79,51,28,7,21,51,7,21,0,0.3544,0.2537,0.4658,0.2800,0.1900,0.3800,51,243,0.2099,0.1531,0.2672,44,18,0.4091,0.2258,0.5691
a-tune,10000-10099,hidden,E1 kinds,family,yes,hard,at arrival order (W2),100,42,26,16,13,3,26,13,3,0,0.3810,0.2340,0.5500,0.1600,0.0800,0.2500,26,243,0.1070,0.0612,0.1552,44,18,0.4091,0.2258,0.5691
a-tune,10000-10099,hidden,E1 kinds,family,yes,hard,after its answer (19 s),100,40,25,15,12,3,25,12,3,0,0.3750,0.2286,0.5385,0.1500,0.0800,0.2305,25,243,0.1029,0.0602,0.1468,44,18,0.4091,0.2258,0.5691
a-tune,10000-10099,hidden,E1 kinds,family,no,hard,at arrival order (W2),100,185,81,104,51,53,81,51,53,0,0.5622,0.4710,0.6495,1.0400,0.7800,1.3200,81,243,0.3333,0.2574,0.4105,44,19,0.4318,0.2500,0.5918
a-tune,10000-10099,hidden,E1 kinds,family,no,hard,after its answer (19 s),100,184,81,103,50,53,81,50,53,0,0.5598,0.4683,0.6471,1.0300,0.7700,1.3100,81,243,0.3333,0.2574,0.4105,44,19,0.4318,0.2500,0.5918
a-tune,10000-10099,hidden,E1 bands,site,yes,hard,at arrival order (W2),100,16,16,0,0,0,16,0,0,0,0.0000,0.0000,0.0000,0.0000,0.0000,0.0000,16,243,0.0658,0.0292,0.1042,44,16,0.3636,0.1852,0.5238
a-tune,10000-10099,hidden,E1 bands,site,yes,hard,after its answer (19 s),100,16,16,0,0,0,16,0,0,0,0.0000,0.0000,0.0000,0.0000,0.0000,0.0000,16,243,0.0658,0.0292,0.1042,44,16,0.3636,0.1852,0.5238
a-tune,10000-10099,hidden,E1 bands,site,no,hard,at arrival order (W2),100,67,44,23,6,17,44,6,17,0,0.3433,0.2281,0.4694,0.2300,0.1400,0.3300,44,243,0.1811,0.1281,0.2342,44,17,0.3864,0.2000,0.5484
a-tune,10000-10099,hidden,E1 bands,site,no,hard,after its answer (19 s),100,67,44,23,6,17,44,6,17,0,0.3433,0.2281,0.4694,0.2300,0.1400,0.3300,44,243,0.1811,0.1281,0.2342,44,17,0.3864,0.2000,0.5484
a-tune,10000-10099,hidden,E1 bands,family,yes,hard,at arrival order (W2),100,34,21,13,10,3,21,10,3,0,0.3824,0.2250,0.5758,0.1300,0.0700,0.2000,21,243,0.0864,0.0446,0.1306,44,16,0.3636,0.1852,0.5238
a-tune,10000-10099,hidden,E1 bands,family,yes,hard,after its answer (19 s),100,33,20,13,10,3,20,10,3,0,0.3939,0.2326,0.5833,0.1300,0.0700,0.2000,20,243,0.0823,0.0435,0.1231,44,16,0.3636,0.1852,0.5238
a-tune,10000-10099,hidden,E1 bands,family,no,hard,at arrival order (W2),100,171,75,96,47,49,75,47,49,0,0.5614,0.4652,0.6541,0.9600,0.7100,1.2300,75,243,0.3086,0.2321,0.3858,44,18,0.4091,0.2245,0.5715
a-tune,10000-10099,hidden,E1 bands,family,no,hard,after its answer (19 s),100,171,75,96,47,49,75,47,49,0,0.5614,0.4652,0.6541,0.9600,0.7100,1.2300,75,243,0.3086,0.2321,0.3858,44,18,0.4091,0.2245,0.5715
a-tune,10000-10099,hidden,E1 timing,site,yes,hard,at arrival order (W2),100,12,12,0,0,0,12,0,0,0,0.0000,0.0000,0.0000,0.0000,0.0000,0.0000,12,243,0.0494,0.0204,0.0796,44,12,0.2727,0.1296,0.4039
a-tune,10000-10099,hidden,E1 timing,site,yes,hard,after its answer (19 s),100,12,12,0,0,0,12,0,0,0,0.0000,0.0000,0.0000,0.0000,0.0000,0.0000,12,243,0.0494,0.0204,0.0796,44,12,0.2727,0.1296,0.4039
a-tune,10000-10099,hidden,E1 timing,site,no,hard,at arrival order (W2),100,44,27,17,6,11,27,6,11,0,0.3864,0.2500,0.5250,0.1700,0.1000,0.2500,27,243,0.1111,0.0739,0.1482,44,13,0.2955,0.1500,0.4255
a-tune,10000-10099,hidden,E1 timing,site,no,hard,after its answer (19 s),100,44,27,17,6,11,27,6,11,0,0.3864,0.2500,0.5250,0.1700,0.1000,0.2500,27,243,0.1111,0.0739,0.1482,44,13,0.2955,0.1500,0.4255
a-tune,10000-10099,hidden,E1 timing,family,yes,hard,at arrival order (W2),100,27,15,12,10,2,15,10,2,0,0.4444,0.2581,0.6667,0.1200,0.0600,0.1900,15,243,0.0617,0.0288,0.0954,44,12,0.2727,0.1296,0.4039
a-tune,10000-10099,hidden,E1 timing,family,yes,hard,after its answer (19 s),100,27,15,12,10,2,15,10,2,0,0.4444,0.2581,0.6667,0.1200,0.0600,0.1900,15,243,0.0617,0.0288,0.0954,44,12,0.2727,0.1296,0.4039
a-tune,10000-10099,hidden,E1 timing,family,no,hard,at arrival order (W2),100,158,65,93,47,46,65,47,46,0,0.5886,0.4913,0.6821,0.9300,0.6800,1.2000,65,243,0.2675,0.1967,0.3393,44,18,0.4091,0.2245,0.5715
a-tune,10000-10099,hidden,E1 timing,family,no,hard,after its answer (19 s),100,158,65,93,47,46,65,47,46,0,0.5886,0.4913,0.6821,0.9300,0.6800,1.2000,65,243,0.2675,0.1967,0.3393,44,18,0.4091,0.2245,0.5715
a-heldout,40000-40199,hidden,E1 kinds,site,yes,hard,at arrival order (W2),200,26,23,3,2,1,23,2,1,0,0.1154,0.0000,0.2333,0.0150,0.0000,0.0300,23,512,0.0449,0.0296,0.0613,83,21,0.2530,0.1724,0.3380
a-heldout,40000-40199,hidden,E1 kinds,site,yes,hard,after its answer (19 s),200,26,23,3,2,1,23,2,1,0,0.1154,0.0000,0.2333,0.0150,0.0000,0.0300,23,512,0.0449,0.0296,0.0613,83,21,0.2530,0.1724,0.3380
a-heldout,40000-40199,hidden,E1 kinds,site,no,hard,at arrival order (W2),200,197,101,96,29,67,101,29,67,0,0.4873,0.4229,0.5500,0.4800,0.3900,0.5800,101,512,0.1973,0.1673,0.2285,83,22,0.2651,0.1842,0.3494
a-heldout,40000-40199,hidden,E1 kinds,site,no,hard,after its answer (19 s),200,197,101,96,29,67,101,29,67,0,0.4873,0.4229,0.5500,0.4800,0.3900,0.5800,101,512,0.1973,0.1673,0.2285,83,22,0.2651,0.1842,0.3494
a-heldout,40000-40199,hidden,E1 kinds,family,yes,hard,at arrival order (W2),200,58,32,26,19,7,32,19,7,0,0.4483,0.3214,0.5660,0.1300,0.0800,0.1900,32,512,0.0625,0.0447,0.0811,83,21,0.2530,0.1724,0.3380
a-heldout,40000-40199,hidden,E1 kinds,family,yes,hard,after its answer (19 s),200,55,32,23,16,7,32,16,7,0,0.4182,0.2941,0.5366,0.1150,0.0700,0.1650,32,512,0.0625,0.0447,0.0811,83,21,0.2530,0.1724,0.3380
a-heldout,40000-40199,hidden,E1 kinds,family,no,hard,at arrival order (W2),200,392,153,239,131,107,154,131,107,1,0.6097,0.5577,0.6582,1.1950,1.0050,1.4000,153,512,0.2988,0.2637,0.3360,83,24,0.2892,0.2051,0.3765
a-heldout,40000-40199,hidden,E1 kinds,family,no,hard,after its answer (19 s),200,392,153,239,131,107,154,131,107,1,0.6097,0.5577,0.6582,1.1950,1.0050,1.4000,153,512,0.2988,0.2637,0.3360,83,24,0.2892,0.2051,0.3765
a-heldout,40000-40199,hidden,E1 bands,site,yes,hard,at arrival order (W2),200,17,15,2,2,0,15,2,0,0,0.1176,0.0000,0.2667,0.0100,0.0000,0.0250,15,512,0.0293,0.0174,0.0421,83,14,0.1687,0.1047,0.2360
a-heldout,40000-40199,hidden,E1 bands,site,yes,hard,after its answer (19 s),200,17,15,2,2,0,15,2,0,0,0.1176,0.0000,0.2667,0.0100,0.0000,0.0250,15,512,0.0293,0.0174,0.0421,83,14,0.1687,0.1047,0.2360
a-heldout,40000-40199,hidden,E1 bands,site,no,hard,at arrival order (W2),200,168,84,84,27,57,84,27,57,0,0.5000,0.4315,0.5679,0.4200,0.3350,0.5100,84,512,0.1641,0.1373,0.1917,83,17,0.2048,0.1333,0.2809
a-heldout,40000-40199,hidden,E1 bands,site,no,hard,after its answer (19 s),200,168,84,84,27,57,84,27,57,0,0.5000,0.4315,0.5679,0.4200,0.3350,0.5100,84,512,0.1641,0.1373,0.1917,83,17,0.2048,0.1333,0.2809
a-heldout,40000-40199,hidden,E1 bands,family,yes,hard,at arrival order (W2),200,45,23,22,19,3,23,19,3,0,0.4889,0.3404,0.6200,0.1100,0.0600,0.1650,23,512,0.0449,0.0300,0.0607,83,14,0.1687,0.1047,0.2360
a-heldout,40000-40199,hidden,E1 bands,family,yes,hard,after its answer (19 s),200,42,23,19,16,3,23,16,3,0,0.4524,0.3030,0.5870,0.0950,0.0500,0.1450,23,512,0.0449,0.0300,0.0607,83,14,0.1687,0.1047,0.2360
a-heldout,40000-40199,hidden,E1 bands,family,no,hard,at arrival order (W2),200,359,139,220,125,94,140,125,94,1,0.6128,0.5581,0.6632,1.1000,0.9200,1.2900,139,512,0.2715,0.2370,0.3080,83,21,0.2530,0.1707,0.3380
a-heldout,40000-40199,hidden,E1 bands,family,no,hard,after its answer (19 s),200,359,139,220,125,94,140,125,94,1,0.6128,0.5581,0.6632,1.1000,0.9200,1.2900,139,512,0.2715,0.2370,0.3080,83,21,0.2530,0.1707,0.3380
a-heldout,40000-40199,hidden,E1 timing,site,yes,hard,at arrival order (W2),200,15,13,2,2,0,13,2,0,0,0.1333,0.0000,0.2941,0.0100,0.0000,0.0250,13,512,0.0254,0.0149,0.0367,83,12,0.1446,0.0833,0.2099
a-heldout,40000-40199,hidden,E1 timing,site,yes,hard,after its answer (19 s),200,15,13,2,2,0,13,2,0,0,0.1333,0.0000,0.2941,0.0100,0.0000,0.0250,13,512,0.0254,0.0149,0.0367,83,12,0.1446,0.0833,0.2099
a-heldout,40000-40199,hidden,E1 timing,site,no,hard,at arrival order (W2),200,136,62,74,27,47,62,27,47,0,0.5441,0.4711,0.6154,0.3700,0.2900,0.4600,62,512,0.1211,0.0981,0.1451,83,15,0.1807,0.1111,0.2543
a-heldout,40000-40199,hidden,E1 timing,site,no,hard,after its answer (19 s),200,136,62,74,27,47,62,27,47,0,0.5441,0.4711,0.6154,0.3700,0.2900,0.4600,62,512,0.1211,0.0981,0.1451,83,15,0.1807,0.1111,0.2543
a-heldout,40000-40199,hidden,E1 timing,family,yes,hard,at arrival order (W2),200,37,17,20,19,1,17,19,1,0,0.5405,0.3750,0.6774,0.1000,0.0500,0.1550,17,512,0.0332,0.0212,0.0460,83,12,0.1446,0.0833,0.2099
a-heldout,40000-40199,hidden,E1 timing,family,yes,hard,after its answer (19 s),200,34,17,17,16,1,17,16,1,0,0.5000,0.3333,0.6458,0.0850,0.0400,0.1350,17,512,0.0332,0.0212,0.0460,83,12,0.1446,0.0833,0.2099
a-heldout,40000-40199,hidden,E1 timing,family,no,hard,at arrival order (W2),200,344,125,219,125,93,126,125,93,1,0.6366,0.5819,0.6879,1.0950,0.9150,1.2850,125,512,0.2441,0.2105,0.2791,83,20,0.2410,0.1600,0.3253
a-heldout,40000-40199,hidden,E1 timing,family,no,hard,after its answer (19 s),200,344,125,219,125,93,126,125,93,1,0.6366,0.5819,0.6879,1.0950,0.9150,1.2850,125,512,0.2441,0.2105,0.2791,83,20,0.2410,0.1600,0.3253
c-tune,60000-60099,hidden,E1 kinds,site,yes,hard,at arrival order (W2),100,56,54,2,2,0,54,2,0,0,0.0357,0.0000,0.0851,0.0200,0.0000,0.0500,54,786,0.0687,0.0506,0.0872,145,47,0.3241,0.2463,0.4054
c-tune,60000-60099,hidden,E1 kinds,site,yes,hard,after its answer (19 s),100,56,54,2,2,0,54,2,0,0,0.0357,0.0000,0.0851,0.0200,0.0000,0.0500,54,786,0.0687,0.0506,0.0872,145,47,0.3241,0.2463,0.4054
c-tune,60000-60099,hidden,E1 kinds,site,no,hard,at arrival order (W2),100,237,199,38,4,33,200,4,33,1,0.1603,0.1225,0.2009,0.3800,0.2800,0.4800,199,786,0.2532,0.2260,0.2812,145,47,0.3241,0.2463,0.4054
c-tune,60000-60099,hidden,E1 kinds,site,no,hard,after its answer (19 s),100,237,199,38,4,33,200,4,33,1,0.1603,0.1225,0.2009,0.3800,0.2800,0.4800,199,786,0.2532,0.2260,0.2812,145,47,0.3241,0.2463,0.4054
c-tune,60000-60099,hidden,E1 kinds,family,yes,hard,at arrival order (W2),100,126,90,36,19,11,96,19,11,6,0.2857,0.1852,0.3881,0.3600,0.2100,0.5400,90,786,0.1145,0.0903,0.1397,145,47,0.3241,0.2463,0.4054
c-tune,60000-60099,hidden,E1 kinds,family,yes,hard,after its answer (19 s),100,121,88,33,17,10,94,17,10,6,0.2727,0.1724,0.3782,0.3300,0.1900,0.5000,88,786,0.1120,0.0876,0.1371,145,47,0.3241,0.2463,0.4054
c-tune,60000-60099,hidden,E1 kinds,family,no,hard,at arrival order (W2),100,351,249,102,46,47,258,46,47,9,0.2906,0.2391,0.3441,1.0200,0.8000,1.2600,249,786,0.3168,0.2870,0.3471,145,48,0.3310,0.2500,0.4133
c-tune,60000-60099,hidden,E1 kinds,family,no,hard,after its answer (19 s),100,351,249,102,46,47,258,46,47,9,0.2906,0.2391,0.3441,1.0200,0.8000,1.2600,249,786,0.3168,0.2870,0.3471,145,48,0.3310,0.2500,0.4133
c-tune,60000-60099,hidden,E1 bands,site,yes,hard,at arrival order (W2),100,46,44,2,2,0,44,2,0,0,0.0435,0.0000,0.1026,0.0200,0.0000,0.0500,44,786,0.0560,0.0404,0.0722,145,39,0.2690,0.2028,0.3375
c-tune,60000-60099,hidden,E1 bands,site,yes,hard,after its answer (19 s),100,46,44,2,2,0,44,2,0,0,0.0435,0.0000,0.1026,0.0200,0.0000,0.0500,44,786,0.0560,0.0404,0.0722,145,39,0.2690,0.2028,0.3375
c-tune,60000-60099,hidden,E1 bands,site,no,hard,at arrival order (W2),100,214,179,35,3,32,179,3,32,0,0.1636,0.1229,0.2059,0.3500,0.2600,0.4500,179,786,0.2277,0.2020,0.2542,145,43,0.2966,0.2266,0.3688
c-tune,60000-60099,hidden,E1 bands,site,no,hard,after its answer (19 s),100,214,179,35,3,32,179,3,32,0,0.1636,0.1229,0.2059,0.3500,0.2600,0.4500,179,786,0.2277,0.2020,0.2542,145,43,0.2966,0.2266,0.3688
c-tune,60000-60099,hidden,E1 bands,family,yes,hard,at arrival order (W2),100,106,76,30,17,9,80,17,9,4,0.2830,0.1786,0.3909,0.3000,0.1700,0.4600,76,786,0.0967,0.0757,0.1187,145,40,0.2759,0.2071,0.3448
c-tune,60000-60099,hidden,E1 bands,family,yes,hard,after its answer (19 s),100,101,74,27,15,8,78,15,8,4,0.2673,0.1628,0.3778,0.2700,0.1500,0.4100,74,786,0.0941,0.0731,0.1163,145,40,0.2759,0.2071,0.3448
c-tune,60000-60099,hidden,E1 bands,family,no,hard,at arrival order (W2),100,328,238,90,38,45,245,38,45,7,0.2744,0.2257,0.3236,0.9000,0.7100,1.1100,238,786,0.3028,0.2733,0.3329,145,48,0.3310,0.2500,0.4133
c-tune,60000-60099,hidden,E1 bands,family,no,hard,after its answer (19 s),100,328,238,90,38,45,245,38,45,7,0.2744,0.2257,0.3236,0.9000,0.7100,1.1100,238,786,0.3028,0.2733,0.3329,145,48,0.3310,0.2500,0.4133
c-tune,60000-60099,hidden,E1 timing,site,yes,hard,at arrival order (W2),100,38,36,2,2,0,36,2,0,0,0.0526,0.0000,0.1250,0.0200,0.0000,0.0500,36,786,0.0458,0.0319,0.0604,145,33,0.2276,0.1655,0.2914
c-tune,60000-60099,hidden,E1 timing,site,yes,hard,after its answer (19 s),100,38,36,2,2,0,36,2,0,0,0.0526,0.0000,0.1250,0.0200,0.0000,0.0500,36,786,0.0458,0.0319,0.0604,145,33,0.2276,0.1655,0.2914
c-tune,60000-60099,hidden,E1 timing,site,no,hard,at arrival order (W2),100,164,136,28,3,25,136,3,25,0,0.1707,0.1243,0.2206,0.2800,0.2000,0.3700,136,786,0.1730,0.1481,0.1981,145,38,0.2621,0.1958,0.3311
c-tune,60000-60099,hidden,E1 timing,site,no,hard,after its answer (19 s),100,164,136,28,3,25,136,3,25,0,0.1707,0.1243,0.2206,0.2800,0.2000,0.3700,136,786,0.1730,0.1481,0.1981,145,38,0.2621,0.1958,0.3311
c-tune,60000-60099,hidden,E1 timing,family,yes,hard,at arrival order (W2),100,82,55,27,17,6,59,17,6,4,0.3293,0.1978,0.4545,0.2700,0.1400,0.4300,55,786,0.0700,0.0527,0.0886,145,33,0.2276,0.1655,0.2914
c-tune,60000-60099,hidden,E1 timing,family,yes,hard,after its answer (19 s),100,77,53,24,15,5,57,15,5,4,0.3117,0.1774,0.4462,0.2400,0.1200,0.3800,53,786,0.0674,0.0500,0.0861,145,33,0.2276,0.1655,0.2914
c-tune,60000-60099,hidden,E1 timing,family,no,hard,at arrival order (W2),100,310,220,90,38,45,227,38,45,7,0.2903,0.2407,0.3399,0.9000,0.7100,1.1100,220,786,0.2799,0.2509,0.3096,145,44,0.3034,0.2290,0.3803
c-tune,60000-60099,hidden,E1 timing,family,no,hard,after its answer (19 s),100,310,220,90,38,45,227,38,45,7,0.2903,0.2407,0.3399,0.9000,0.7100,1.1100,220,786,0.2799,0.2509,0.3096,145,44,0.3034,0.2290,0.3803
c-heldout,70000-70199,hidden,E1 kinds,site,yes,hard,at arrival order (W2),200,104,91,13,2,11,91,2,11,0,0.1250,0.0729,0.1818,0.0650,0.0350,0.0950,91,1516,0.0600,0.0496,0.0708,259,80,0.3089,0.2556,0.3636
c-heldout,70000-70199,hidden,E1 kinds,site,yes,hard,after its answer (19 s),200,104,91,13,2,11,91,2,11,0,0.1250,0.0729,0.1818,0.0650,0.0350,0.0950,91,1516,0.0600,0.0496,0.0708,259,80,0.3089,0.2556,0.3636
c-heldout,70000-70199,hidden,E1 kinds,site,no,hard,at arrival order (W2),200,524,419,105,25,76,423,25,76,4,0.2004,0.1677,0.2339,0.5250,0.4250,0.6300,419,1516,0.2764,0.2549,0.2980,259,82,0.3166,0.2636,0.3710
c-heldout,70000-70199,hidden,E1 kinds,site,no,hard,after its answer (19 s),200,524,419,105,25,76,423,25,76,4,0.2004,0.1677,0.2339,0.5250,0.4250,0.6300,419,1516,0.2764,0.2549,0.2980,259,82,0.3166,0.2636,0.3710
c-heldout,70000-70199,hidden,E1 kinds,family,yes,hard,at arrival order (W2),200,238,170,68,35,30,173,35,30,3,0.2857,0.2246,0.3456,0.3400,0.2500,0.4350,170,1516,0.1121,0.0972,0.1276,259,79,0.3050,0.2518,0.3602
c-heldout,70000-70199,hidden,E1 kinds,family,yes,hard,after its answer (19 s),200,227,166,61,32,27,168,32,27,2,0.2687,0.2085,0.3286,0.3050,0.2200,0.3950,166,1516,0.1095,0.0946,0.1249,259,79,0.3050,0.2518,0.3602
c-heldout,70000-70199,hidden,E1 kinds,family,no,hard,at arrival order (W2),200,772,515,257,149,99,524,149,99,9,0.3329,0.2973,0.3682,1.2850,1.1000,1.4750,515,1516,0.3397,0.3173,0.3623,259,92,0.3552,0.2996,0.4127
c-heldout,70000-70199,hidden,E1 kinds,family,no,hard,after its answer (19 s),200,772,516,256,149,99,524,149,99,8,0.3316,0.2960,0.3668,1.2800,1.0950,1.4700,516,1516,0.3404,0.3180,0.3629,259,92,0.3552,0.2996,0.4127
c-heldout,70000-70199,hidden,E1 bands,site,yes,hard,at arrival order (W2),200,79,68,11,2,9,68,2,9,0,0.1392,0.0804,0.2027,0.0550,0.0300,0.0800,68,1516,0.0449,0.0364,0.0536,259,62,0.2394,0.1954,0.2847
c-heldout,70000-70199,hidden,E1 bands,site,yes,hard,after its answer (19 s),200,79,68,11,2,9,68,2,9,0,0.1392,0.0804,0.2027,0.0550,0.0300,0.0800,68,1516,0.0449,0.0364,0.0536,259,62,0.2394,0.1954,0.2847
c-heldout,70000-70199,hidden,E1 bands,site,no,hard,at arrival order (W2),200,465,369,96,22,71,372,22,71,3,0.2065,0.1714,0.2430,0.4800,0.3850,0.5800,369,1516,0.2434,0.2227,0.2646,259,71,0.2741,0.2258,0.3234
c-heldout,70000-70199,hidden,E1 bands,site,no,hard,after its answer (19 s),200,465,369,96,22,71,372,22,71,3,0.2065,0.1714,0.2430,0.4800,0.3850,0.5800,369,1516,0.2434,0.2227,0.2646,259,71,0.2741,0.2258,0.3234
c-heldout,70000-70199,hidden,E1 bands,family,yes,hard,at arrival order (W2),200,189,131,58,32,24,133,32,24,2,0.3069,0.2384,0.3719,0.2900,0.2050,0.3750,131,1516,0.0864,0.0734,0.1000,259,61,0.2355,0.1912,0.2812
c-heldout,70000-70199,hidden,E1 bands,family,yes,hard,after its answer (19 s),200,180,128,52,30,21,129,30,21,1,0.2889,0.2200,0.3547,0.2600,0.1800,0.3450,128,1516,0.0844,0.0715,0.0981,259,61,0.2355,0.1912,0.2812
c-heldout,70000-70199,hidden,E1 bands,family,no,hard,at arrival order (W2),200,738,490,248,142,98,498,142,98,8,0.3360,0.2990,0.3727,1.2400,1.0550,1.4300,490,1516,0.3232,0.3010,0.3458,259,84,0.3243,0.2708,0.3802
c-heldout,70000-70199,hidden,E1 bands,family,no,hard,after its answer (19 s),200,737,491,246,141,98,498,141,98,7,0.3338,0.2970,0.3703,1.2300,1.0500,1.4200,491,1516,0.3239,0.3017,0.3464,259,84,0.3243,0.2708,0.3802
c-heldout,70000-70199,hidden,E1 timing,site,yes,hard,at arrival order (W2),200,57,49,8,2,6,49,2,6,0,0.1404,0.0702,0.2182,0.0400,0.0200,0.0650,49,1516,0.0323,0.0253,0.0398,259,48,0.1853,0.1469,0.2255
c-heldout,70000-70199,hidden,E1 timing,site,yes,hard,after its answer (19 s),200,57,49,8,2,6,49,2,6,0,0.1404,0.0702,0.2182,0.0400,0.0200,0.0650,49,1516,0.0323,0.0253,0.0398,259,48,0.1853,0.1469,0.2255
c-heldout,70000-70199,hidden,E1 timing,site,no,hard,at arrival order (W2),200,376,292,84,22,59,295,22,59,3,0.2234,0.1830,0.2645,0.4200,0.3300,0.5150,292,1516,0.1926,0.1747,0.2114,259,63,0.2432,0.1984,0.2896
c-heldout,70000-70199,hidden,E1 timing,site,no,hard,after its answer (19 s),200,376,292,84,22,59,295,22,59,3,0.2234,0.1830,0.2645,0.4200,0.3300,0.5150,292,1516,0.1926,0.1747,0.2114,259,63,0.2432,0.1984,0.2896
c-heldout,70000-70199,hidden,E1 timing,family,yes,hard,at arrival order (W2),200,128,80,48,32,14,82,32,14,2,0.3750,0.2869,0.4554,0.2400,0.1650,0.3200,80,1516,0.0528,0.0424,0.0636,259,48,0.1853,0.1463,0.2257
c-heldout,70000-70199,hidden,E1 timing,family,yes,hard,after its answer (19 s),200,122,78,44,30,13,79,30,13,1,0.3607,0.2703,0.4436,0.2200,0.1450,0.3000,78,1516,0.0515,0.0411,0.0624,259,48,0.1853,0.1463,0.2257
c-heldout,70000-70199,hidden,E1 timing,family,no,hard,at arrival order (W2),200,702,459,243,142,93,467,142,93,8,0.3462,0.3081,0.3841,1.2150,1.0350,1.4050,459,1516,0.3028,0.2817,0.3243,259,80,0.3089,0.2576,0.3633
c-heldout,70000-70199,hidden,E1 timing,family,no,hard,after its answer (19 s),200,701,460,241,141,93,467,141,93,7,0.3438,0.3058,0.3814,1.2050,1.0250,1.3950,460,1516,0.3034,0.2825,0.3249,259,80,0.3089,0.2576,0.3633
